#,Player,Team,Age,GP,W,L,MIN,PTS,FGM,FGA,FG%,3PM,3PA,3P%,FTM,FTA,FT%,OREB,DREB,REB,AST,TOV,STL,BLK,PF,FP,DD2,TD3,+/-
1,Nikola Jokic,DEN,26,72,47,25,34.6,26.4,10.2,18.0,56.6,1.3,3.3,38.8,4.8,5.5,86.8,2.8,8.0,10.8,8.3,3.1,1.3,0.7,2.7,54.7,60,16,5.3
2,Russell Westbrook,WAS,32,65,30,35,36.4,22.2,8.4,19.0,43.9,1.3,4.2,31.5,4.2,6.4,65.6,1.7,9.9,11.5,11.7,4.8,1.4,0.4,2.9,54.1,59,38,-1.4
3,Giannis Antetokounmpo,MIL,26,61,40,21,33.0,28.1,10.3,18.0,56.9,1.1,3.6,30.3,6.5,9.5,68.5,1.6,9.4,11.0,5.9,3.4,1.2,1.2,2.8,53.9,41,7,6.7
4,James Harden,BKN,31,44,31,13,36.6,24.6,7.8,16.7,46.6,2.8,7.6,36.2,6.3,7.3,86.1,0.8,7.1,7.9,10.8,4.0,1.2,0.8,2.3,52.1,32,12,2.3
5,Luka Doncic,DAL,22,66,40,26,34.3,27.7,9.8,20.5,47.9,2.9,8.3,35.0,5.2,7.1,73.0,0.8,7.2,8.0,8.6,4.3,1.0,0.5,2.3,50.5,26,11,2.5
6,Joel Embiid,PHI,27,51,39,12,31.1,28.5,9.0,17.6,51.3,1.1,3.0,37.7,9.2,10.7,85.9,2.2,8.4,10.6,2.8,3.1,1.0,1.4,2.4,49.3,31,0,7.9
7,Stephen Curry,GSW,33,63,37,26,34.2,32.0,10.4,21.7,48.2,5.3,12.7,42.1,5.7,6.3,91.6,0.5,5.0,5.5,5.8,3.4,1.2,0.1,1.9,47.9,8,0,3.9
8,LeBron James,LAL,36,45,30,15,33.4,25.0,9.4,18.3,51.3,2.3,6.3,36.5,4.0,5.7,69.8,0.6,7.0,7.7,7.8,3.7,1.1,0.6,1.6,47.0,18,5,6.4
9,Karl-Anthony Towns,MIN,25,50,19,31,33.8,24.8,8.5,17.5,48.6,2.4,6.3,38.7,5.3,6.2,85.9,2.7,7.9,10.6,4.5,3.2,0.8,1.1,3.7,46.8,33,0,0.2
10,Domantas Sabonis,IND,25,62,29,33,36.0,20.3,7.8,14.6,53.5,0.8,2.6,32.1,3.9,5.3,73.2,2.4,9.5,12.0,6.7,3.4,1.2,0.5,3.3,46.6,48,9,-1.5
12,Nikola Vucevic,CHI,30,70,26,44,33.5,23.4,9.5,19.9,47.7,2.5,6.3,40.0,1.9,2.2,84.0,2.1,9.6,11.7,3.8,1.8,0.9,0.7,2.0,46.2,48,2,-4.9
13,Damian Lillard,POR,30,67,39,28,35.8,28.8,9.0,19.9,45.1,4.1,10.5,39.1,6.7,7.2,92.8,0.5,3.7,4.2,7.5,3.0,0.9,0.3,1.5,45.7,16,0,3.0
14,Jimmy Butler,MIA,31,52,33,19,33.6,21.5,7.0,14.2,49.7,0.5,2.0,24.5,6.9,8.0,86.3,1.8,5.1,6.9,7.1,2.1,2.1,0.3,1.4,45.6,17,4,3.8
15,Kyrie Irving,BKN,29,54,36,18,34.9,26.9,10.2,20.1,50.6,2.8,7.0,40.2,3.7,4.0,92.2,1.0,3.8,4.8,6.0,2.4,1.4,0.7,2.6,45.5,8,0,4.2
16,Julius Randle,NYK,26,71,40,31,37.6,24.1,8.5,18.6,45.6,2.3,5.5,41.1,4.9,6.0,81.1,1.2,9.0,10.2,6.0,3.4,0.9,0.3,3.2,45.4,41,6,2.2
17,Bradley Beal,WAS,28,60,32,28,35.8,31.3,11.2,23.0,48.5,2.2,6.2,34.9,6.8,7.7,88.9,1.2,3.5,4.7,4.4,3.1,1.2,0.4,2.3,45.0,4,0,-0.1
18,Kawhi Leonard,LAC,30,52,36,16,34.1,24.8,8.9,17.5,51.2,1.9,4.9,39.8,5.0,5.7,88.5,1.1,5.4,6.5,5.2,2.0,1.6,0.4,1.6,44.2,9,0,8.6
19,Jayson Tatum,BOS,23,64,34,30,35.8,26.4,9.5,20.6,45.9,2.9,7.6,38.6,4.6,5.3,86.8,0.8,6.6,7.4,4.3,2.7,1.2,0.5,1.9,44.1,15,1,2.5
20,Zion Williamson,NOP,20,61,29,32,33.2,27.0,10.4,17.0,61.1,0.2,0.6,29.4,6.0,8.7,69.8,2.7,4.5,7.2,3.7,2.7,0.9,0.6,2.2,43.2,14,0,1.5
21,De'Aaron Fox,SAC,23,58,24,34,35.1,25.2,9.1,19.1,47.7,1.8,5.5,32.2,5.2,7.2,71.9,0.6,2.9,3.5,7.2,3.0,1.5,0.5,2.9,43.1,11,0,-3.4
22,Trae Young,ATL,22,63,36,27,33.7,25.3,7.7,17.7,43.8,2.2,6.3,34.3,7.7,8.7,88.6,0.6,3.3,3.9,9.4,4.1,0.8,0.2,1.8,43.1,28,0,4.2
24,Bam Adebayo,MIA,23,64,34,30,33.5,18.7,7.1,12.5,57.0,0.0,0.1,25.0,4.4,5.5,79.9,2.2,6.7,9.0,5.4,2.6,1.2,1.0,2.3,41.5,33,2,0.4
25,Zach LaVine,CHI,26,58,26,32,35.1,27.4,9.8,19.4,50.7,3.4,8.2,41.9,4.4,5.1,84.9,0.6,4.4,5.0,4.9,3.5,0.8,0.5,2.4,41.0,3,0,-0.2
26,Clint Capela,ATL,27,63,34,29,30.1,15.2,6.6,11.0,59.4,0.0,0.0,0.0,2.1,3.6,57.3,4.7,9.6,14.3,0.8,1.2,0.7,2.0,2.3,40.6,48,1,4.0
27,Donovan Mitchell,UTA,24,53,39,14,33.4,26.4,9.0,20.6,43.8,3.4,8.7,38.6,5.0,6.0,84.5,0.9,3.5,4.4,5.2,2.8,1.0,0.3,2.2,40.6,2,0,5.4
28,Paul George,LAC,31,54,38,16,33.7,23.3,8.2,17.6,46.7,3.2,7.7,41.1,3.7,4.2,86.8,0.8,5.8,6.6,5.2,3.3,1.1,0.4,2.4,40.5,9,0,8.0
29,Rudy Gobert,UTA,29,71,52,19,30.8,14.3,5.5,8.2,67.5,0.0,0.1,0.0,3.3,5.3,62.3,3.4,10.1,13.5,1.3,1.7,0.6,2.7,2.3,40.5,49,0,10.3
30,Pascal Siakam,TOR,27,56,21,35,35.8,21.4,7.8,17.2,45.5,1.3,4.4,29.7,4.4,5.4,82.7,1.7,5.5,7.2,4.5,2.3,1.1,0.7,3.1,39.8,13,1,2.3
32,Jaylen Brown,BOS,24,58,30,28,34.5,24.7,9.3,19.2,48.4,2.8,7.1,39.7,3.3,4.3,76.4,1.2,4.8,6.0,3.4,2.7,1.2,0.6,2.9,39.5,10,0,1.2
33,Fred VanVleet,TOR,27,52,22,30,36.5,19.6,6.5,16.7,38.9,3.3,9.2,36.6,3.3,3.7,88.5,0.6,3.6,4.2,6.3,1.8,1.7,0.7,2.3,39.5,5,0,2.7
34,Christian Wood,HOU,25,41,12,29,32.3,21.0,8.0,15.6,51.4,1.9,5.0,37.4,3.0,4.8,63.1,1.9,7.8,9.6,1.7,2.0,0.8,1.2,2.1,39.2,19,0,-2.4
35,DeMar DeRozan,SAS,31,61,27,34,33.7,21.6,7.5,15.1,49.5,0.3,1.2,25.7,6.3,7.2,88.0,0.7,3.6,4.2,6.9,2.0,0.9,0.2,2.1,38.6,13,0,-1.7
36,Brandon Ingram,NOP,23,61,29,32,34.3,23.8,8.4,18.0,46.6,2.3,6.1,38.1,4.6,5.2,87.8,0.6,4.3,4.9,4.9,2.5,0.7,0.6,2.0,38.2,4,0,0.7
37,Chris Paul,PHX,36,70,49,21,31.4,16.4,6.3,12.6,49.9,1.5,3.7,39.5,2.4,2.6,93.4,0.4,4.1,4.5,8.9,2.2,1.4,0.3,2.4,37.9,25,1,4.4
38,CJ McCollum,POR,29,47,28,19,34.0,23.1,8.6,18.8,45.8,3.6,8.9,40.2,2.3,2.8,81.2,0.6,3.3,3.9,4.7,1.4,0.9,0.4,1.9,37.7,2,0,4.4
39,Malcolm Brogdon,IND,28,56,27,29,34.5,21.2,7.9,17.5,45.3,2.6,6.7,38.8,2.7,3.2,86.4,1.0,4.2,5.3,5.9,2.1,0.9,0.3,2.0,37.7,6,0,-0.6
40,Jonas Valanciunas,MEM,29,62,32,30,28.3,17.1,7.1,12.0,59.2,0.3,0.9,36.8,2.5,3.3,77.3,4.1,8.4,12.5,1.8,1.6,0.6,0.9,2.9,37.6,49,0,2.2
41,Caris LeVert,IND,26,47,24,23,31.6,20.2,7.6,17.3,44.1,1.8,5.5,32.6,3.1,3.8,81.1,0.7,3.9,4.6,5.2,2.2,1.4,0.6,2.2,37.4,6,0,-0.1
42,Kristaps Porzingis,DAL,25,43,26,17,30.9,20.1,7.6,15.9,47.6,2.3,6.0,37.6,2.7,3.2,85.5,1.9,7.0,8.9,1.6,1.2,0.5,1.3,2.7,37.4,16,0,0.2
43,Devin Booker,PHX,24,67,48,19,33.9,25.6,9.3,19.2,48.4,1.9,5.5,34.0,5.1,5.9,86.7,0.5,3.7,4.2,4.3,3.1,0.8,0.2,2.7,37.1,1,0,4.9
44,Andre Drummond,LAL,27,46,19,27,27.0,14.9,6.1,12.4,49.3,0.0,0.2,0.0,2.7,4.5,60.0,3.6,8.4,12.0,2.0,2.7,1.4,1.1,3.2,37.0,28,0,-2.3
45,Ben Simmons,PHI,24,58,42,16,32.4,14.3,5.6,10.1,55.7,0.1,0.2,30.0,3.0,4.9,61.3,1.6,5.6,7.2,6.9,3.0,1.6,0.6,2.9,36.9,13,4,5.7
46,Jrue Holiday,MIL,31,59,41,18,32.3,17.7,7.0,13.9,50.3,1.9,4.8,39.2,1.8,2.3,78.7,1.2,3.3,4.5,6.1,2.2,1.6,0.6,1.7,36.9,10,0,6.4
47,Khris Middleton,MIL,29,68,45,23,33.4,20.4,7.5,15.8,47.6,2.2,5.4,41.4,3.1,3.5,89.8,0.8,5.2,6.0,5.4,2.6,1.1,0.1,2.4,36.7,10,0,4.3
48,John Wall,HOU,30,40,12,28,32.2,20.6,7.3,18.2,40.4,2.0,6.2,31.7,4.0,5.3,74.9,0.4,2.8,3.2,6.9,3.5,1.1,0.8,1.2,36.7,7,1,-4.2
49,Tobias Harris,PHI,28,62,44,18,32.5,19.5,7.6,14.9,51.2,1.3,3.4,39.4,2.9,3.3,89.2,1.0,5.8,6.8,3.5,1.7,0.9,0.8,1.9,36.4,11,0,5.2
51,Jamal Murray,DEN,24,48,31,17,35.5,21.2,7.9,16.5,47.7,2.7,6.6,40.8,2.8,3.2,86.9,0.8,3.3,4.0,4.8,2.3,1.3,0.3,2.0,35.8,1,0,6.3
52,Kyle Lowry,TOR,35,46,15,31,34.8,17.2,5.7,13.0,43.6,2.8,7.2,39.6,3.0,3.5,87.5,0.8,4.6,5.4,7.3,2.7,1.0,0.3,3.1,35.8,9,2,-0.1
53,Collin Sexton,CLE,22,60,18,42,35.3,24.3,8.8,18.4,47.5,1.6,4.4,37.1,5.2,6.4,81.5,1.0,2.2,3.1,4.4,2.8,1.0,0.2,2.6,35.4,1,0,-6.3
55,Dejounte Murray,SAS,24,67,32,35,31.9,15.7,6.6,14.5,45.3,0.9,3.0,31.7,1.6,2.0,79.1,0.9,6.2,7.1,5.4,1.7,1.5,0.1,2.0,35.4,13,4,1.3
56,Gordon Hayward,CHA,31,44,24,20,34.0,19.6,7.1,15.0,47.3,1.9,4.7,41.5,3.5,4.2,84.3,0.8,5.0,5.9,4.1,2.1,1.2,0.3,1.7,35.3,2,0,0.4
57,Jerami Grant,DET,27,54,15,39,33.9,22.3,7.4,17.3,42.9,2.1,6.1,35.0,5.4,6.4,84.5,0.6,4.0,4.6,2.8,2.0,0.6,1.1,2.3,35.2,3,0,-2.2
58,Ja Morant,MEM,21,63,33,30,32.6,19.1,6.8,15.2,44.9,1.2,3.8,30.3,4.3,5.9,72.8,0.9,3.1,4.0,7.4,3.2,0.9,0.2,1.4,35.1,14,1,1.7
59,Terry Rozier,CHA,27,69,32,37,34.5,20.4,7.4,16.4,45.0,3.2,8.3,38.9,2.4,2.9,81.7,0.7,3.7,4.4,4.2,1.9,1.3,0.4,1.7,35.1,5,0,-1.3
60,LaMelo Ball,CHA,19,51,23,28,28.8,15.7,5.7,13.2,43.6,1.8,5.1,35.2,2.5,3.2,75.8,1.2,4.7,5.9,6.1,2.8,1.6,0.4,2.7,35.0,7,1,-1.6
61,Kemba Walker,OKC,31,43,22,21,31.8,19.3,6.6,15.7,42.0,3.0,8.2,36.0,3.1,3.5,89.9,0.4,3.6,4.0,4.9,2.0,1.1,0.3,1.4,33.6,0,0,2.2
62,Draymond Green,GSW,31,63,35,28,31.5,7.0,2.7,6.0,44.7,0.5,2.0,27.0,1.1,1.4,79.5,0.9,6.2,7.1,8.9,3.0,1.7,0.8,3.1,33.4,17,6,3.8
63,Myles Turner,IND,25,47,22,25,31.0,12.6,4.4,9.2,47.7,1.5,4.4,33.5,2.4,3.0,78.2,1.3,5.2,6.5,1.0,1.4,0.9,3.4,3.5,33.2,7,0,0.5
64,Deandre Ayton,PHX,22,69,48,21,30.6,14.4,6.2,10.0,62.6,0.1,0.3,20.0,1.9,2.5,76.9,3.3,7.2,10.5,1.4,1.5,0.6,1.2,2.8,33.1,33,0,4.0
65,Michael Porter Jr.,DEN,23,61,40,21,31.3,19.0,7.3,13.4,54.2,2.8,6.3,44.5,1.7,2.2,79.1,1.5,5.8,7.3,1.1,1.3,0.7,0.9,2.1,32.9,15,0,5.9
66,Lonzo Ball,NOP,23,55,23,32,31.8,14.6,5.3,12.7,41.4,3.1,8.3,37.8,0.9,1.2,78.1,0.6,4.2,4.8,5.7,2.2,1.5,0.6,1.9,32.9,5,1,0.9
67,D'Angelo Russell,MIN,25,42,16,26,28.5,19.0,6.7,15.5,43.1,2.9,7.4,38.7,2.7,3.5,76.5,0.4,2.3,2.6,5.8,2.7,1.1,0.4,1.6,32.7,6,0,-4.6
68,Mike Conley,UTA,33,51,37,14,29.4,16.2,5.6,12.5,44.4,2.7,6.6,41.2,2.4,2.8,85.2,0.7,2.8,3.5,6.0,1.9,1.4,0.2,1.9,32.1,6,0,10.7
69,Richaun Holmes,SAC,27,61,29,32,29.2,14.2,6.0,9.4,63.7,0.0,0.2,18.2,2.2,2.8,79.4,2.4,5.9,8.3,1.7,1.2,0.6,1.6,3.5,32.1,21,0,0.1
70,Anthony Edwards,MIN,19,72,23,49,32.1,19.3,7.0,16.8,41.7,2.4,7.2,32.9,2.9,3.8,77.6,0.8,3.8,4.7,2.9,2.2,1.1,0.5,1.8,32.0,3,0,-3.2
71,Andrew Wiggins,GSW,26,71,38,33,33.3,18.6,7.1,14.9,47.7,2.0,5.2,38.0,2.4,3.4,71.4,1.2,3.7,4.9,2.4,1.8,0.9,1.0,2.2,32.0,3,0,0.0
73,John Collins,ATL,23,63,34,29,29.3,17.6,6.8,12.2,55.6,1.3,3.3,39.9,2.7,3.2,83.3,1.9,5.5,7.4,1.2,1.3,0.5,1.0,3.1,31.7,16,0,2.9
74,Jusuf Nurkic,POR,26,37,22,15,23.8,11.5,4.6,9.0,51.4,0.3,0.8,40.0,1.9,3.1,61.9,2.3,6.6,9.0,3.4,2.0,1.0,1.1,2.8,31.6,13,0,3.4
75,Jarrett Allen,CLE,23,63,20,43,29.6,12.8,4.7,7.7,61.8,0.1,0.3,31.6,3.2,4.6,70.3,3.1,6.9,10.0,1.7,1.6,0.5,1.4,1.5,31.6,25,0,-3.2
76,OG Anunoby,TOR,23,43,18,25,33.3,15.9,5.8,12.1,48.0,2.4,6.1,39.8,1.9,2.4,78.4,1.3,4.3,5.5,2.2,1.7,1.5,0.7,2.7,30.8,3,0,2.7
77,Harrison Barnes,SAC,29,58,25,33,36.2,16.1,5.5,11.1,49.7,1.7,4.4,39.1,3.4,4.1,83.0,1.1,5.5,6.6,3.5,1.6,0.7,0.2,1.3,30.4,6,0,-1.0
78,Darius Garland,CLE,21,54,18,36,33.1,17.4,6.7,14.9,45.1,1.9,4.9,39.5,2.1,2.4,84.8,0.4,2.0,2.4,6.1,3.0,1.2,0.1,2.0,30.4,6,0,-4.4
80,RJ Barrett,NYK,21,72,41,31,34.9,17.6,6.5,14.7,44.1,1.7,4.3,40.1,2.9,3.8,74.6,0.9,4.8,5.8,3.0,1.9,0.7,0.3,2.6,30.1,5,0,1.9
81,Mason Plumlee,DET,31,56,14,42,26.8,10.4,4.2,6.8,61.4,0.0,0.1,0.0,2.0,3.0,66.9,2.6,6.7,9.3,3.6,1.9,0.8,0.9,3.3,30.0,16,2,-2.7
82,Chris Boucher,TOR,28,60,25,35,24.2,13.6,4.8,9.3,51.4,1.5,3.9,38.3,2.5,3.2,78.8,2.0,4.8,6.7,1.1,0.8,0.6,1.9,2.8,29.8,12,0,1.6
83,Malik Beasley,MIN,24,37,8,29,32.8,19.6,7.1,16.2,44.0,3.5,8.7,39.9,1.8,2.2,85.0,0.8,3.6,4.4,2.4,1.6,0.8,0.2,1.7,29.8,0,0,-5.3
84,Buddy Hield,SAC,28,71,31,40,34.3,16.6,5.7,14.0,40.6,4.0,10.2,39.1,1.2,1.5,84.6,0.4,4.3,4.7,3.6,1.8,0.9,0.4,2.5,29.7,2,0,-0.8
85,Marcus Smart,BOS,27,48,24,24,32.9,13.1,4.2,10.6,39.8,1.9,5.9,33.0,2.7,3.4,79.0,0.8,2.7,3.5,5.7,2.0,1.5,0.5,2.6,29.7,3,0,1.9
86,Kelly Olynyk,HOU,30,70,26,44,28.5,13.5,4.8,10.0,48.4,1.8,5.3,34.2,2.1,2.5,82.9,1.2,5.7,7.0,2.9,1.8,1.1,0.6,3.0,29.6,12,0,-1.4
87,Dennis Schroder,LAL,27,61,38,23,32.1,15.4,5.4,12.5,43.7,1.2,3.5,33.5,3.4,4.0,84.8,0.5,3.0,3.5,5.8,2.7,1.1,0.2,2.6,29.6,6,0,1.4
88,Kyle Anderson,MEM,27,69,36,33,27.4,12.4,4.5,9.5,46.8,1.4,3.8,36.0,2.1,2.7,78.3,0.8,5.0,5.7,3.6,1.2,1.2,0.8,1.7,29.6,3,0,0.7
90,P.J. Washington,CHA,22,64,31,33,30.5,12.9,4.7,10.7,44.0,1.8,4.5,38.6,1.7,2.3,74.5,1.5,5.1,6.5,2.5,2.0,1.1,1.2,2.7,29.4,10,0,0.5
91,Thaddeus Young,CHI,33,68,30,38,24.3,12.1,5.4,9.7,55.9,0.2,0.7,26.7,1.0,1.7,62.8,2.5,3.8,6.2,4.3,2.0,1.1,0.6,2.2,29.0,7,0,2.1
92,Evan Fournier,BOS,28,42,18,24,30.0,17.1,5.9,12.9,45.7,2.8,6.7,41.3,2.6,3.3,78.8,0.2,2.8,3.0,3.4,1.7,1.1,0.5,2.3,28.9,0,0,-0.8
93,Bogdan Bogdanovic,ATL,28,44,30,14,29.7,16.4,6.1,12.8,47.3,3.3,7.6,43.8,0.9,1.0,90.9,0.5,3.2,3.6,3.3,1.2,1.1,0.3,2.3,28.7,0,0,2.5
94,Kelly Oubre Jr.,GSW,25,55,27,28,30.7,15.4,5.8,13.2,43.9,1.6,5.2,31.6,2.2,3.2,69.5,1.5,4.5,6.0,1.3,1.3,1.0,0.8,2.2,28.7,6,0,-3.5
95,Enes Kanter,POR,29,72,42,30,24.4,11.2,4.7,7.8,60.4,0.0,0.1,25.0,1.8,2.3,77.4,3.9,7.1,11.0,1.2,1.1,0.5,0.7,2.3,28.5,34,0,2.2
96,Tyrese Haliburton,SAC,21,58,25,33,30.1,13.0,5.0,10.7,47.2,2.1,5.1,40.9,0.8,1.0,85.7,0.7,2.3,3.0,5.3,1.6,1.3,0.5,1.4,28.4,5,0,-3.1
97,Jordan Clarkson,UTA,29,68,49,19,26.7,18.4,6.7,15.8,42.5,3.1,8.8,34.7,1.9,2.1,89.6,0.7,3.3,4.0,2.5,1.7,0.9,0.1,1.6,28.4,0,0,4.4
99,Norman Powell,POR,28,69,32,37,32.0,18.6,6.3,13.3,47.7,2.5,6.0,41.1,3.4,3.9,87.1,0.6,2.5,3.1,1.9,1.7,1.2,0.3,2.3,27.8,0,0,1.1
100,T.J. McConnell,IND,29,69,33,36,26.0,8.6,4.0,7.1,55.9,0.2,0.7,31.3,0.5,0.7,68.8,0.8,2.9,3.7,6.6,2.0,1.9,0.3,1.6,27.6,5,1,1.0
101,Devonte' Graham,CHA,26,55,23,32,30.2,14.8,4.6,12.2,37.7,3.3,8.7,37.5,2.4,2.9,84.2,0.4,2.3,2.7,5.4,1.5,0.9,0.1,1.4,27.5,3,0,1.8
102,Jakob Poeltl,SAS,25,69,32,37,26.7,8.6,3.8,6.2,61.6,0.0,0.0,0.0,0.9,1.8,50.8,3.2,4.8,7.9,1.9,1.2,0.7,1.8,2.5,27.2,15,0,1.6
103,Coby White,CHI,21,69,30,39,31.2,15.1,5.4,13.1,41.6,2.4,6.6,35.9,1.9,2.1,90.1,0.4,3.7,4.1,4.8,2.3,0.6,0.2,2.6,27.2,5,0,-1.6
104,Tyler Herro,MIA,21,54,29,25,30.3,15.1,5.7,12.9,43.9,2.0,5.5,36.0,1.7,2.2,80.3,0.5,4.5,5.0,3.4,1.9,0.6,0.3,1.3,27.2,5,0,-1.6
106,Dillon Brooks,MEM,25,67,36,31,29.8,17.2,6.4,15.4,41.9,1.9,5.6,34.4,2.4,2.9,81.5,0.8,2.1,2.9,2.3,1.8,1.2,0.4,3.5,27.1,0,0,2.3
107,Delon Wright,SAC,29,63,21,42,27.7,10.2,3.8,8.2,46.3,1.0,2.7,37.2,1.6,2.0,80.2,1.0,3.2,4.3,4.4,1.3,1.6,0.5,1.2,26.9,3,0,-1.7
108,Mikal Bridges,PHX,24,72,51,21,32.6,13.5,5.0,9.3,54.3,1.9,4.4,42.5,1.5,1.8,84.0,1.1,3.2,4.3,2.1,0.8,1.1,0.9,1.6,26.8,2,0,4.7
108,Wendell Carter Jr.,ORL,22,54,21,33,25.5,11.2,4.3,8.5,50.3,0.3,0.9,29.4,2.4,3.3,73.2,2.4,5.8,8.2,1.9,1.4,0.6,0.8,2.7,26.8,13,0,-4.5
111,Derrick Rose,NYK,32,50,28,22,25.6,14.7,5.7,12.2,47.0,1.0,2.6,38.8,2.2,2.5,86.6,0.4,2.2,2.6,4.2,1.6,1.0,0.4,1.1,26.6,1,0,2.7
115,Aaron Gordon,DEN,25,50,29,21,27.7,12.4,4.6,10.0,46.3,1.2,3.5,33.5,1.9,3.0,65.1,1.5,4.1,5.7,3.2,1.9,0.7,0.7,1.8,26.1,3,1,1.2
116,Marvin Bagley III,SAC,22,43,20,23,25.9,14.1,5.7,11.4,50.4,0.9,2.5,34.3,1.8,3.1,57.5,2.5,4.9,7.4,1.0,1.4,0.5,0.5,2.3,26.1,11,0,-2.0
117,Terrence Ross,ORL,30,46,16,30,29.3,15.6,5.5,13.4,41.2,1.9,5.7,33.7,2.6,3.0,87.0,0.3,3.1,3.4,2.3,1.6,1.0,0.5,1.9,26.1,0,0,-5.1
118,Miles Bridges,CHA,23,66,31,35,29.3,12.7,4.7,9.4,50.3,1.8,4.4,40.0,1.5,1.7,86.7,1.2,4.8,6.0,2.2,1.6,0.7,0.8,2.2,26.0,11,0,-0.1
119,Robert Covington,POR,30,70,42,28,32.0,8.5,2.9,7.3,40.1,1.9,5.1,37.9,0.7,0.9,80.6,0.9,5.8,6.7,1.7,0.9,1.4,1.2,2.8,26.0,6,0,2.9
120,Darius Bazley,OKC,21,55,16,39,31.2,13.7,5.0,12.5,39.6,1.5,5.2,29.0,2.3,3.2,70.2,0.9,6.3,7.2,1.8,2.2,0.5,0.5,1.1,25.8,11,0,-8.7
122,Robert Williams III,BOS,23,52,29,23,18.9,8.0,3.6,5.0,72.1,0.0,0.0,0.0,0.9,1.4,61.6,2.6,4.3,6.9,1.8,1.0,0.8,1.8,2.0,25.7,4,0,0.2
123,Montrezl Harrell,LAL,27,69,41,28,22.9,13.5,5.4,8.7,62.2,0.0,0.1,0.0,2.6,3.7,70.7,2.3,3.9,6.2,1.1,1.1,0.7,0.7,1.9,25.6,8,0,0.6
125,Cole Anthony,ORL,21,47,13,34,27.1,12.9,4.7,11.7,39.7,1.2,3.7,33.7,2.3,2.8,83.2,0.8,3.9,4.7,4.1,2.3,0.6,0.4,2.1,25.5,0,0,-6.9
128,Jae'Sean Tate,HOU,25,70,17,53,29.2,11.3,4.5,8.9,50.6,0.9,2.8,30.8,1.5,2.1,69.4,1.9,3.5,5.3,2.5,1.4,1.2,0.5,3.2,25.4,3,0,-2.7
129,Ricky Rubio,MIN,30,68,23,45,26.1,8.6,2.8,7.3,38.8,1.0,3.1,30.8,1.9,2.2,86.7,0.4,2.9,3.3,6.4,1.6,1.4,0.1,2.0,24.9,4,0,-2.7
130,Serge Ibaka,LAC,31,41,24,17,23.3,11.1,4.5,8.9,51.0,1.0,2.8,33.9,1.0,1.3,81.1,1.8,4.9,6.7,1.8,1.1,0.2,1.1,1.9,24.9,5,0,3.8
131,Bojan Bogdanovic,UTA,32,72,52,20,30.8,17.0,5.6,12.8,43.9,2.5,6.4,39.0,3.2,3.7,87.9,0.6,3.3,3.9,1.9,1.8,0.6,0.1,1.6,24.8,0,0,5.8
132,Kyle Kuzma,LAL,25,68,40,28,28.7,12.9,4.9,11.1,44.3,2.0,5.6,36.1,1.0,1.4,69.1,1.6,4.5,6.1,1.9,1.7,0.5,0.6,1.8,24.7,13,0,0.0
133,Will Barton,DEN,30,56,37,19,31.0,12.7,4.6,10.9,42.6,1.8,4.6,38.1,1.7,2.2,78.5,0.7,3.3,4.0,3.2,1.7,0.9,0.4,1.7,24.6,0,0,4.1
134,Donte DiVincenzo,MIL,24,66,44,22,27.5,10.4,3.8,9.1,42.0,2.0,5.2,37.9,0.8,1.1,71.8,1.2,4.5,5.8,3.1,1.4,1.1,0.2,1.7,24.5,5,0,4.6
135,Brandon Clarke,MEM,24,59,32,27,24.0,10.3,4.3,8.4,51.7,0.3,1.3,26.0,1.3,1.9,69.0,1.6,3.9,5.6,1.6,0.6,1.0,0.9,1.4,24.5,3,0,-0.3
136,Brook Lopez,MIL,33,70,46,24,27.2,12.3,4.6,9.1,50.3,1.4,4.0,33.8,1.7,2.0,84.5,1.5,3.5,5.0,0.7,0.9,0.6,1.5,2.1,24.5,3,0,4.5
137,Josh Hart,NOP,26,47,21,26,28.7,9.2,3.2,7.3,43.9,1.3,4.1,32.6,1.5,1.9,77.5,1.1,6.9,8.0,2.3,1.0,0.8,0.3,2.4,24.5,7,0,0.0
138,Kendrick Nunn,MIA,25,56,31,25,29.5,14.6,5.7,11.8,48.5,2.2,5.7,38.1,1.0,1.1,93.3,0.4,2.8,3.2,2.6,1.4,0.9,0.3,1.9,24.5,0,0,-0.1
139,Steven Adams,NOP,27,58,26,32,27.7,7.6,3.3,5.3,61.4,0.0,0.1,0.0,1.0,2.3,44.4,3.7,5.2,8.9,1.9,1.3,0.9,0.7,1.9,24.5,13,1,0.3
140,Kevin Huerter,ATL,22,69,40,29,30.8,11.9,4.6,10.6,43.2,2.0,5.6,36.3,0.7,0.9,78.1,0.6,2.8,3.3,3.5,1.1,1.2,0.3,2.4,24.4,3,0,1.0
141,Joe Ingles,UTA,33,67,47,20,27.9,12.1,4.1,8.4,48.9,2.7,6.1,45.1,1.1,1.3,84.4,0.4,3.2,3.6,4.7,1.7,0.7,0.2,1.8,24.4,2,0,6.8
142,Josh Jackson,DET,24,62,16,46,25.2,13.4,4.8,11.4,41.9,1.2,4.1,30.0,2.6,3.5,72.9,0.9,3.2,4.1,2.3,2.3,0.9,0.8,2.9,24.3,2,0,-2.0
143,Keldon Johnson,SAS,21,69,32,37,28.5,12.8,4.9,10.2,47.9,0.9,2.6,33.1,2.1,2.8,74.0,1.3,4.6,6.0,1.8,1.1,0.6,0.3,2.1,24.2,8,0,-2.5
144,Bobby Portis,MIL,26,66,44,22,20.8,11.4,4.7,9.1,52.3,1.1,2.4,47.1,0.8,1.1,74.0,1.9,5.2,7.1,1.1,0.8,0.8,0.4,1.7,24.2,12,0,2.1
145,Goran Dragic,MIA,35,50,30,20,26.7,13.4,4.8,11.1,43.2,1.8,4.9,37.3,2.0,2.4,82.8,0.5,2.9,3.4,4.4,2.4,0.7,0.2,2.3,24.2,1,0,0.8
146,Tim Hardaway Jr.,DAL,29,70,42,28,28.4,16.6,5.8,13.0,44.7,3.0,7.6,39.1,2.0,2.5,81.6,0.3,3.0,3.3,1.8,0.9,0.4,0.2,1.6,24.1,0,0,1.0
147,Moses Brown,BOS,21,43,8,35,21.4,8.6,3.4,6.2,54.5,0.0,0.0,0.0,1.8,2.9,61.9,3.6,5.3,8.9,0.2,1.0,0.7,1.1,2.2,24.1,12,0,-8.4
148,Rui Hachimura,WAS,23,57,29,28,31.5,13.8,5.4,11.4,47.8,0.8,2.4,32.8,2.2,2.8,77.0,0.9,4.6,5.5,1.4,1.2,0.8,0.1,2.1,24.1,3,0,-1.9
150,Eric Bledsoe,NOP,31,71,31,40,29.7,12.2,4.3,10.3,42.1,1.7,5.0,34.1,1.9,2.7,68.7,0.4,3.0,3.4,3.8,1.6,0.8,0.3,1.6,23.8,4,0,-0.9
151,Alec Burks,NYK,29,49,27,22,25.6,12.7,4.3,10.2,42.0,2.1,5.0,41.5,2.1,2.4,85.6,0.4,4.2,4.6,2.2,1.0,0.6,0.3,2.1,23.3,3,0,2.6
152,Gary Trent Jr.,TOR,22,58,29,29,31.1,15.3,5.5,13.5,40.8,2.8,7.4,38.5,1.4,1.8,78.3,0.5,2.2,2.6,1.4,0.7,1.0,0.2,1.6,23.2,0,0,-1.0
153,Blake Griffin,BKN,32,46,24,22,25.8,11.0,3.8,8.9,42.3,1.5,4.5,34.1,1.9,2.5,74.4,0.8,4.1,4.9,3.0,1.3,0.7,0.3,2.4,23.1,2,0,1.3
154,Hamidou Diallo,DET,22,52,18,34,23.6,11.6,4.3,9.0,47.7,0.5,1.6,34.1,2.5,3.8,64.0,1.1,4.1,5.2,1.9,1.5,0.8,0.5,2.6,23.1,7,0,-3.7
155,Luguentz Dort,OKC,22,52,18,34,29.7,14.0,4.8,12.3,38.7,2.2,6.3,34.3,2.3,3.2,74.4,0.7,2.9,3.6,1.7,1.5,0.9,0.4,2.6,23.1,0,0,-4.8
156,Joe Harris,BKN,29,69,45,24,31.0,14.1,5.2,10.2,50.5,3.1,6.4,47.5,0.7,0.9,77.8,0.6,3.0,3.6,1.9,0.9,0.7,0.2,2.0,23.0,0,0,5.1
157,Josh Richardson,DAL,27,59,35,24,30.3,12.1,4.5,10.5,42.7,1.5,4.5,33.0,1.7,1.8,91.7,0.9,2.4,3.3,2.6,1.3,1.0,0.4,2.2,23.0,0,0,-0.8
159,Lauri Markkanen,CHI,24,51,20,31,25.8,13.6,4.9,10.2,48.0,2.3,5.8,40.2,1.5,1.8,82.6,0.7,4.6,5.3,0.9,1.0,0.5,0.3,1.5,22.6,2,0,-0.9
160,Nerlens Noel,NYK,27,64,35,29,24.2,5.1,2.1,3.5,61.4,0.0,0.0,0.0,0.8,1.1,71.4,2.2,4.1,6.4,0.7,1.0,1.1,2.2,2.8,22.6,2,0,0.0
161,Jalen Brunson,DAL,24,68,40,28,25.0,12.6,4.8,9.2,52.3,1.2,2.9,40.5,1.8,2.2,79.5,0.4,3.0,3.4,3.5,1.2,0.5,0.0,1.6,22.4,1,0,2.4
163,Rudy Gay,SAS,34,63,29,34,21.6,11.4,4.2,10.0,42.0,1.7,4.4,38.1,1.3,1.6,80.4,0.7,4.1,4.8,1.4,1.0,0.7,0.6,1.8,22.2,1,0,2.1
164,Daniel Theis,CHI,29,65,28,37,24.6,9.6,3.9,7.2,54.1,0.8,2.3,32.2,1.1,1.7,67.3,1.4,4.0,5.5,1.7,1.0,0.6,0.9,2.6,22.2,6,0,-0.5
165,Carmelo Anthony,POR,37,69,39,30,24.5,13.4,4.7,11.3,42.1,1.9,4.7,40.9,2.0,2.2,89.0,0.5,2.6,3.1,1.5,0.9,0.7,0.6,2.1,22.1,0,0,-0.3
167,DeMarcus Cousins,LAC,30,41,22,19,17.4,8.9,3.2,7.4,42.6,1.1,3.3,34.8,1.4,2.0,72.8,1.3,5.1,6.4,1.9,1.6,0.8,0.6,2.6,22.1,7,0,-1.5
169,Danny Green,PHI,34,69,46,23,28.0,9.5,3.2,7.9,41.2,2.5,6.3,40.5,0.4,0.6,77.5,0.8,3.0,3.8,1.7,1.0,1.3,0.8,1.8,22.0,1,0,4.5
170,Ivica Zubac,LAC,24,72,47,25,22.3,9.0,3.6,5.5,65.2,0.0,0.1,25.0,1.9,2.4,78.9,2.6,4.6,7.2,1.3,1.1,0.3,0.9,2.6,22.0,13,0,2.5
171,Naz Reid,MIN,21,70,22,48,19.2,11.2,4.3,8.3,52.3,0.9,2.5,35.1,1.6,2.4,69.3,1.2,3.4,4.6,1.0,1.0,0.5,1.1,2.6,22.0,1,0,-4.2
172,Cody Zeller,CHA,28,48,21,27,20.9,9.4,3.8,6.8,55.9,0.1,0.6,14.3,1.8,2.5,71.4,2.5,4.4,6.8,1.8,1.1,0.6,0.4,2.5,22.0,8,0,0.9
173,Danilo Gallinari,ATL,32,51,29,22,24.0,13.3,4.0,9.3,43.4,2.0,5.0,40.6,3.2,3.4,92.5,0.3,3.8,4.1,1.5,0.8,0.6,0.2,2.1,22.0,2,0,1.8
174,Dorian Finney-Smith,DAL,28,60,36,24,32.0,9.8,3.7,7.8,47.2,2.0,5.0,39.4,0.5,0.7,75.6,1.6,3.8,5.4,1.7,0.8,0.9,0.4,2.3,22.0,1,0,3.3
175,DeAndre Jordan,BKN,32,57,37,20,21.9,7.5,3.3,4.4,76.3,0.0,0.0,0.0,0.8,1.6,50.0,2.1,5.4,7.5,1.6,1.5,0.3,1.1,2.0,21.7,6,0,-0.7
176,Isaiah Stewart,DET,20,68,20,48,21.4,7.9,3.3,6.0,55.3,0.3,0.9,33.3,0.9,1.4,69.6,2.3,4.3,6.7,0.9,1.0,0.6,1.3,2.7,21.7,8,0,-0.9
177,Saddiq Bey,DET,22,70,19,51,27.3,12.2,4.0,9.9,40.4,2.5,6.6,38.0,1.8,2.1,84.4,0.6,3.9,4.5,1.4,0.9,0.7,0.2,1.6,21.7,3,0,-3.0
178,Jae Crowder,PHX,30,60,42,18,27.5,10.1,3.3,8.2,40.4,2.5,6.3,38.9,1.0,1.3,76.0,0.5,4.2,4.7,2.1,0.9,0.8,0.5,2.1,21.7,0,0,3.6
179,Royce O'Neale,UTA,28,71,51,20,31.6,7.0,2.5,5.5,44.4,1.5,3.9,38.5,0.5,0.6,84.8,1.2,5.6,6.8,2.5,1.2,0.8,0.5,2.6,21.6,3,0,6.6
181,James Wiseman,GSW,20,39,18,21,21.4,11.5,4.9,9.4,51.9,0.3,1.0,31.6,1.4,2.2,62.8,1.4,4.4,5.8,0.7,1.5,0.3,0.9,3.1,21.5,3,0,-4.7
182,Shake Milton,PHI,24,63,46,17,23.2,13.0,4.8,10.6,45.0,1.1,3.2,35.0,2.3,2.8,83.0,0.5,1.8,2.3,3.1,1.6,0.6,0.3,2.1,21.5,0,0,2.1
183,Marcus Morris Sr.,LAC,31,57,38,19,26.3,13.4,4.8,10.2,47.3,2.5,5.2,47.3,1.3,1.6,82.0,0.6,3.5,4.1,1.0,1.0,0.6,0.3,2.1,21.5,0,0,2.3
184,Duncan Robinson,MIA,27,72,40,32,31.4,13.1,4.4,10.0,43.9,3.5,8.5,40.8,0.9,1.0,82.7,0.1,3.4,3.5,1.8,1.1,0.6,0.3,2.5,21.4,1,0,1.6
185,Justin Holiday,IND,32,72,34,38,30.3,10.5,3.6,8.7,41.3,2.4,6.3,38.2,0.9,1.2,78.8,0.4,3.1,3.6,1.7,0.8,1.0,0.6,1.9,21.3,0,0,-0.6
186,Kenyon Martin Jr.,HOU,20,45,10,35,23.7,9.3,3.6,7.1,50.9,0.8,2.1,36.5,1.3,1.9,71.4,1.6,3.8,5.4,1.1,0.8,0.7,0.9,2.0,21.3,4,0,-6.3
187,Tristan Thompson,BOS,30,54,27,27,23.8,7.6,3.1,6.0,51.8,0.0,0.1,0.0,1.3,2.2,59.2,3.1,5.0,8.1,1.2,1.1,0.4,0.6,2.2,21.2,5,0,0.4
188,Nickeil Alexander-Walker,NOP,22,46,20,26,21.9,11.0,4.2,10.0,41.9,1.7,4.8,34.7,1.0,1.4,72.7,0.3,2.8,3.1,2.2,1.5,1.0,0.5,1.9,21.1,0,0,-1.1
189,Seth Curry,PHI,30,57,39,18,28.7,12.5,4.5,9.7,46.7,2.2,4.9,45.0,1.2,1.4,89.6,0.2,2.2,2.4,2.7,1.1,0.8,0.1,1.7,21.0,0,0,5.6
190,Nicolas Batum,LAC,32,67,44,23,27.4,8.1,2.9,6.1,46.4,1.6,4.1,40.4,0.7,0.9,82.8,0.7,4.0,4.7,2.2,0.8,1.0,0.6,1.5,21.0,1,0,5.1
191,Paul Millsap,DEN,36,56,38,18,20.8,9.0,3.4,7.2,47.6,0.9,2.6,34.3,1.3,1.8,72.4,1.4,3.3,4.7,1.8,0.9,0.9,0.6,2.0,21.0,2,0,1.8
193,Bruce Brown,BKN,24,65,45,20,22.3,8.8,3.6,6.5,55.6,0.3,0.9,28.8,1.3,1.8,73.5,1.7,3.7,5.4,1.6,0.8,0.9,0.4,2.2,20.8,6,0,1.1
194,Dwight Howard,PHI,35,69,46,23,17.3,7.0,2.6,4.4,58.7,0.1,0.3,25.0,1.8,3.0,57.6,2.8,5.7,8.4,0.9,1.6,0.4,0.9,2.9,20.8,12,0,-1.0
195,Cedi Osman,CLE,26,59,17,42,25.6,10.4,3.7,9.9,37.4,1.7,5.5,30.6,1.3,1.6,80.0,0.6,2.8,3.4,2.9,1.4,0.9,0.2,2.0,20.7,2,0,-5.5
196,Isaiah Roby,OKC,23,61,19,42,23.4,8.7,3.4,7.0,48.3,0.5,1.8,29.4,1.4,1.9,74.4,1.5,4.1,5.6,1.8,1.9,0.9,0.6,2.7,20.6,3,0,-7.2
197,De'Anthony Melton,MEM,23,52,27,25,20.1,9.1,3.3,7.6,43.8,1.7,4.1,41.2,0.8,1.0,80.4,0.6,2.5,3.1,2.5,1.3,1.2,0.6,1.6,20.6,1,0,2.3
200,Theo Maledon,OKC,20,65,20,45,27.3,10.1,3.5,9.4,36.8,1.6,4.8,33.5,1.6,2.1,74.8,0.4,2.9,3.2,3.5,2.2,0.9,0.2,1.9,20.2,1,0,-9.6
201,Elfrid Payton,NYK,27,63,36,27,23.6,10.1,4.3,9.9,43.2,0.4,1.6,28.6,1.2,1.7,68.2,1.0,2.4,3.4,3.2,1.6,0.7,0.1,1.8,20.1,0,0,-1.6
202,Patrick Williams,CHI,19,71,30,41,27.9,9.2,3.6,7.4,48.3,0.8,1.9,39.1,1.3,1.8,72.8,0.9,3.7,4.6,1.4,1.4,0.9,0.6,1.8,20.1,3,0,-4.1
203,Willy Hernangomez,NOP,27,47,20,27,18.0,7.8,3.2,5.7,56.3,0.0,0.2,10.0,1.3,2.0,66.7,2.5,4.6,7.1,1.1,0.7,0.5,0.5,1.4,20.0,11,0,-0.3
204,Jeff Green,BKN,34,68,44,24,27.0,11.0,3.8,7.8,49.2,1.5,3.7,41.2,1.8,2.4,77.6,0.5,3.4,3.9,1.6,0.8,0.5,0.4,1.8,20.0,0,0,1.7
206,Grayson Allen,MEM,25,50,26,24,25.2,10.6,3.5,8.3,41.8,2.1,5.5,39.1,1.6,1.8,86.8,0.4,2.8,3.2,2.2,1.0,0.9,0.2,1.4,20.0,0,0,0.2
207,Doug McDermott,IND,29,66,32,34,24.5,13.6,5.4,10.1,53.2,1.7,4.3,38.8,1.2,1.5,81.6,0.9,2.4,3.3,1.3,0.8,0.3,0.1,1.8,20.0,0,0,-0.7
208,Mo Bamba,ORL,23,46,11,35,15.8,8.0,3.1,6.5,47.2,0.8,2.6,32.2,1.0,1.4,68.2,1.7,4.1,5.8,0.8,0.8,0.3,1.3,1.9,19.9,4,0,-4.4
209,Khem Birch,TOR,28,67,23,44,22.8,7.2,2.8,5.7,49.7,0.2,0.8,25.0,1.4,1.9,70.5,2.6,3.2,5.8,1.3,0.7,0.7,0.7,1.7,19.8,6,0,-1.9
210,Chuma Okeke,ORL,22,45,15,30,25.2,7.8,3.0,7.2,41.7,1.1,3.1,34.8,0.7,0.9,75.0,0.9,3.1,4.0,2.2,0.8,1.1,0.5,1.1,19.8,0,0,-4.0
211,Monte Morris,DEN,26,47,30,17,25.5,10.2,4.0,8.2,48.1,1.1,2.9,38.1,1.2,1.6,79.5,0.2,1.8,2.0,3.2,0.7,0.7,0.3,1.0,19.7,0,0,3.3
212,Reggie Jackson,LAC,31,67,43,24,23.0,10.7,3.9,8.7,45.0,1.8,4.2,43.3,1.0,1.2,81.7,0.4,2.5,2.9,3.1,1.1,0.6,0.1,1.9,19.7,0,0,3.7
213,Lou Williams,ATL,34,66,44,22,21.6,11.3,4.0,9.8,41.0,1.0,2.6,39.9,2.3,2.6,86.7,0.3,1.8,2.1,3.4,1.6,0.7,0.1,0.9,19.7,2,0,1.2
216,Reggie Bullock,NYK,30,65,38,27,30.0,10.9,3.8,8.6,44.2,2.5,6.1,41.0,0.8,0.8,90.9,0.2,3.2,3.4,1.5,0.7,0.8,0.2,2.2,19.5,0,0,1.6
218,Taurean Prince,CLE,27,41,15,26,22.1,9.5,3.2,8.0,40.1,1.5,3.8,40.0,1.6,1.9,85.5,0.5,3.0,3.5,1.9,1.1,0.7,0.6,1.8,19.0,0,0,-3.1
220,Aleksej Pokusevski,OKC,19,45,13,32,24.2,8.2,3.1,9.1,34.1,1.3,4.6,28.0,0.7,0.9,73.8,0.7,4.0,4.7,2.2,2.2,0.4,0.9,1.3,19.0,1,0,-8.7
222,Cory Joseph,DET,29,63,25,38,23.0,8.2,3.2,6.8,46.9,0.7,2.1,34.1,1.1,1.4,81.8,0.6,2.0,2.5,3.4,1.3,1.0,0.3,2.2,18.8,2,0,-3.1
223,Ish Smith,WAS,32,44,23,21,21.0,6.7,2.9,6.8,43.4,0.4,1.1,36.7,0.4,0.8,57.6,0.5,2.9,3.4,3.9,0.9,0.7,0.3,1.4,18.8,0,0,1.2
224,Tomas Satoransky,CHI,29,58,25,33,22.5,7.7,2.9,5.7,51.4,0.7,2.0,35.6,1.2,1.4,84.8,0.5,1.9,2.4,4.7,1.7,0.7,0.2,1.5,18.8,1,0,0.0
225,Isaac Okoro,CLE,20,67,20,47,32.4,9.6,3.5,8.3,42.0,0.9,3.2,29.0,1.7,2.3,72.6,1.0,2.1,3.1,1.9,1.3,0.9,0.4,2.8,18.8,1,0,-6.1
226,Kentavious Caldwell-Pope,LAL,28,67,39,28,28.4,9.7,3.3,7.6,43.1,1.8,4.4,41.0,1.4,1.7,86.6,0.4,2.3,2.7,1.9,1.0,0.9,0.4,1.7,18.8,1,0,2.1
228,Talen Horton-Tucker,LAL,20,65,39,26,20.1,9.0,3.4,7.5,45.8,0.6,2.0,28.2,1.5,2.0,77.5,0.4,2.2,2.6,2.8,1.6,1.0,0.3,2.0,18.6,4,0,0.2
229,Kenrich Williams,OKC,26,66,21,45,21.6,8.0,3.3,6.2,53.3,0.8,1.8,44.4,0.5,1.0,57.1,1.3,2.9,4.1,2.3,1.2,0.8,0.3,2.2,18.5,0,0,-2.7
231,Jarred Vanderbilt,MIN,22,64,18,46,17.8,5.4,2.2,3.7,60.6,0.0,0.1,20.0,0.9,1.6,55.9,1.8,3.9,5.8,1.2,0.8,1.0,0.7,1.9,18.4,3,0,-0.8
232,Cameron Payne,PHX,26,60,42,18,18.0,8.4,3.2,6.6,48.4,1.2,2.8,44.0,0.8,0.9,89.3,0.3,2.1,2.4,3.6,1.0,0.6,0.3,1.6,18.3,1,0,3.0
233,JaVale McGee,DEN,33,46,21,25,14.7,7.3,3.1,6.1,51.1,0.1,0.5,20.8,1.0,1.5,65.7,1.7,3.5,5.2,0.8,1.3,0.4,1.2,2.6,18.3,1,0,-1.9
235,Maxi Kleber,DAL,29,50,31,19,26.8,7.1,2.3,5.5,42.2,1.7,4.2,41.0,0.7,0.7,91.9,0.9,4.3,5.2,1.4,0.6,0.5,0.7,2.1,18.3,0,0,2.7
236,Davis Bertans,WAS,28,57,29,28,25.7,11.5,3.4,8.4,40.4,3.0,7.5,39.5,1.8,2.0,87.0,0.3,2.6,2.9,0.9,0.6,0.6,0.2,2.4,18.2,0,0,1.9
237,Patrick Beverley,LAC,32,37,25,12,22.5,7.5,2.5,5.9,42.3,1.5,3.8,39.7,1.0,1.2,80.0,0.8,2.4,3.2,2.1,0.9,0.8,0.8,2.9,18.2,0,0,4.0
238,Jordan Poole,GSW,22,51,28,23,19.4,12.0,4.0,9.3,43.2,1.9,5.4,35.1,2.1,2.3,88.2,0.3,1.5,1.8,1.9,1.0,0.5,0.2,1.7,18.1,0,0,0.6
239,James Johnson,NOP,34,51,21,30,20.5,7.2,2.9,6.4,44.6,0.6,2.4,25.8,0.9,1.5,59.2,0.6,2.8,3.5,1.9,1.1,0.8,0.8,2.4,18.1,0,0,-2.5
240,Taj Gibson,NYK,36,45,29,16,20.8,5.4,2.2,3.5,62.7,0.1,0.3,20.0,0.9,1.2,72.7,2.2,3.4,5.6,0.8,0.5,0.7,1.1,2.2,18.1,0,0,2.9
241,Dwayne Bacon,ORL,25,72,21,51,25.7,10.9,4.1,10.1,40.2,0.8,2.9,28.5,2.0,2.4,82.4,0.4,2.7,3.1,1.3,0.6,0.6,0.1,1.4,18.1,0,0,-6.2
242,Immanuel Quickley,NYK,22,64,37,27,19.4,11.4,3.6,9.1,39.5,1.8,4.7,38.9,2.4,2.7,89.1,0.4,1.8,2.1,2.0,0.9,0.5,0.2,1.8,18.0,0,0,2.8
244,Malik Monk,CHA,23,42,19,23,20.9,11.7,4.1,9.5,43.4,2.0,5.0,40.1,1.4,1.7,81.9,0.3,2.1,2.4,2.1,1.3,0.5,0.1,1.1,18.0,0,0,0.8
245,Raul Neto,WAS,29,64,30,34,21.9,8.7,3.3,7.0,46.8,1.0,2.6,39.0,1.2,1.3,88.2,0.4,2.0,2.4,2.3,0.8,1.1,0.1,1.7,17.9,0,0,-0.3
246,Lonnie Walker IV,SAS,22,60,28,32,25.4,11.2,4.3,10.2,42.0,1.7,4.7,35.5,1.0,1.2,81.4,0.2,2.4,2.6,1.7,1.1,0.5,0.3,1.7,17.9,0,0,-3.5
247,Juan Toscano-Anderson,GSW,28,53,28,25,20.9,5.7,2.3,3.9,57.9,0.7,1.7,40.2,0.4,0.6,71.0,0.5,3.9,4.4,2.8,1.2,0.8,0.5,2.1,17.9,0,0,1.8
248,Daniel Gafford,WAS,22,54,31,23,14.7,7.0,2.9,4.2,68.4,0.0,0.0,0.0,1.3,2.0,66.7,1.7,2.5,4.3,0.5,0.8,0.5,1.4,1.8,17.8,2,0,0.9
250,Tony Bradley,OKC,23,42,15,27,16.3,7.1,3.1,4.7,66.5,0.0,0.1,0.0,0.9,1.3,69.1,2.0,3.7,5.7,0.9,0.8,0.4,0.7,1.5,17.7,3,0,-0.4
252,Sterling Brown,HOU,26,51,14,37,24.1,8.2,2.9,6.6,44.8,1.8,4.2,42.3,0.5,0.6,80.6,0.7,3.6,4.4,1.4,0.8,0.7,0.2,1.9,17.7,2,0,-3.0
253,Cameron Johnson,PHX,25,60,43,17,24.0,9.6,3.4,8.1,42.0,2.0,5.6,34.9,0.8,1.0,84.7,0.6,2.8,3.3,1.4,0.7,0.6,0.3,1.4,17.7,0,0,2.9
254,James Ennis III,ORL,30,41,12,29,24.1,8.4,2.8,5.9,47.3,1.1,2.5,43.3,1.7,2.1,80.5,1.0,3.0,4.0,1.5,0.9,0.8,0.2,2.0,17.5,1,0,-1.8
256,Patty Mills,SAS,32,68,31,37,24.8,10.8,3.7,9.0,41.2,2.4,6.3,37.5,1.0,1.1,91.0,0.3,1.4,1.7,2.4,1.0,0.6,0.0,1.2,17.5,0,0,0.4
257,Gary Harris,ORL,26,39,15,24,27.7,9.9,3.5,8.8,40.0,1.2,3.6,34.0,1.6,2.0,82.1,0.5,1.5,2.0,2.0,0.9,0.7,0.3,1.8,17.4,0,0,-2.1
259,Garrett Temple,CHI,35,56,25,31,27.3,7.6,2.8,6.8,41.5,1.2,3.6,33.5,0.7,0.9,80.0,0.5,2.3,2.9,2.2,1.0,0.8,0.5,2.3,17.2,0,0,0.9
260,Desmond Bane,MEM,23,68,36,32,22.3,9.2,3.4,7.3,46.9,1.7,4.0,43.2,0.6,0.7,81.6,0.5,2.6,3.1,1.7,0.9,0.6,0.2,1.8,17.1,0,0,0.2
261,Facundo Campazzo,DEN,30,65,43,22,21.9,6.1,1.8,4.8,38.1,1.2,3.3,35.2,1.2,1.4,87.9,0.3,1.7,2.1,3.6,1.1,1.2,0.2,2.0,17.1,1,0,1.2
262,PJ Dozier,DEN,24,50,36,14,21.8,7.7,3.0,7.1,41.7,0.9,3.0,31.5,0.8,1.3,63.6,0.7,2.9,3.6,1.8,0.9,0.6,0.4,1.7,17.1,0,0,3.9
263,Kent Bazemore,GSW,31,67,35,32,19.9,7.2,2.6,5.9,44.9,1.1,2.7,40.8,0.8,1.2,69.2,0.4,3.0,3.4,1.6,1.2,1.0,0.5,2.4,17.0,1,0,2.5
264,Marc Gasol,LAL,36,52,32,20,19.1,5.0,1.7,3.7,45.4,1.0,2.3,41.0,0.7,1.0,72.0,0.7,3.4,4.1,2.1,1.0,0.5,1.1,2.2,17.0,0,0,1.7
265,Pat Connaughton,MIL,28,69,44,25,22.8,6.8,2.4,5.6,43.4,1.5,3.9,37.1,0.4,0.6,77.5,0.9,3.9,4.8,1.2,0.5,0.7,0.3,1.4,17.0,0,0,3.2
267,Derrick Favors,UTA,29,68,49,19,15.3,5.4,2.3,3.6,63.8,0.0,0.0,0.0,0.9,1.2,73.8,2.0,3.5,5.5,0.6,0.5,0.5,1.0,2.1,16.9,1,0,0.5
268,Xavier Tillman,MEM,22,59,31,28,18.4,6.6,2.8,5.1,55.9,0.4,1.1,33.8,0.6,0.9,64.2,1.3,3.1,4.3,1.3,0.8,0.7,0.6,2.0,16.9,2,0,0.6
270,Alex Caruso,LAL,27,58,32,26,21.0,6.4,2.3,5.3,43.6,0.9,2.4,40.1,0.8,1.3,64.5,0.5,2.4,2.9,2.8,1.3,1.1,0.3,1.9,16.8,0,0,2.1
271,Malachi Flynn,TOR,23,47,21,26,19.7,7.5,2.7,7.2,37.4,1.1,3.6,32.1,1.0,1.2,80.4,0.2,2.3,2.5,2.9,0.9,0.8,0.1,1.4,16.8,1,0,-2.1
272,JaMychal Green,DEN,31,58,38,20,19.3,8.1,3.0,6.4,46.3,1.4,3.4,39.9,0.8,1.0,80.7,1.5,3.3,4.8,0.9,0.9,0.4,0.4,2.5,16.8,1,0,1.7
273,Jaden McDaniels,MIN,20,63,18,45,24.0,6.8,2.6,5.8,44.7,1.1,3.1,36.4,0.4,0.7,60.0,0.8,2.9,3.7,1.1,0.7,0.6,1.0,2.7,16.7,0,0,-1.6
275,Tyus Jones,MEM,25,70,36,34,17.5,6.3,2.5,5.9,43.1,0.6,2.0,32.1,0.6,0.6,91.1,0.3,1.7,2.0,3.7,0.7,0.9,0.1,0.4,16.6,2,0,-1.2
278,Derrick Jones Jr.,POR,24,58,32,26,22.7,6.8,2.5,5.2,48.4,0.7,2.3,31.6,1.0,1.6,64.8,1.3,2.2,3.5,0.8,0.6,0.6,0.9,2.2,16.4,0,0,-1.1
280,Robin Lopez,WAS,33,71,34,37,19.1,9.0,3.8,6.0,63.3,0.1,0.3,27.8,1.4,1.9,72.3,2.0,1.8,3.8,0.8,1.1,0.2,0.6,1.5,16.2,3,0,-0.2
281,Bismack Biyombo,CHA,28,66,28,38,20.4,5.0,2.2,3.7,58.7,0.0,0.0,0.0,0.7,1.6,44.8,2.1,3.2,5.3,1.2,1.1,0.3,1.1,2.1,16.2,3,0,-4.2
282,Dario Saric,PHX,27,50,37,13,17.4,8.7,3.1,6.8,44.7,0.9,2.7,34.8,1.7,2.0,84.8,0.9,2.9,3.8,1.3,1.1,0.6,0.1,1.9,16.2,0,0,4.4
283,Furkan Korkmaz,PHI,23,55,39,16,19.3,9.1,3.1,7.7,40.1,1.8,4.9,37.5,1.1,1.5,73.2,0.3,1.7,2.1,1.5,0.8,0.9,0.2,1.2,16.1,0,0,2.6
284,Jaxson Hayes,NOP,21,60,24,36,16.1,7.5,2.9,4.7,62.5,0.1,0.2,42.9,1.6,2.0,77.5,1.5,2.8,4.3,0.6,0.7,0.4,0.6,1.7,16.0,0,0,-0.4
285,Rajon Rondo,LAC,35,45,28,17,17.1,5.4,2.1,4.8,44.2,0.8,2.0,40.4,0.4,0.4,94.1,0.4,2.0,2.4,4.4,1.8,0.8,0.1,1.2,15.9,0,0,0.5
286,Deni Avdija,WAS,20,54,25,29,23.3,6.3,2.4,5.8,41.7,1.0,3.1,31.5,0.5,0.8,64.4,0.4,4.4,4.9,1.2,0.6,0.6,0.3,2.6,15.9,2,0,-1.5
287,Jaylen Nowell,MIN,21,42,10,32,18.1,9.0,3.4,8.0,42.4,1.2,3.6,33.3,1.1,1.3,81.8,0.5,1.8,2.3,1.5,0.7,0.5,0.3,1.7,15.7,0,0,-2.4
288,Alex Len,WAS,28,64,30,34,15.3,6.6,2.7,4.3,61.5,0.1,0.4,32.0,1.1,1.8,62.9,1.2,2.8,4.1,0.8,0.9,0.3,1.0,2.0,15.7,2,0,-1.5
290,Terence Davis,SAC,24,61,26,35,17.6,8.7,3.2,7.5,42.8,1.6,4.4,36.7,0.7,0.9,81.8,0.3,2.2,2.5,1.4,1.0,0.7,0.2,1.6,15.6,0,0,-1.1
291,Eric Paschall,GSW,24,40,20,20,17.4,9.5,3.7,7.5,49.7,0.5,1.4,33.3,1.7,2.4,71.3,0.7,2.5,3.2,1.3,1.1,0.3,0.2,1.7,15.6,0,0,-2.8
292,Jordan McLaughlin,MIN,25,51,15,36,18.4,5.0,2.0,4.7,41.3,0.6,1.8,35.9,0.5,0.6,76.7,0.4,1.7,2.1,3.8,1.0,1.0,0.1,0.9,15.6,0,0,-2.6
293,Gorgui Dieng,SAS,31,38,14,24,14.5,6.8,2.2,4.3,52.1,0.8,1.8,42.9,1.5,1.8,86.6,1.1,2.6,3.7,1.3,0.8,0.7,0.4,1.5,15.6,0,0,-1.8
294,Svi Mykhailiuk,OKC,24,66,13,53,20.1,8.5,3.2,7.7,41.1,1.6,4.8,33.4,0.6,0.8,76.0,0.4,2.1,2.5,1.7,1.3,0.8,0.2,1.0,15.5,0,0,-3.5
296,Frank Kaminsky,PHX,28,47,33,14,15.2,6.6,2.6,5.5,47.1,0.7,1.8,36.5,0.8,1.3,61.7,0.8,3.2,4.0,1.7,0.5,0.3,0.4,1.5,15.4,2,0,1.2
297,Jalen McDaniels,CHA,23,47,18,29,19.2,7.4,2.8,6.0,46.8,0.7,2.2,33.3,1.0,1.4,70.3,1.0,2.6,3.6,1.1,1.0,0.6,0.4,2.0,15.4,2,0,-3.8
298,Matisse Thybulle,PHI,24,65,46,19,20.0,3.9,1.6,3.7,42.0,0.7,2.2,30.1,0.1,0.3,44.4,0.5,1.4,1.9,1.0,0.5,1.6,1.1,2.0,15.3,0,0,1.5
299,Andre Iguodala,MIA,37,63,37,26,21.3,4.4,1.5,3.9,38.3,1.0,2.9,33.0,0.4,0.6,65.8,0.6,2.9,3.5,2.3,1.1,0.9,0.6,1.4,15.3,0,0,-1.3
300,Drew Eubanks,SAS,24,54,21,33,14.0,5.8,2.1,3.8,56.6,0.0,0.0,100,1.4,2.0,72.6,1.4,3.1,4.5,0.8,0.8,0.3,0.9,1.6,15.2,3,0,-1.8
301,Landry Shamet,BKN,24,61,39,22,23.0,9.3,3.0,7.5,40.8,2.1,5.5,38.7,1.1,1.3,84.6,0.2,1.7,1.8,1.6,0.8,0.5,0.2,1.5,15.2,0,0,0.9
302,DeAndre' Bembry,TOR,26,51,23,28,19.1,5.7,2.3,4.5,51.3,0.3,1.0,26.4,0.9,1.3,68.2,0.6,2.2,2.9,2.1,1.4,1.0,0.4,1.7,15.1,0,0,0.1
303,Saben Lee,DET,22,48,14,34,16.3,5.6,2.1,4.4,47.1,0.2,0.5,34.8,1.3,1.9,68.5,0.4,1.6,2.0,3.6,1.1,0.7,0.3,1.6,15.1,0,0,-1.9
304,Dwight Powell,DAL,29,58,36,22,16.6,5.9,2.1,3.3,61.9,0.1,0.4,23.8,1.7,2.1,78.2,1.4,2.7,4.0,1.1,0.7,0.6,0.5,2.3,15.1,1,0,1.3
305,Wayne Ellington,DET,33,46,13,33,22.0,9.6,3.2,7.3,44.1,2.5,6.0,42.2,0.6,0.8,80.0,0.3,1.6,1.8,1.5,0.7,0.4,0.2,1.3,15.1,0,0,-1.5
306,D.J. Augustin,HOU,33,57,28,29,19.8,7.7,2.4,6.0,39.4,1.5,3.8,38.2,1.5,1.6,90.4,0.4,1.3,1.6,3.3,1.1,0.5,0.0,1.0,15.0,0,0,-0.7
307,Terance Mann,LAC,24,67,45,22,18.9,7.0,2.7,5.2,50.9,0.6,1.4,41.8,1.2,1.4,83.0,0.8,2.8,3.6,1.6,0.6,0.4,0.2,1.9,15.0,2,0,0.5
308,Aron Baynes,TOR,34,53,20,33,18.5,6.1,2.5,5.7,44.1,0.5,1.9,26.2,0.5,0.8,70.7,1.6,3.5,5.2,0.9,0.9,0.3,0.4,2.2,15.0,2,0,-1.5
309,Kevon Looney,GSW,25,61,34,27,19.0,4.1,1.8,3.2,54.8,0.1,0.3,23.5,0.5,0.8,64.6,1.9,3.4,5.3,2.0,0.6,0.3,0.4,2.2,14.9,0,0,2.1
310,Markieff Morris,LAL,31,61,32,29,19.7,6.7,2.5,6.2,40.5,1.1,3.4,31.1,0.6,0.8,72.0,0.8,3.6,4.4,1.2,0.9,0.4,0.3,1.7,14.8,2,0,0.3
311,Willie Cauley-Stein,DAL,27,53,29,24,17.1,5.3,2.2,3.4,63.2,0.0,0.2,9.1,0.9,1.5,62.8,1.2,3.2,4.5,0.7,0.5,0.4,0.8,2.4,14.7,1,0,2.6
313,Payton Pritchard,BOS,23,66,33,33,19.2,7.7,2.8,6.3,44.0,1.5,3.8,41.1,0.6,0.7,88.9,0.5,1.9,2.4,1.8,0.8,0.6,0.1,1.6,14.6,0,0,0.6
314,Goga Bitadze,IND,21,45,19,26,12.5,5.1,1.8,4.3,42.8,0.4,1.8,25.3,1.0,1.4,73.8,1.3,2.0,3.3,0.8,0.4,0.2,1.3,2.1,14.6,0,0,-0.4
316,Luke Kennard,LAC,25,63,44,19,19.6,8.3,3.1,6.6,47.6,1.6,3.6,44.6,0.4,0.5,83.9,0.2,2.3,2.6,1.7,0.8,0.4,0.1,1.4,14.6,1,0,-0.4
317,R.J. Hampton,ORL,20,51,20,31,17.4,6.9,2.7,6.1,43.5,0.5,1.7,31.0,1.1,1.6,67.1,0.6,2.9,3.5,1.7,1.0,0.4,0.2,1.2,14.5,3,0,-5.6
318,Torrey Craig,PHX,30,50,33,17,16.1,5.5,2.2,4.5,48.0,0.8,2.1,36.8,0.3,0.4,77.3,1.1,2.8,3.9,1.0,0.5,0.6,0.5,1.7,14.5,2,0,-1.9
319,Isaiah Hartenstein,CLE,23,46,20,26,12.1,5.1,2.0,3.7,55.0,0.0,0.1,33.3,1.0,1.5,64.8,1.4,2.5,3.9,1.2,1.0,0.4,0.8,2.3,14.5,1,0,0.0
320,Moritz Wagner,ORL,24,45,19,26,16.0,6.9,2.3,5.1,45.4,0.7,2.0,34.1,1.6,1.9,81.6,0.6,2.6,3.2,1.1,1.0,0.6,0.4,2.4,14.4,1,0,-3.2
321,Tyrese Maxey,PHI,20,61,41,20,15.3,8.0,3.2,7.0,46.2,0.5,1.7,30.1,1.0,1.1,87.1,0.2,1.5,1.7,2.0,0.7,0.4,0.2,1.3,14.2,0,0,-0.9
322,Nemanja Bjelica,MIA,33,37,16,21,16.1,6.5,2.4,5.3,45.4,0.7,2.3,31.8,1.0,1.4,72.5,0.8,2.6,3.4,1.9,0.9,0.4,0.1,1.8,14.2,0,0,-1.8
323,Damion Lee,GSW,28,57,28,29,18.9,6.5,2.2,4.8,46.7,1.4,3.4,39.7,0.7,0.8,90.9,0.4,2.8,3.2,1.3,0.5,0.7,0.1,1.6,14.1,0,0,0.7
325,Frank Jackson,DET,23,40,13,27,18.5,9.8,3.4,7.3,45.7,1.5,3.8,40.7,1.5,1.9,81.3,0.4,1.8,2.2,0.9,0.9,0.4,0.0,1.3,14.0,0,0,-0.3
326,Dean Wade,CLE,24,63,19,44,19.2,6.0,2.1,4.9,43.1,1.2,3.4,36.6,0.5,0.6,76.9,0.6,2.8,3.4,1.2,0.5,0.6,0.3,1.2,14.0,1,0,-3.5
327,Denzel Valentine,CHI,27,62,26,36,16.7,6.5,2.5,6.7,37.3,1.3,3.9,33.1,0.3,0.3,94.1,0.4,2.8,3.2,1.7,0.7,0.5,0.1,1.1,14.0,0,0,0.7
328,Juancho Hernangomez,MIN,25,52,19,33,17.3,7.2,2.5,5.8,43.5,1.1,3.2,32.7,1.2,1.9,61.9,0.9,3.1,3.9,0.7,0.5,0.4,0.1,1.0,13.9,0,0,-1.4
331,Jeff Teague,MIL,33,55,27,28,17.3,6.7,2.2,5.2,43.3,0.7,1.5,43.9,1.6,1.9,84.8,0.3,1.3,1.6,2.4,1.2,0.6,0.2,1.0,13.6,0,0,1.0
332,Josh Okogie,MIN,22,59,21,38,20.3,5.4,1.7,4.3,40.2,0.5,1.8,26.9,1.4,1.8,76.9,1.1,1.6,2.6,1.1,0.7,0.9,0.5,2.1,13.6,0,0,-3.3
334,Kira Lewis Jr.,NOP,20,54,23,31,16.7,6.4,2.4,6.2,38.6,0.7,2.2,33.3,0.8,0.9,84.3,0.2,1.1,1.3,2.3,0.6,0.7,0.2,1.6,13.4,0,0,0.4
335,Maurice Harkless,SAC,28,37,16,21,20.9,5.2,1.9,4.5,41.8,0.6,2.3,27.4,0.9,1.2,76.7,0.4,2.1,2.4,1.2,0.6,0.8,0.5,2.3,13.4,0,0,-1.2
336,Brad Wanamaker,CHA,31,61,29,32,17.3,5.5,1.9,4.9,38.5,0.3,1.4,18.8,1.5,1.7,89.1,0.3,1.4,1.7,2.9,1.2,0.7,0.2,1.5,13.3,0,0,-2.1
337,Bryn Forbes,MIL,27,70,45,25,19.3,10.0,3.6,7.6,47.3,2.2,4.9,45.2,0.7,0.9,77.0,0.2,1.4,1.6,0.6,0.6,0.3,0.0,1.1,13.3,1,0,1.4
338,Aaron Holiday,IND,24,66,30,36,17.8,7.2,2.6,6.6,39.0,1.0,2.8,36.8,1.0,1.3,81.9,0.2,1.1,1.3,1.9,1.0,0.7,0.2,1.4,13.3,1,0,0.0
340,Anfernee Simons,POR,22,64,37,27,17.3,7.8,2.6,6.3,41.9,1.9,4.4,42.6,0.7,0.9,80.7,0.2,2.0,2.2,1.4,0.7,0.3,0.1,1.5,13.1,0,0,0.7
344,Devin Vassell,SAS,20,62,30,32,17.0,5.5,2.0,4.9,40.6,0.8,2.4,34.7,0.7,0.8,84.3,0.4,2.4,2.8,0.9,0.4,0.7,0.3,1.4,12.8,0,0,-1.0
345,P.J. Tucker,MIL,36,52,27,25,26.1,3.7,1.3,3.4,37.3,0.8,2.3,33.6,0.4,0.5,75.0,1.0,2.9,3.9,1.2,0.8,0.8,0.4,2.4,12.8,0,0,-3.4
349,Edmond Sumner,IND,25,53,23,30,16.2,7.5,2.8,5.3,52.5,0.7,1.7,39.8,1.3,1.6,81.9,0.3,1.4,1.8,0.9,1.0,0.6,0.2,1.7,12.5,0,0,-0.6
350,Damyean Dotson,CLE,27,46,14,32,19.7,6.7,2.6,6.4,40.6,1.0,3.5,28.9,0.5,0.8,66.7,0.1,1.9,2.0,2.0,0.9,0.3,0.1,0.9,12.5,0,0,-4.7
351,Chasson Randle,ORL,28,41,10,31,20.4,6.5,2.2,5.8,38.8,1.1,3.2,33.8,0.9,1.2,79.2,0.2,1.8,2.0,1.8,1.1,0.5,0.1,1.6,12.4,0,0,-6.5
355,Cody Martin,CHA,25,52,26,26,16.3,4.0,1.6,3.6,44.1,0.3,1.1,27.6,0.5,0.8,58.1,1.0,2.1,3.1,1.7,0.8,0.7,0.2,1.0,12.2,1,0,-0.1
356,Caleb Martin,CHA,25,53,23,30,15.4,5.0,1.8,4.8,37.5,0.6,2.4,24.8,0.8,1.2,64.1,0.6,2.1,2.7,1.3,0.6,0.7,0.2,1.2,12.2,1,0,-1.9
357,Stanley Johnson,TOR,25,61,25,36,16.5,4.4,1.5,3.8,38.2,0.7,2.2,32.8,0.7,0.9,80.0,0.5,2.0,2.5,1.5,0.9,0.9,0.3,1.9,12.1,2,0,-2.6
358,Timothe Luwawu-Cabarrot,BKN,26,58,38,20,18.1,6.4,2.2,6.1,36.5,1.3,4.1,31.4,0.6,0.7,81.4,0.5,1.7,2.2,1.2,0.7,0.6,0.1,1.7,12.1,0,0,-0.4
359,Ben McLemore,LAL,28,53,20,33,17.1,7.7,2.5,6.9,37.0,1.8,5.3,34.6,0.7,1.0,73.6,0.3,1.6,1.9,0.7,0.8,0.4,0.2,1.7,12.0,0,0,-1.9
360,Damian Jones,SAC,26,39,24,15,14.0,4.7,1.8,2.6,68.0,0.0,0.1,20.0,1.1,1.5,72.4,0.9,2.2,3.1,0.7,0.7,0.3,0.7,2.0,11.9,1,0,-1.7
363,John Konchar,MEM,25,43,23,20,13.4,4.3,1.6,3.2,50.0,0.5,1.3,37.5,0.6,0.7,83.3,0.8,2.2,3.0,1.1,0.4,0.7,0.2,0.9,11.8,0,0,0.4
364,Onyeka Okongwu,ATL,20,50,31,19,12.0,4.6,1.9,3.0,64.4,0.0,0.1,0.0,0.7,1.1,63.2,1.2,2.0,3.3,0.4,0.6,0.5,0.7,2.0,11.8,2,0,-1.8
366,Georges Niang,UTA,28,72,52,20,16.0,6.9,2.5,5.6,43.7,1.7,4.1,42.5,0.3,0.3,95.7,0.4,2.1,2.4,0.8,0.7,0.3,0.1,1.6,11.8,1,0,4.9
368,Yuta Watanabe,TOR,26,50,24,26,14.5,4.4,1.6,3.6,43.9,0.7,1.8,40.0,0.5,0.6,82.8,0.7,2.5,3.2,0.8,0.4,0.5,0.4,1.1,11.7,0,0,-0.8
369,Solomon Hill,ATL,30,71,41,30,21.3,4.5,1.5,4.2,35.9,1.0,3.0,32.1,0.5,0.6,76.1,0.6,2.4,3.0,1.1,0.6,0.7,0.2,1.6,11.7,0,0,0.4