Player,W,L,MIN,OFFRTG,DEFRTG,NETRTG,AST%,AST/TO,AST RATIO,OREB%,DREB%,REB%,TO RATIO,EFG%,TS%,USG%,PACE,PIE,POSS
Joel Embiid,39,12,31.1,117.8,105.8,12.0,15.6,0.91,10.0,7.8,25.4,17.2,11.0,54.5,63.6,35.2,100.79,20.3,"3,331"
Nikola Jokic,47,25,34.6,120.2,112.6,7.7,37.7,2.70,26.2,8.7,23.7,16.3,9.7,60.2,64.7,29.3,98.15,20.1,"5,084"
Giannis Antetokounmpo,40,21,33.0,117.1,107.3,9.8,28.2,1.72,18.7,4.8,26.4,16.0,10.8,60.0,63.3,32.0,104.17,19.6,"4,359"
LeBron James,30,15,33.4,112.4,103.2,9.2,39.4,2.08,24.3,2.0,20.2,11.4,11.7,57.6,60.2,31.0,100.41,19.1,"3,145"
Jimmy Butler,33,19,33.6,112.1,106.9,5.2,34.5,3.39,26.5,5.6,15.3,10.5,7.8,51.4,60.7,25.9,97.73,18.4,"3,557"
Stephen Curry,37,26,34.2,114.2,109.6,4.6,28.3,1.70,17.4,1.3,13.5,7.7,10.2,60.5,65.5,33.1,105.16,18.1,"4,725"
Luka Doncic,40,26,34.3,116.6,112.7,3.9,42.5,2.02,23.6,2.4,20.2,11.5,11.7,55.0,58.7,35.0,99.40,17.9,"4,676"
James Harden,31,13,36.6,117.2,114.3,2.9,44.2,2.68,31.2,2.3,19.1,11.1,11.6,54.8,61.8,28.3,99.78,17.4,"3,347"
Kawhi Leonard,36,16,34.1,121.4,109.2,12.2,23.8,2.56,19.2,3.4,16.1,9.9,7.5,56.8,62.2,28.2,97.48,17.0,"3,603"
Nikola Vucevic,26,44,33.5,106.6,113.6,-7.0,20.7,2.13,14.5,5.9,28.9,17.0,6.8,54.0,56.0,29.2,99.15,16.8,"4,849"
Rudy Gobert,52,19,30.8,116.8,100.9,15.9,5.9,0.75,9.4,11.0,28.8,20.5,12.4,67.5,68.3,16.6,101.32,16.5,"4,613"
Russell Westbrook,30,35,36.4,109.2,110.4,-1.2,47.7,2.45,30.6,4.3,24.9,14.7,12.5,47.4,50.9,29.5,107.18,16.4,"5,279"
Jonas Valanciunas,32,30,28.3,112.8,108.9,3.8,9.7,1.12,10.7,13.4,28.9,21.0,9.6,60.6,63.6,21.7,101.97,16.3,"3,725"
Bam Adebayo,34,30,33.5,110.2,109.6,0.6,26.7,2.05,23.6,7.0,20.4,13.9,11.5,57.1,62.6,23.3,97.71,16.1,"4,361"
Zion Williamson,29,32,33.2,113.9,111.7,2.1,18.8,1.35,13.7,8.1,13.1,10.6,10.1,61.6,64.9,28.7,103.30,16.1,"4,358"
Damian Lillard,39,28,35.8,119.6,115.6,4.0,33.4,2.49,22.5,1.2,10.4,5.7,9.0,55.4,62.3,30.6,100.40,15.8,"5,014"
Clint Capela,34,29,30.1,114.8,108.2,6.6,3.9,0.67,5.3,15.5,30.1,23.0,8.0,59.4,60.1,19.3,99.41,15.8,"3,927"
Julius Randle,40,31,37.6,109.8,106.8,3.0,26.9,1.77,19.7,3.1,22.7,13.1,11.1,51.6,56.7,28.5,97.22,15.8,"5,398"
Karl-Anthony Towns,19,31,33.8,114.6,114.7,-0.1,21.6,1.41,16.2,7.5,23.7,15.4,11.5,55.5,61.2,28.6,101.77,15.5,"3,588"
Domantas Sabonis,29,33,36.0,109.6,111.5,-1.9,28.3,1.95,24.9,6.6,25.9,16.2,12.8,56.4,60.1,23.9,102.10,15.4,"4,746"
Robert Williams III,29,23,18.9,112.4,112.0,0.4,13.7,1.81,21.6,13.6,23.2,18.4,12.0,72.1,71.9,14.5,99.97,15.2,"2,052"
Jayson Tatum,34,30,35.8,114.8,111.8,3.0,19.6,1.61,14.5,2.1,18.8,10.2,9.0,53.0,57.6,29.8,99.74,15.2,"4,767"
Montrezl Harrell,41,28,22.9,107.3,105.9,1.4,7.8,0.99,8.5,10.0,16.7,13.4,8.6,62.2,65.0,21.1,99.78,15.2,"3,283"
Trae Young,36,27,33.7,118.2,113.0,5.2,42.6,2.28,26.9,1.8,9.4,5.7,11.8,49.9,58.9,32.0,100.50,15.0,"4,464"
Chris Paul,49,21,31.4,115.3,108.8,6.5,40.5,3.99,35.9,1.2,13.1,7.3,9.0,55.7,59.9,22.1,98.92,15.0,"4,539"
Kyrie Irving,36,18,34.9,119.4,113.8,5.6,26.9,2.49,19.9,2.9,10.1,6.7,8.0,57.6,61.4,29.7,101.13,14.9,"3,976"
Tobias Harris,44,18,32.5,113.3,106.1,7.2,17.5,2.06,16.5,3.2,17.0,10.4,8.0,55.6,59.7,23.7,100.42,14.5,"4,223"
Bradley Beal,32,28,35.8,114.4,114.8,-0.4,20.2,1.42,13.2,3.3,9.4,6.4,9.3,53.2,59.3,33.1,105.21,14.5,"4,713"
Paul George,38,16,33.7,118.3,107.0,11.3,23.9,1.56,18.6,2.6,17.1,10.1,11.9,55.7,59.8,29.6,97.55,14.5,"3,707"
Enes Kanter,42,30,24.4,119.7,114.8,4.9,6.9,1.08,10.6,14.8,28.1,21.3,9.8,60.5,63.6,16.9,98.79,14.1,"3,607"
Zach LaVine,26,32,35.1,112.4,113.1,-0.8,22.5,1.39,16.3,1.8,12.1,7.1,11.7,59.6,63.4,30.2,101.34,14.0,"4,304"
DeMar DeRozan,27,34,33.7,113.0,115.5,-2.5,30.9,3.55,25.7,1.9,10.6,6.2,7.2,50.5,59.1,25.5,100.09,13.9,"4,289"
Christian Wood,12,29,32.3,108.8,112.6,-3.8,8.9,0.89,8.1,5.5,22.8,14.2,9.2,57.4,59.1,25.5,102.27,13.9,"2,829"
Andre Drummond,19,27,27.0,107.5,111.4,-3.9,12.4,0.76,10.7,13.2,33.6,22.9,14.1,49.3,51.9,26.9,98.31,13.9,"2,540"
Jarrett Allen,20,43,29.6,108.3,113.9,-5.6,8.7,1.06,12.9,10.6,23.2,17.0,12.2,62.4,66.1,16.3,98.96,13.8,"3,847"
Donovan Mitchell,39,14,33.4,117.1,109.2,7.9,26.6,1.88,16.8,2.8,9.5,6.3,8.9,52.0,56.9,32.7,99.99,13.8,"3,688"
Kristaps Porzingis,26,17,30.9,116.0,115.3,0.7,8.1,1.33,7.9,6.2,21.9,14.1,5.9,54.7,58.2,25.9,98.93,13.5,"2,729"
Jusuf Nurkic,22,15,23.8,115.0,108.2,6.9,20.6,1.71,21.6,9.4,28.3,18.6,12.6,53.2,55.4,21.7,102.21,13.4,"1,872"
Bobby Portis,44,22,20.8,113.4,108.3,5.1,7.5,1.27,9.4,8.5,22.9,15.8,7.4,58.5,59.8,20.2,104.72,13.3,"2,986"
Derrick Rose,28,22,25.6,109.8,105.0,4.9,27.6,2.68,21.9,1.5,8.1,4.9,8.2,51.1,55.0,25.2,98.32,13.3,"2,622"
Chris Boucher,25,35,24.2,114.4,110.7,3.8,6.8,1.37,8.4,7.8,19.2,13.5,6.1,59.5,63.4,20.2,100.04,13.2,"3,020"
Tony Bradley,15,27,16.3,108.7,110.5,-1.8,7.7,1.12,12.6,12.1,22.4,17.2,11.3,66.5,67.8,15.4,102.32,13.2,"1,463"
Mike Conley,37,14,29.4,116.2,99.5,16.7,30.3,3.08,27.5,2.4,8.2,5.5,8.9,55.2,58.9,22.4,101.52,13.1,"3,176"
Deandre Ayton,48,21,30.6,117.1,110.8,6.3,6.6,0.96,10.3,11.7,23.6,17.9,10.7,62.9,65.3,17.9,98.05,13.0,"4,320"
DeMarcus Cousins,22,19,17.4,103.4,106.6,-3.2,17.4,1.19,15.9,7.0,29.3,17.8,13.4,50.3,53.7,23.9,101.91,13.0,"1,508"
Dwight Howard,46,23,17.3,103.9,106.3,-2.4,7.6,0.54,10.7,14.8,30.9,22.8,19.7,59.6,61.0,17.3,101.16,13.0,"2,517"
Mason Plumlee,14,42,26.8,109.1,114.0,-4.9,20.5,1.92,26.5,9.5,26.4,17.6,13.8,61.4,63.8,16.3,98.52,12.9,"3,076"
Jaylen Brown,30,28,34.5,113.5,111.8,1.8,16.2,1.23,12.4,3.5,13.6,8.5,10.1,55.8,58.6,29.0,100.17,12.9,"4,169"
Brandon Ingram,29,32,34.3,115.1,114.2,1.0,21.8,1.92,17.6,1.6,12.6,7.1,9.2,53.1,58.4,27.9,99.97,12.8,"4,358"
Ben Simmons,42,16,32.4,113.9,106.0,8.0,30.8,2.32,31.2,5.1,16.6,11.1,13.5,56.0,58.4,20.0,101.44,12.8,"3,973"
Thaddeus Young,30,38,24.3,114.2,110.1,4.1,25.3,2.12,25.7,10.5,15.4,13.0,12.1,56.8,57.8,21.6,100.03,12.8,"3,445"
Malcolm Brogdon,27,29,34.5,110.6,111.1,-0.5,27.1,2.86,22.0,2.9,11.8,7.3,7.7,52.7,56.1,25.7,101.02,12.8,"4,056"
John Collins,34,29,29.3,116.0,111.7,4.3,6.5,0.93,7.7,6.4,18.3,12.5,8.2,61.0,64.5,21.4,99.99,12.5,"3,858"
Michael Porter Jr.,40,21,31.3,120.2,111.9,8.3,5.2,0.91,6.9,5.1,18.9,12.1,7.6,64.6,66.3,21.4,98.10,12.5,"3,924"
Willy Hernangomez,20,27,18.0,113.6,113.6,0.0,8.2,1.47,12.7,13.4,24.7,19.1,8.7,56.5,59.1,16.6,103.19,12.5,"1,813"
Devin Booker,48,19,33.9,118.6,111.4,7.2,20.0,1.40,14.9,1.6,10.8,6.4,10.6,53.3,58.7,31.9,98.50,12.5,"4,656"
Jrue Holiday,41,18,32.3,117.9,108.8,9.2,25.3,2.81,26.2,3.7,9.3,6.6,9.3,57.0,59.2,21.7,103.99,12.4,"4,131"
De'Aaron Fox,24,34,35.1,113.5,118.0,-4.5,32.6,2.40,22.2,1.6,8.5,5.0,9.3,52.3,56.5,30.4,101.86,12.4,"4,320"
Gordon Hayward,24,20,34.0,111.0,110.3,0.7,18.9,1.99,17.9,2.4,14.3,8.3,9.0,53.7,58.4,23.5,100.83,12.4,"3,142"
Dejounte Murray,32,35,31.9,111.8,109.5,2.3,24.6,3.10,24.0,2.6,19.0,10.8,7.7,48.5,50.9,23.1,100.02,12.4,"4,452"
Khris Middleton,45,23,33.4,116.7,110.5,6.2,22.7,2.08,21.6,2.3,14.3,8.5,10.4,54.6,58.8,24.5,103.55,12.3,"4,887"
CJ McCollum,28,19,34.0,119.0,112.8,6.2,22.0,3.43,18.2,1.8,9.9,5.6,5.3,55.4,57.7,26.5,100.01,12.3,"3,333"
Jaxson Hayes,24,36,16.1,104.6,105.5,-0.9,5.7,0.90,8.6,8.7,16.1,12.4,9.6,63.6,67.5,15.6,103.55,12.3,"2,078"
Jalen Brunson,40,28,25.0,113.7,108.7,4.9,21.5,2.99,23.7,1.6,11.7,6.7,7.9,58.8,61.8,19.6,98.84,12.3,"3,490"
Kemba Walker,22,21,31.8,114.5,111.4,3.1,23.3,2.41,20.5,1.2,11.3,6.2,8.5,51.4,55.9,25.6,99.45,12.3,"2,839"
Mo Bamba,11,35,15.8,102.4,115.2,-12.9,8.2,0.97,8.8,9.1,24.0,16.3,9.0,53.5,55.6,21.0,101.09,12.3,"1,523"
Daniel Gafford,31,23,14.7,112.5,108.4,4.1,5.1,0.71,8.5,11.8,16.0,14.0,12.0,68.4,69.7,16.1,104.72,12.2,"1,717"
Richaun Holmes,29,32,29.2,114.9,114.6,0.3,8.2,1.35,12.3,8.1,19.6,14.0,9.1,63.8,66.9,17.3,100.46,12.2,"3,728"
Kyle Anderson,36,33,27.4,110.3,108.7,1.6,18.2,2.91,23.2,2.6,17.3,9.9,8.0,54.0,57.8,18.1,102.34,12.1,"4,018"
LaMelo Ball,23,28,28.8,108.7,111.8,-3.1,32.2,2.16,26.1,4.1,16.1,10.0,12.1,50.4,53.9,24.7,103.35,12.1,"3,169"
Gorgui Dieng,14,24,14.5,106.6,113.2,-6.7,13.0,1.50,17.6,6.8,18.1,12.2,11.7,61.3,67.0,16.9,101.65,12.0,"1,175"
Pascal Siakam,21,35,35.8,114.4,111.4,3.0,19.5,1.92,17.0,4.5,15.6,9.9,8.8,49.3,54.7,26.1,99.50,11.9,"4,161"
T.J. McConnell,33,36,26.0,112.5,110.0,2.5,33.7,3.38,41.4,3.0,10.6,6.8,12.3,57.4,58.3,14.9,103.73,11.9,"3,869"
Cameron Payne,42,18,18.0,116.4,108.6,7.8,28.1,3.62,31.1,1.6,11.9,6.9,8.6,57.6,60.2,19.3,99.23,11.7,"2,233"
Ivica Zubac,47,25,22.3,114.3,109.3,5.0,7.9,1.11,13.9,12.1,20.0,16.2,12.5,65.4,69.3,14.7,98.99,11.7,"3,324"
Jamal Murray,31,17,35.5,118.6,110.6,8.0,19.7,2.14,19.3,2.3,9.5,5.9,9.0,55.9,59.2,24.4,97.41,11.7,"3,468"
Caris LeVert,24,23,31.6,111.9,112.1,-0.2,25.5,2.40,19.8,2.2,11.1,6.8,8.2,49.3,53.1,27.9,104.41,11.6,"3,231"
Drew Eubanks,21,33,14.0,103.6,108.2,-4.6,8.6,0.93,12.4,9.0,20.7,14.8,13.2,57.1,61.8,16.6,102.29,11.5,"1,599"
Kyle Lowry,15,31,34.8,112.6,113.0,-0.3,31.1,2.68,30.0,2.1,13.3,7.5,11.2,54.6,59.3,20.9,101.38,11.5,"3,385"
Serge Ibaka,24,17,23.3,117.5,110.1,7.4,11.0,1.68,14.7,8.0,21.7,15.0,8.7,56.3,58.5,20.0,97.67,11.5,"1,948"
JaVale McGee,21,25,14.7,100.9,106.9,-6.1,9.8,0.65,9.5,10.5,23.1,16.6,14.6,52.0,54.1,22.8,99.87,11.5,"1,410"
Jordan Clarkson,49,19,26.7,115.8,108.0,7.8,14.9,1.46,11.9,2.5,11.7,7.2,8.2,52.2,54.9,28.6,100.87,11.5,"3,821"
Collin Sexton,18,42,35.3,104.8,114.0,-9.2,22.2,1.57,15.5,2.7,6.3,4.4,9.9,51.9,57.3,28.6,99.26,11.5,"4,386"
Fred VanVleet,22,30,36.5,113.6,110.2,3.3,26.4,3.45,23.8,1.6,10.1,5.7,6.9,48.9,53.4,23.7,99.17,11.5,"3,927"
Wendell Carter Jr.,21,33,25.5,104.5,113.5,-9.0,11.6,1.33,14.5,9.1,21.9,15.4,10.9,52.0,56.6,18.8,100.67,11.5,"2,893"
Delon Wright,21,42,27.7,108.3,111.8,-3.5,23.7,3.35,29.7,3.6,12.2,7.7,8.9,52.5,56.2,16.3,98.91,11.5,"3,610"
Alec Burks,27,22,25.6,109.6,104.6,5.0,13.5,2.18,15.2,1.6,15.6,8.7,6.9,52.2,56.4,20.8,97.22,11.5,"2,540"
D'Angelo Russell,16,26,28.5,109.7,116.8,-7.0,32.3,2.18,22.8,1.2,7.7,4.4,10.4,52.3,55.5,28.3,104.18,11.4,"2,591"
Jerami Grant,15,39,33.9,108.3,111.5,-3.2,14.5,1.39,11.3,1.8,11.8,6.7,8.1,49.1,55.6,27.8,99.21,11.4,"3,783"
Moses Brown,8,35,21.4,98.1,116.4,-18.3,1.7,0.23,2.7,14.3,23.8,18.8,11.4,54.5,57.2,15.7,104.74,11.4,"2,010"
Cody Zeller,21,27,20.9,112.3,110.3,2.0,12.5,1.69,16.8,11.5,21.0,16.1,10.0,56.5,59.9,17.7,100.91,11.4,"2,113"
John Wall,12,28,32.2,106.1,111.8,-5.7,36.5,1.95,22.3,1.2,8.4,4.7,11.4,45.8,50.3,31.6,101.42,11.4,"2,717"
Ja Morant,33,30,32.6,114.7,112.1,2.6,32.1,2.29,25.9,2.7,9.1,5.9,11.3,48.7,53.7,26.7,102.16,11.3,"4,366"
Tyus Jones,36,34,17.5,104.9,107.8,-2.8,30.5,5.40,35.0,1.6,9.3,5.4,6.5,48.5,51.1,16.5,101.08,11.3,"2,569"
Terry Rozier,32,37,34.5,110.9,112.9,-2.0,19.3,2.29,18.0,1.9,10.5,6.1,7.9,54.8,57.5,23.8,99.64,11.3,"4,953"
Naz Reid,22,48,19.2,102.7,112.4,-9.7,8.8,1.04,9.1,5.4,17.3,11.1,8.7,57.6,59.9,21.8,104.06,11.3,"2,915"
Joe Ingles,47,20,27.9,116.7,104.9,11.8,23.8,2.72,30.7,1.4,10.8,6.3,11.3,65.2,67.2,16.2,101.08,11.2,"3,926"
Kelly Olynyk,26,44,28.5,110.7,113.2,-2.5,15.1,1.61,18.5,4.3,19.6,12.0,11.5,57.4,61.0,19.0,101.02,11.2,"4,205"
DeAndre Jordan,37,20,21.9,113.0,114.8,-1.9,9.9,1.09,19.9,9.7,23.1,16.8,18.2,76.3,73.6,12.8,101.05,11.2,"2,626"
Danilo Gallinari,29,22,24.0,113.0,110.3,2.7,9.9,1.77,11.4,1.5,15.5,8.7,6.4,54.2,61.3,21.1,98.80,11.2,"2,526"
Derrick Favors,49,19,15.3,114.1,111.6,2.6,5.9,1.22,12.3,13.0,22.7,17.8,10.1,63.8,66.3,12.5,101.18,11.1,"2,182"
Rajon Rondo,28,17,17.1,107.7,106.8,1.0,37.5,2.52,39.8,2.3,11.3,6.9,15.8,52.6,54.4,16.6,99.08,11.0,"1,591"
Bogdan Bogdanovic,30,14,29.7,114.9,111.0,3.9,16.9,2.72,18.7,1.6,10.4,6.1,6.9,60.2,61.6,21.0,99.59,11.0,"2,710"
Lauri Markkanen,20,31,25.8,107.1,109.9,-2.8,5.1,0.87,6.9,2.7,17.3,10.1,7.9,59.4,61.9,19.7,100.78,11.0,"2,780"
Brandon Clarke,32,27,24.0,109.5,109.3,0.2,9.4,2.88,14.3,6.4,16.0,11.1,5.0,53.7,56.0,16.7,101.99,11.0,"2,996"
Tyler Herro,29,25,30.3,107.7,110.6,-2.9,18.4,1.82,17.9,1.5,14.4,8.1,9.8,51.6,54.3,22.5,98.46,10.8,"3,360"
Isaiah Hartenstein,20,26,12.1,107.8,105.7,2.1,14.7,1.25,18.3,11.4,20.7,16.0,14.6,55.6,58.3,18.7,99.97,10.8,"1,152"
Rudy Gay,29,34,21.6,108.4,103.9,4.5,10.0,1.35,10.7,2.8,17.6,10.2,7.9,50.5,53.2,23.0,101.26,10.8,"2,865"
Isaiah Stewart,20,48,21.4,105.5,107.4,-2.0,6.4,0.88,10.3,10.5,19.3,14.9,11.7,57.8,59.7,15.0,99.66,10.8,"3,020"
Harrison Barnes,25,33,36.2,114.4,116.2,-1.8,12.8,2.16,19.4,3.1,15.2,9.2,9.0,57.5,62.6,16.9,101.16,10.7,"4,440"
Draymond Green,35,28,31.5,114.8,109.3,5.4,34.5,2.97,48.0,2.8,18.4,11.0,16.2,49.2,53.0,12.8,104.21,10.7,"4,305"
Jarred Vanderbilt,18,46,17.8,108.1,109.2,-1.1,9.1,1.43,18.6,9.6,21.1,15.3,13.0,60.8,61.2,11.8,103.75,10.7,"2,451"
Tyrese Maxey,41,20,15.3,106.4,108.0,-1.6,20.7,2.93,19.4,1.1,9.8,5.4,6.6,49.8,53.1,22.2,101.20,10.6,"1,963"
Frank Kaminsky,33,14,15.2,113.5,108.9,4.6,15.4,3.59,20.5,5.1,20.8,13.1,5.7,53.1,54.7,18.5,99.62,10.6,"1,478"
Lonzo Ball,23,32,31.8,114.2,113.7,0.5,24.6,2.57,27.1,1.8,12.9,7.3,10.5,53.7,55.1,20.2,100.81,10.5,"3,683"
Tyrese Haliburton,25,33,30.1,110.8,116.4,-5.6,24.7,3.36,29.7,2.2,7.6,4.9,8.8,56.9,58.5,17.5,102.31,10.4,"3,733"
Immanuel Quickley,37,27,19.4,111.6,104.5,7.1,16.4,2.19,15.3,2.0,8.6,5.4,7.0,49.7,55.7,24.6,97.18,10.3,"2,519"
Miles Bridges,31,35,29.3,110.4,110.1,0.3,11.3,1.39,15.9,4.1,15.8,10.0,11.5,59.6,62.5,17.0,100.77,10.3,"4,047"
Devonte' Graham,23,32,30.2,109.2,107.1,2.1,27.2,3.51,26.4,1.3,7.5,4.3,7.5,51.0,55.2,21.1,99.34,10.3,"3,444"
Robin Lopez,34,37,19.1,107.9,109.0,-1.1,6.0,0.73,9.0,9.7,9.2,9.5,12.2,63.9,66.1,16.9,103.69,10.2,"2,933"
Tim Hardaway Jr.,42,28,28.4,114.3,112.3,2.1,9.8,1.97,10.7,1.0,10.1,5.6,5.5,56.0,58.9,23.0,98.62,10.2,"4,073"
Shake Milton,46,17,23.2,109.3,105.0,4.3,21.0,1.87,18.6,2.2,7.6,4.9,9.9,50.3,54.9,23.9,101.45,10.1,"3,087"
Jordan Poole,28,23,19.4,107.6,106.9,0.7,16.1,1.94,14.8,1.5,7.4,4.4,7.6,53.5,58.1,24.6,101.94,10.1,"2,105"
Darius Garland,18,36,33.1,105.7,112.3,-6.6,29.8,2.01,24.4,1.3,6.2,3.7,12.1,51.7,54.7,24.5,98.78,10.1,"3,687"
Malik Beasley,8,29,32.8,107.9,115.0,-7.2,11.4,1.47,11.3,2.1,11.2,6.4,7.7,54.7,57.0,23.5,102.10,10.1,"2,577"
Jakob Poeltl,32,37,26.7,112.2,109.0,3.2,9.6,1.61,19.3,11.4,17.3,14.3,11.9,61.6,61.2,13.0,99.84,10.0,"3,831"
Josh Hart,21,26,28.7,111.9,112.1,-0.2,10.9,2.22,20.2,3.9,23.4,13.8,9.1,53.1,56.6,13.3,101.19,10.0,"2,847"
De'Anthony Melton,27,25,20.1,111.4,105.4,6.0,17.2,2.00,21.6,2.6,11.8,7.2,10.8,54.8,56.8,18.9,102.73,10.0,"2,230"
Dwight Powell,36,22,16.6,112.8,108.8,4.0,9.0,1.58,17.8,8.6,15.8,12.3,11.3,63.1,68.8,12.9,99.87,9.9,"2,007"
OG Anunoby,18,25,33.3,112.4,109.1,3.3,9.8,1.25,12.8,3.7,12.5,8.1,10.2,58.0,60.5,19.3,99.90,9.9,"2,992"
Andrew Wiggins,38,33,33.3,108.9,109.1,-0.2,11.0,1.33,11.5,3.4,10.6,7.1,8.7,54.3,56.8,22.9,103.17,9.9,"5,085"
Hamidou Diallo,18,34,23.6,102.0,110.6,-8.6,13.3,1.33,13.8,4.6,16.1,10.5,10.4,50.6,54.1,21.8,100.59,9.9,"2,583"
Mikal Bridges,51,21,32.6,117.5,110.0,7.4,8.5,2.67,16.3,3.5,9.9,6.8,6.1,64.3,66.7,14.7,98.32,9.9,"4,800"
Marvin Bagley III,20,23,25.9,112.8,116.5,-3.7,5.7,0.73,6.6,9.2,18.8,14.0,9.0,54.2,55.4,22.9,101.26,9.9,"2,345"
Eric Paschall,20,20,17.4,103.7,110.5,-6.8,12.5,1.19,11.9,3.8,13.8,8.8,10.0,52.7,56.1,23.4,102.80,9.8,"1,483"
Paul Millsap,38,18,20.8,116.2,111.5,4.7,11.3,1.92,16.6,6.7,16.7,11.7,8.6,53.7,56.5,18.4,96.76,9.8,"2,339"
Evan Fournier,18,24,30.0,111.6,113.0,-1.4,17.0,1.97,17.8,0.7,9.4,4.9,9.0,56.5,59.8,22.2,101.83,9.8,"2,672"
Ricky Rubio,23,45,26.1,109.3,114.3,-5.0,33.0,3.90,39.2,1.4,11.0,6.0,10.0,45.4,51.6,15.5,103.33,9.8,"3,816"
Juan Toscano-Anderson,28,25,20.9,109.4,105.6,3.8,18.1,2.46,34.6,2.6,17.2,10.2,14.1,66.7,67.6,10.8,104.08,9.8,"2,404"
John Konchar,23,20,13.4,110.6,108.6,2.1,11.1,2.61,21.6,5.7,16.1,10.7,8.3,57.6,60.8,12.4,100.85,9.8,"1,204"
Bruce Brown,45,20,22.3,115.9,112.4,3.5,9.9,1.93,16.4,8.1,15.4,12.0,8.5,57.6,60.4,15.7,100.24,9.8,"3,016"
Kyle Kuzma,40,28,28.7,104.8,105.4,-0.6,10.0,1.12,12.2,5.4,15.7,10.5,10.9,53.3,54.6,19.8,99.72,9.7,"4,070"
Dennis Schroder,38,23,32.1,110.8,108.6,2.2,26.2,2.15,25.4,1.6,9.3,5.5,11.8,48.4,54.3,22.7,99.67,9.7,"4,059"
Goran Dragic,30,20,26.7,110.1,108.6,1.5,26.0,1.86,23.1,1.9,10.7,6.3,12.5,51.4,55.2,23.9,98.59,9.7,"2,745"
Alex Len,30,34,15.3,106.9,111.0,-4.0,6.9,0.89,11.3,7.7,17.4,12.6,12.6,62.9,64.3,16.1,106.79,9.7,"2,173"
Lou Williams,44,22,21.6,112.3,110.6,1.8,23.3,2.08,21.4,1.5,8.0,4.8,10.3,46.4,51.9,24.4,101.69,9.6,"3,025"
Malik Monk,19,23,20.9,109.4,108.6,0.8,15.5,1.58,15.3,1.5,9.6,5.5,9.6,54.0,56.9,22.7,101.97,9.6,"1,874"
Saben Lee,14,34,16.3,105.4,111.7,-6.3,33.3,3.16,36.3,2.6,9.9,6.3,11.5,49.0,53.6,17.1,98.91,9.6,"1,614"
Doug McDermott,32,34,24.5,110.5,112.3,-1.8,7.5,1.60,10.1,3.6,9.6,6.6,6.3,61.6,63.5,19.4,103.70,9.6,"3,505"
Tomas Satoransky,25,33,22.5,109.4,110.1,-0.8,27.8,2.82,37.3,2.4,8.7,5.5,13.2,57.8,61.4,15.0,99.25,9.6,"2,711"
Norman Powell,32,37,32.0,114.3,112.5,1.8,8.9,1.08,10.1,1.8,7.9,4.8,9.3,57.0,61.8,22.1,101.07,9.6,"4,642"
Jordan McLaughlin,15,36,18.4,102.6,108.8,-6.3,29.2,3.78,38.6,2.0,9.0,5.3,10.2,48.1,50.2,13.3,103.41,9.5,"2,018"
RJ Barrett,41,31,34.9,110.0,107.2,2.7,13.4,1.56,14.1,2.7,13.0,7.9,9.0,49.9,53.5,22.8,97.54,9.5,"5,101"
Kendrick Nunn,31,25,29.5,111.1,111.6,-0.4,14.0,1.85,16.2,1.3,9.6,5.5,8.8,57.8,59.6,20.5,97.49,9.5,"3,355"
Aaron Gordon,29,21,27.7,112.5,110.4,2.1,16.5,1.66,19.6,5.5,15.0,10.2,11.8,52.2,54.7,20.4,99.48,9.5,"2,868"
Daniel Theis,28,37,24.6,109.4,110.8,-1.3,9.7,1.64,15.7,5.7,16.4,11.0,9.6,59.3,60.9,15.4,99.75,9.5,"3,333"
Xavier Tillman,31,28,18.4,109.5,106.6,2.9,9.6,1.67,17.1,6.5,16.3,11.3,10.3,59.5,60.5,14.2,101.41,9.5,"2,276"
Taj Gibson,29,16,20.8,110.5,103.1,7.3,5.4,1.64,14.9,10.2,15.1,12.7,9.1,63.6,66.1,9.5,97.67,9.5,"1,899"
Dario Saric,37,13,17.4,115.9,104.4,11.5,10.4,1.14,12.7,5.5,16.8,11.2,11.2,51.6,56.7,21.8,101.27,9.4,"1,840"
Bojan Bogdanovic,52,20,30.8,116.8,107.3,9.5,9.1,1.06,10.4,1.8,9.9,6.0,9.8,53.6,58.8,22.5,99.94,9.4,"4,604"
Talen Horton-Tucker,39,26,20.1,105.8,104.7,1.0,20.9,1.72,21.9,1.9,10.4,6.3,12.7,49.6,53.6,21.0,100.77,9.4,"2,731"
Anthony Edwards,23,49,32.1,110.6,115.6,-5.0,14.2,1.32,12.4,2.3,12.1,7.0,9.4,48.8,52.3,26.4,102.71,9.4,"4,961"
Obi Toppin,36,26,11.0,109.1,106.5,2.7,6.5,1.26,10.7,3.7,15.5,9.7,8.5,56.0,57.4,15.7,97.43,9.3,"1,381"
Tristan Thompson,27,27,23.8,111.9,110.9,1.0,7.3,1.08,13.2,12.4,21.2,16.7,12.2,51.8,54.0,14.4,99.66,9.3,"2,670"
Frank Jackson,13,27,18.5,106.1,107.0,-1.0,7.9,1.06,9.2,2.1,9.2,5.7,8.7,56.1,59.8,20.7,99.74,9.3,"1,535"
Ish Smith,23,21,21.0,111.0,108.7,2.3,24.2,4.20,32.8,2.2,13.1,7.6,7.8,46.5,47.3,15.5,104.87,9.3,"2,020"
Monte Morris,30,17,25.5,115.7,109.5,6.2,17.2,4.41,24.9,0.9,7.1,4.0,5.6,54.7,57.4,16.1,98.88,9.2,"2,464"
Blake Griffin,24,22,25.8,113.1,111.0,2.1,17.1,2.26,21.2,2.9,15.9,9.4,9.4,50.9,54.6,19.1,98.38,9.2,"2,435"
Saddiq Bey,19,51,27.3,105.6,111.2,-5.6,7.7,1.58,10.5,2.2,14.5,8.2,6.6,53.0,56.7,18.2,99.47,9.2,"3,960"
Cole Anthony,13,34,27.1,103.5,116.3,-12.8,24.1,1.81,21.2,2.7,14.2,8.1,11.7,44.9,49.6,23.5,100.08,9.1,"2,662"
Terance Mann,45,22,18.9,112.4,109.7,2.7,11.4,2.60,19.4,4.4,14.0,9.3,7.5,56.3,60.3,14.4,99.93,9.1,"2,612"
Reggie Jackson,43,24,23.0,116.7,109.3,7.4,18.5,2.77,22.8,1.6,10.7,6.3,8.2,55.4,57.6,19.5,99.08,9.1,"3,192"
Marcus Morris Sr.,38,19,26.3,117.4,113.1,4.2,5.6,1.02,7.9,2.5,13.3,8.0,7.8,59.2,61.4,19.4,98.69,9.1,"3,089"
Keldon Johnson,32,37,28.5,110.0,113.8,-3.8,8.7,1.55,12.3,4.5,16.3,10.3,7.9,52.2,55.7,18.9,100.04,9.1,"4,093"
Kenrich Williams,21,45,21.6,104.8,111.1,-6.3,15.3,2.00,22.8,5.6,12.9,9.2,11.4,59.6,59.9,14.8,103.22,9.0,"3,073"
Steven Adams,26,32,27.7,114.9,115.0,-0.1,8.8,1.42,19.8,13.2,18.7,16.0,13.9,61.4,59.6,11.8,99.08,9.0,"3,320"
Kelly Oubre Jr.,27,28,30.7,105.2,109.8,-4.6,6.7,1.04,7.8,4.6,13.5,9.1,7.4,50.1,52.9,21.5,104.57,9.0,"3,667"
Terrence Ross,16,30,29.3,103.2,112.0,-8.8,13.3,1.46,12.7,1.0,10.4,5.4,8.7,48.5,53.0,23.0,100.24,9.0,"2,818"
Myles Turner,22,25,31.0,109.2,107.9,1.3,4.7,0.72,7.8,4.3,15.9,10.2,10.9,55.7,59.9,16.7,100.71,9.0,"3,047"
Kenyon Martin Jr.,10,35,23.7,105.5,117.0,-11.5,6.8,1.26,10.9,6.3,15.9,10.8,8.6,56.4,59.0,15.4,102.71,9.0,"2,275"
Khem Birch,23,44,22.8,106.1,109.7,-3.6,8.5,2.02,15.6,10.1,13.8,11.9,7.7,51.4,55.2,13.3,99.71,8.9,"3,171"
P.J. Washington,31,33,30.5,110.4,109.8,0.6,12.0,1.26,15.5,4.5,16.3,10.3,12.3,52.2,54.9,19.1,100.16,8.9,"4,081"
Furkan Korkmaz,39,16,19.3,110.3,104.3,6.0,11.1,1.78,14.0,1.5,9.0,5.2,7.9,52.0,54.4,19.5,101.22,8.9,"2,243"
Yuta Watanabe,24,26,14.5,105.0,107.8,-2.7,7.9,2.11,15.9,4.6,17.1,10.6,7.5,53.9,56.5,12.1,101.77,8.9,"1,533"
Damion Lee,28,29,18.9,109.7,108.2,1.6,9.4,2.43,18.5,2.0,14.2,8.1,7.6,60.8,63.6,12.7,103.21,8.8,"2,322"
Nickeil Alexander-Walker,20,26,21.9,108.2,111.5,-3.3,15.5,1.48,15.6,1.2,12.7,6.9,10.5,50.2,52.2,22.8,100.54,8.8,"2,117"
James Wiseman,18,21,21.4,101.8,110.6,-8.8,5.0,0.43,5.3,6.3,19.0,12.7,12.2,53.5,55.2,23.1,105.66,8.8,"1,830"
Coby White,30,39,31.2,108.6,111.3,-2.7,21.8,2.10,22.7,1.3,11.6,6.5,10.8,50.6,54.0,21.9,101.62,8.8,"4,572"
Nicolas Batum,44,23,27.4,117.1,108.2,8.9,10.5,2.79,23.3,2.9,14.3,8.8,8.3,59.7,61.7,11.6,98.52,8.8,"3,768"
Carmelo Anthony,39,30,24.5,115.1,115.8,-0.6,9.7,1.70,10.3,1.7,10.7,6.0,6.0,50.6,54.7,22.8,99.23,8.8,"3,493"
JaMychal Green,38,20,19.3,111.8,107.6,4.1,7.0,1.00,10.5,7.2,17.7,12.2,10.5,56.8,59.0,17.2,97.77,8.8,"2,283"
Donte DiVincenzo,44,22,27.5,117.3,109.1,8.1,13.7,2.23,21.9,4.3,15.5,10.0,9.8,52.8,54.2,16.3,104.77,8.7,"3,953"
Onyeka Okongwu,31,19,12.0,106.2,112.6,-6.3,4.7,0.62,8.2,10.0,17.2,13.5,13.2,64.4,65.5,14.1,101.40,8.7,"1,266"
Terence Davis,26,35,17.6,107.3,110.1,-2.8,12.2,1.32,13.3,1.8,12.5,7.0,10.1,53.5,55.5,21.3,102.23,8.7,"2,286"
Torrey Craig,33,17,16.1,111.0,114.7,-3.7,8.4,1.96,15.7,7.0,18.5,12.5,8.0,56.6,57.9,14.1,99.20,8.6,"1,645"
Raul Neto,30,34,21.9,109.3,110.3,-1.0,14.1,2.75,21.3,1.9,8.7,5.3,7.7,53.9,57.5,15.5,106.03,8.6,"3,104"
Precious Achiuwa,31,30,12.1,102.0,109.2,-7.2,6.4,0.67,8.3,9.7,17.4,13.6,12.3,54.4,55.0,18.4,101.39,8.6,"1,555"
Darius Bazley,16,39,31.2,100.7,113.8,-13.1,9.1,0.81,10.0,2.7,19.3,10.8,12.3,45.6,49.1,21.8,102.43,8.6,"3,659"
Joe Harris,45,24,31.0,117.4,110.6,6.9,8.1,2.10,14.1,2.1,9.0,5.7,6.7,65.4,66.3,15.7,102.03,8.5,"4,569"
R.J. Hampton,20,31,17.4,102.6,116.7,-14.2,15.5,1.64,17.8,3.0,16.2,9.4,10.8,47.8,50.7,19.1,101.94,8.5,"1,879"
Marcus Smart,24,24,32.9,114.2,111.3,2.8,22.7,2.84,28.7,2.2,8.4,5.2,10.1,48.9,53.9,17.9,101.16,8.5,"3,332"
Denzel Valentine,26,36,16.7,107.7,106.7,1.0,14.4,2.50,18.4,2.2,16.8,9.4,7.4,46.9,47.9,19.0,100.05,8.5,"2,170"
Brook Lopez,46,24,27.2,117.0,110.2,6.8,3.3,0.78,6.1,5.4,11.5,8.6,7.9,57.7,61.1,16.6,103.68,8.5,"4,123"
Juancho Hernangomez,19,33,17.3,110.5,115.4,-4.9,5.5,1.30,8.7,4.7,17.7,11.0,6.7,52.7,54.9,16.7,102.74,8.5,"1,937"
Seth Curry,39,18,28.7,114.7,106.5,8.2,13.1,2.38,19.4,0.6,7.4,4.2,8.1,58.2,60.7,16.9,100.40,8.4,"3,444"
Alex Caruso,32,26,21.0,107.2,101.7,5.5,19.0,2.11,27.9,2.5,11.4,6.9,13.2,52.6,54.7,14.4,100.29,8.4,"2,532"
Nemanja Bjelica,16,21,16.1,109.8,116.5,-6.7,16.0,2.09,21.6,4.9,17.2,10.9,10.3,52.3,55.4,17.9,100.53,8.4,"1,254"
Buddy Hield,31,40,34.3,114.5,116.3,-1.8,14.1,1.98,18.2,1.2,12.6,6.9,9.2,54.8,56.7,20.1,101.26,8.4,"5,149"
Chuma Okeke,15,30,25.2,102.6,109.8,-7.2,13.2,2.66,21.1,3.3,11.7,7.4,7.9,49.2,51.1,14.2,100.85,8.4,"2,374"
Grayson Allen,26,24,25.2,111.6,111.0,0.5,11.6,2.25,17.9,1.4,10.6,6.0,7.9,54.7,58.6,16.4,102.33,8.4,"2,682"
Luke Kennard,44,19,19.6,114.0,114.4,-0.4,12.0,2.17,18.0,1.3,11.8,6.6,8.3,59.7,60.8,16.6,99.00,8.4,"2,535"
Willie Cauley-Stein,29,24,17.1,114.4,105.0,9.4,5.3,1.21,12.4,7.3,17.5,12.6,10.3,63.5,64.7,12.0,99.00,8.4,"1,851"
Isaiah Roby,19,42,23.4,99.5,113.6,-14.1,11.8,0.95,15.3,5.7,16.9,11.2,16.1,52.0,55.5,17.1,102.90,8.4,"3,052"
Damian Jones,24,15,14.0,104.9,110.0,-5.1,7.5,1.12,15.8,6.4,15.6,10.9,14.1,68.4,71.2,12.0,102.95,8.3,"1,167"
Marc Gasol,32,20,19.1,108.5,104.2,4.3,14.5,2.06,28.9,3.9,17.4,10.8,14.1,58.2,60.6,11.7,99.96,8.3,"2,068"
Jeff Green,44,24,27.0,116.1,112.8,3.3,8.0,2.00,14.1,1.9,11.6,7.0,7.1,59.0,62.4,15.4,101.65,8.3,"3,880"
Malachi Flynn,21,26,19.7,103.8,109.4,-5.6,22.5,3.19,25.3,1.0,11.4,6.0,7.9,45.3,48.4,18.3,101.04,8.3,"1,958"
Jae'Sean Tate,17,53,29.2,108.0,111.8,-3.8,12.7,1.82,18.4,6.0,11.8,8.8,10.1,55.4,57.6,16.1,102.71,8.3,"4,360"
Nerlens Noel,35,29,24.2,109.2,108.5,0.7,4.1,0.71,12.6,9.4,16.4,13.0,17.8,61.4,63.8,9.2,96.74,8.2,"3,106"
Payton Pritchard,33,33,19.2,111.2,110.6,0.6,13.6,2.26,19.6,2.5,9.9,6.1,8.7,56.2,58.2,16.2,99.38,8.2,"2,636"
Sterling Brown,14,37,24.1,105.5,110.8,-5.4,8.8,1.76,15.6,2.9,14.7,8.6,8.9,58.4,59.7,13.3,102.14,8.2,"2,608"
Rui Hachimura,29,28,31.5,109.5,112.4,-2.8,6.2,1.21,9.4,2.6,13.9,8.3,7.8,51.3,54.9,18.0,105.48,8.2,"3,950"
Dean Wade,19,44,19.2,102.9,111.9,-9.0,9.4,2.47,17.2,3.1,15.4,9.0,7.0,55.6,57.3,12.8,99.06,8.2,"2,503"
Jae Crowder,42,18,27.5,114.3,107.9,6.3,10.2,2.31,18.1,2.0,14.6,8.5,7.8,55.5,57.4,15.2,100.00,8.1,"3,434"
Jaylen Nowell,10,32,18.1,104.5,111.1,-6.6,13.0,2.21,13.9,2.2,9.8,5.8,6.3,49.9,52.8,20.6,103.74,8.1,"1,645"
Cameron Johnson,43,17,24.0,112.2,106.5,5.7,8.3,2.15,13.6,2.3,11.8,7.0,6.3,54.1,56.3,16.4,98.76,8.1,"2,958"
Josh Jackson,16,46,25.2,104.9,108.3,-3.4,15.0,1.01,13.2,3.5,12.3,7.9,13.1,47.3,51.6,25.4,100.67,8.0,"3,267"
Moritz Wagner,19,26,16.0,104.9,112.8,-7.9,10.7,1.16,13.9,3.5,14.9,9.3,11.9,52.2,58.0,17.8,104.80,8.0,"1,568"
Desmond Bane,36,32,22.3,110.1,109.7,0.4,10.5,2.00,17.1,1.9,11.6,6.6,8.5,58.6,60.0,15.5,101.71,8.0,"3,218"
Kevon Looney,34,27,19.0,112.1,106.1,6.0,13.2,3.22,31.7,9.8,16.5,13.2,9.9,55.8,57.5,9.2,102.37,8.0,"2,467"
Taurean Prince,15,26,22.1,108.5,114.6,-6.1,12.1,1.62,15.8,2.1,13.2,7.7,9.8,49.5,54.0,18.9,101.72,8.0,"1,913"
D.J. Augustin,28,29,19.8,112.7,114.5,-1.8,22.3,2.89,29.7,1.7,6.3,4.0,10.3,51.5,57.0,16.4,101.99,7.9,"2,401"
Jeff Teague,27,28,17.3,113.0,110.3,2.8,18.2,2.06,25.0,1.6,7.4,4.6,12.1,49.6,56.2,17.4,101.90,7.9,"2,017"
Patty Mills,31,37,24.8,107.8,106.4,1.4,14.2,2.45,18.7,1.0,5.3,3.2,7.6,54.4,57.0,17.7,101.97,7.9,"3,568"
Anfernee Simons,37,27,17.3,115.2,114.4,0.8,11.7,2.07,15.9,1.2,10.9,5.9,7.7,56.9,58.9,18.0,98.83,7.9,"2,284"
Elfrid Payton,36,27,23.6,107.8,110.8,-3.0,20.9,1.97,20.9,4.1,9.8,6.9,10.6,45.5,47.8,22.4,97.30,7.9,"3,006"
Pat Connaughton,44,25,22.8,114.3,107.3,6.9,6.4,2.45,15.6,3.9,15.2,9.8,6.4,56.5,57.8,11.3,104.80,7.9,"3,431"
Cory Joseph,25,38,23.0,109.8,115.3,-5.5,20.4,2.70,28.2,2.4,8.5,5.5,10.4,52.2,55.6,15.9,100.79,7.9,"3,024"
DeAndre' Bembry,23,28,19.1,108.1,107.7,0.4,15.7,1.51,24.6,3.3,11.2,7.2,16.3,54.4,57.0,14.2,101.10,7.9,"2,046"
Goga Bitadze,19,26,12.5,108.5,109.3,-0.8,8.7,2.18,13.4,9.5,14.8,12.1,6.2,47.9,52.3,16.9,105.27,7.8,"1,227"
Ryan Arcidiacono,20,24,10.2,104.0,104.0,0.0,17.6,5.60,29.3,1.1,13.5,7.4,5.2,52.6,54.1,12.8,99.21,7.8,936
Kevin Huerter,40,29,30.8,113.2,111.6,1.7,16.1,3.05,22.4,1.7,9.0,5.3,7.3,52.8,54.1,16.7,99.50,7.7,"4,406"
Eric Bledsoe,31,40,29.7,113.0,114.8,-1.8,17.0,2.35,22.4,1.3,10.0,5.7,9.5,50.3,53.3,18.1,101.67,7.7,"4,479"
James Ennis III,12,29,24.1,107.9,111.7,-3.8,8.7,1.72,16.5,4.2,12.3,8.2,9.6,56.6,61.3,13.7,99.60,7.7,"2,049"
Svi Mykhailiuk,13,53,20.1,103.8,112.0,-8.2,12.7,1.25,15.2,1.7,10.4,5.9,12.2,51.5,52.9,19.0,102.27,7.7,"2,823"
Bryn Forbes,45,25,19.3,113.4,110.8,2.7,4.5,1.02,7.1,0.8,6.9,3.9,6.9,61.8,63.1,18.0,104.16,7.6,"2,949"
Will Barton,37,19,31.0,118.4,112.4,6.0,13.5,1.89,19.4,2.4,10.9,6.7,10.3,50.7,53.8,18.7,97.52,7.6,"3,535"
Langston Galloway,29,11,10.9,110.7,107.5,3.2,8.0,2.00,13.5,1.7,8.0,4.9,6.7,57.1,60.5,16.3,102.21,7.6,934
Georges Niang,52,20,16.0,114.9,100.3,14.6,7.1,1.16,11.2,2.4,11.7,7.2,9.7,59.0,60.2,16.9,101.74,7.6,"2,445"
Markieff Morris,32,29,19.7,107.1,106.3,0.8,8.8,1.35,13.9,4.0,17.6,10.9,10.3,49.1,50.9,16.0,100.47,7.6,"2,512"
PJ Dozier,36,14,21.8,112.0,102.5,9.5,11.6,2.00,17.7,3.1,13.3,8.2,8.8,48.3,50.1,16.6,99.31,7.6,"2,242"
Trey Burke,35,27,14.7,111.5,110.2,1.3,12.9,2.45,16.5,1.1,4.7,2.9,6.7,51.0,54.4,19.3,99.91,7.6,"1,893"
Jevon Carter,42,18,11.9,110.9,107.6,3.3,13.6,4.44,22.8,2.2,10.7,6.3,5.1,54.7,54.8,14.6,99.79,7.5,"1,482"
Kent Bazemore,35,32,19.9,110.5,104.6,5.9,10.8,1.32,17.5,1.9,14.0,8.1,13.3,54.5,56.4,15.9,103.77,7.5,"2,881"
Wayne Ellington,13,33,22.0,110.0,114.2,-4.3,9.7,2.03,14.9,1.2,7.3,4.2,7.3,61.2,62.5,16.2,99.33,7.5,"2,103"
Brad Wanamaker,29,32,17.3,101.4,107.1,-5.7,25.1,2.45,29.8,1.6,8.0,4.7,12.2,41.1,48.9,16.6,100.41,7.5,"2,201"
Duncan Robinson,40,32,31.4,110.6,108.3,2.3,8.2,1.57,13.4,0.3,10.9,5.7,8.5,61.4,62.8,16.2,97.55,7.5,"4,602"
Royce O'Neale,51,20,31.6,117.7,107.3,10.4,10.3,2.18,26.6,3.9,16.2,10.4,12.2,58.0,59.9,9.5,99.48,7.4,"4,639"
Reggie Bullock,38,27,30.0,109.7,107.2,2.5,7.2,2.20,13.8,0.8,10.2,5.6,6.3,58.7,60.6,14.0,97.29,7.4,"3,955"
Facundo Campazzo,43,22,21.9,111.6,108.8,2.8,21.5,3.18,35.3,1.5,8.1,4.7,11.1,50.2,55.8,12.8,99.09,7.4,"2,940"
Jake Layman,12,33,13.9,101.5,107.3,-5.8,6.7,1.08,11.1,1.9,8.3,5.1,10.3,55.7,57.7,14.7,104.15,7.4,"1,360"
Dorian Finney-Smith,36,24,32.0,117.2,112.1,5.1,7.0,2.13,16.1,5.2,11.6,8.4,7.6,60.0,60.9,12.0,98.37,7.4,"3,935"
Danny Green,46,23,28.0,114.5,107.4,7.1,8.0,1.76,15.8,2.9,10.0,6.6,9.0,57.3,58.2,13.8,101.26,7.3,"4,090"
Cedi Osman,17,42,25.6,103.3,114.2,-11.0,17.3,2.17,19.8,2.4,11.3,6.7,9.1,45.8,48.8,19.8,99.00,7.3,"3,124"
Maxi Kleber,31,19,26.8,113.5,108.9,4.6,6.6,2.27,17.4,3.5,15.1,9.5,7.7,58.0,60.6,10.3,100.10,7.3,"2,799"
Josh Richardson,35,24,30.3,113.5,113.7,-0.2,12.3,1.94,17.1,2.8,7.9,5.4,8.8,49.8,53.7,18.1,98.27,7.3,"3,647"
Jalen McDaniels,18,29,19.2,104.6,113.9,-9.4,9.0,1.18,13.0,4.7,13.8,9.1,11.0,53.0,55.4,16.9,98.54,7.3,"1,852"
Cody Martin,26,26,16.3,109.1,108.1,1.0,13.8,2.15,25.9,5.9,12.6,9.2,12.0,48.4,50.0,12.3,100.16,7.3,"1,762"
Nassir Little,27,21,13.3,116.2,118.4,-2.2,4.9,1.28,10.1,4.6,14.4,9.4,7.9,55.1,58.9,13.5,99.06,7.2,"1,317"
Andre Iguodala,37,26,21.3,105.6,108.1,-2.5,15.3,2.12,30.0,3.0,13.4,8.3,14.1,50.4,51.9,10.9,97.82,7.2,"2,722"
Brandon Goodwin,25,22,13.2,104.7,109.1,-4.4,24.6,2.64,25.4,1.2,9.7,5.3,9.6,44.8,47.1,19.0,99.05,7.2,"1,276"
Lamar Stevens,13,27,12.5,100.1,110.5,-10.4,7.9,1.09,12.0,4.4,14.5,9.2,11.1,47.1,52.1,15.2,100.57,7.2,"1,042"
Robert Covington,42,28,32.0,118.6,113.8,4.8,6.6,1.83,16.3,2.6,18.3,10.2,8.9,53.3,55.3,11.4,99.68,7.2,"4,649"
Edmond Sumner,23,30,16.2,111.8,112.2,-0.4,7.5,0.96,11.8,2.0,8.3,5.2,12.2,58.7,62.6,17.6,105.90,7.2,"1,889"
Max Strus,14,25,13.0,109.4,113.6,-4.2,7.4,3.00,10.5,1.1,7.3,4.3,3.5,58.8,59.7,17.9,98.32,7.2,"1,039"
James Johnson,21,30,20.5,106.4,111.4,-5.0,13.4,1.78,19.1,2.9,13.1,8.0,10.7,49.4,51.0,16.6,102.54,7.1,"2,220"
Gary Trent Jr.,29,29,31.1,113.9,115.7,-1.8,6.7,1.86,8.4,1.4,6.9,4.0,4.5,51.3,53.4,20.4,99.82,7.1,"3,752"
Devin Vassell,30,32,17.0,106.5,108.9,-2.4,7.1,2.55,14.0,2.1,13.8,7.9,5.5,49.2,52.4,13.8,102.37,7.1,"2,247"
Patrick Williams,30,41,27.9,106.3,113.5,-7.1,6.8,1.01,12.7,3.3,13.1,8.2,12.6,53.4,56.2,14.6,100.41,7.1,"4,151"
Kentavious Caldwell-Pope,39,28,28.4,110.5,107.3,3.3,9.1,1.92,17.2,1.5,8.1,4.8,8.9,54.9,58.8,13.9,99.50,7.0,"3,947"
Aron Baynes,20,33,18.5,106.6,111.0,-4.4,7.0,1.02,11.4,8.2,19.2,13.5,11.1,48.5,50.3,15.7,101.31,7.0,"2,074"
Davis Bertans,29,28,25.7,112.8,110.8,2.1,4.3,1.48,8.2,1.1,9.5,5.3,5.5,58.1,62.0,14.8,106.56,6.9,"3,269"
Javonte Green,19,22,11.6,109.0,107.2,1.8,4.8,0.89,11.0,5.6,10.0,7.7,12.3,56.9,61.0,12.2,101.22,6.9,999
Damyean Dotson,14,32,19.7,97.0,109.4,-12.5,16.1,2.17,20.6,0.5,9.5,4.8,9.5,48.5,49.9,16.2,99.68,6.9,"1,893"
Dwayne Bacon,21,51,25.7,101.3,112.8,-11.4,8.0,2.02,9.9,1.5,10.2,5.6,4.9,44.3,49.0,19.3,100.39,6.9,"3,875"
Bismack Biyombo,28,38,20.4,102.8,111.7,-8.9,8.7,1.14,18.5,9.4,15.0,12.1,16.2,58.7,57.4,11.3,99.47,6.8,"2,782"
Caleb Martin,23,30,15.4,104.7,109.5,-4.9,12.3,2.03,17.5,3.6,12.5,8.1,8.6,43.6,46.5,16.4,99.93,6.7,"1,696"
JJ Redick,22,22,16.4,109.3,110.6,-1.3,9.8,1.42,13.7,0.6,8.2,4.4,9.7,52.1,56.4,18.4,102.32,6.7,"1,552"
Patrick Patterson,26,12,15.3,111.2,109.1,2.1,6.9,2.64,13.6,3.2,9.3,6.3,5.2,55.8,57.1,13.5,99.85,6.6,"1,209"
Patrick Beverley,25,12,22.5,115.7,106.7,9.0,12.3,2.24,21.6,3.7,10.8,7.3,9.7,55.0,58.0,14.6,98.05,6.6,"1,698"
Dillon Brooks,36,31,29.8,113.9,109.4,4.5,11.2,1.32,11.3,2.6,6.9,4.7,8.6,48.1,51.5,25.6,102.16,6.6,"4,233"
Justin Holiday,34,38,30.3,110.5,111.2,-0.6,7.0,2.20,14.3,1.4,9.8,5.7,6.5,55.1,57.1,13.8,103.14,6.5,"4,684"
Kevin Knox II,26,16,11.1,101.1,104.7,-3.5,6.4,1.12,10.2,2.0,10.1,6.0,9.1,51.4,53.7,15.2,99.38,6.5,962
Kira Lewis Jr.,23,31,16.7,108.9,108.1,0.8,19.1,3.65,24.0,1.2,6.4,3.7,6.6,44.5,47.7,17.6,102.61,6.4,"1,937"
Nicolo Melli,26,19,12.6,106.3,105.2,1.1,10.8,3.67,21.2,4.6,16.6,10.2,5.8,40.8,44.1,12.3,96.87,6.4,"1,148"
Landry Shamet,39,22,23.0,113.6,112.4,1.1,9.7,2.06,15.6,0.8,6.7,4.0,7.5,54.9,57.8,16.4,101.34,6.3,"2,972"
Theo Maledon,20,45,27.3,97.2,113.6,-16.5,19.7,1.61,21.8,1.2,10.1,5.5,13.6,45.4,48.9,18.8,103.27,6.3,"3,829"
Semi Ojeleye,28,28,17.0,107.6,107.8,-0.2,5.4,1.76,12.6,3.2,12.1,7.6,7.2,53.4,55.3,11.4,99.00,6.3,"1,963"
Lonnie Walker IV,28,32,25.4,109.4,115.7,-6.3,9.5,1.55,12.6,0.9,9.3,5.0,8.1,50.2,52.3,19.9,100.05,6.3,"3,168"
Luguentz Dort,18,34,29.7,104.4,111.6,-7.2,9.0,1.11,10.1,2.3,9.2,5.7,9.0,47.5,51.3,21.8,101.09,6.2,"3,242"