#,Player,GP,W,L,MIN,OFFRTG,DEFRTG,NETRTG,AST%,AST/TO,AST RATIO,OREB%,DREB%,REB%,TOV%,EFG%,TS%,PACE,PIE,POSS,Year
1,Chicago Bulls,82,62,20,3966,107.2,99.5,7.8,60.1,1.57,17.3,33.2,71.7,52.8,15.4,50.1,54.1,91.2,55.5,"7,542",2010
2,San Antonio Spurs,82,61,21,3956,110.5,104.4,6.1,58.3,1.67,17.5,27.6,71.1,50,14.3,52.7,56.7,93.34,53.8,"7,691",2010
3,Miami Heat,82,58,24,3956,110.6,102.9,7.8,54.1,1.44,16.1,28.7,71.5,51.4,15.1,52.4,57.3,91.63,55.6,"7,564",2010
4,Dallas Mavericks,82,57,25,3941,108.4,104.1,4.4,63.7,1.71,18.7,27.8,71.3,50.4,15.1,52.5,56.5,92.24,53.8,"7,581",2010
4,Los Angeles Lakers,82,57,25,3966,109.6,103.3,6.3,57.6,1.68,17,32.5,69.2,51.3,14.1,50.2,54.5,91.78,54.1,"7,594",2010
6,Boston Celtics,82,56,26,3956,105.5,99.8,5.7,63.5,1.61,18.8,25.7,70.9,49.7,15.9,51.9,56.1,90.92,55.8,"7,500",2010
7,Oklahoma City Thunder,82,55,27,4001,109.9,105.9,3.9,54.5,1.45,15.8,30.6,69.7,50.7,14.8,50.1,56.1,93.84,52.9,"7,824",2010
8,Orlando Magic,82,52,30,3966,107.4,101.8,5.6,55.3,1.34,15.9,30.4,72.3,51.8,16.2,52.1,55.4,91.55,53.4,"7,575",2010
9,Denver Nuggets,82,50,32,3941,111.7,106.8,4.9,57.6,1.57,17,28.3,71.6,50.6,14.7,52.6,57.4,96.06,52.4,"7,888",2010
10,Portland Trail Blazers,82,48,34,3961,107.3,105.7,1.6,58.8,1.62,16.9,33.1,68.2,49.9,14.5,48.6,53.3,89.13,51.6,"7,359",2010
11,Memphis Grizzlies,82,46,36,3976,107,104.5,2.5,52.8,1.48,16,33.3,68.2,50.5,15,49.3,53.4,92.42,51.8,"7,656",2010
11,New Orleans Hornets,82,46,36,3966,105.4,104.4,1,57.4,1.58,16.8,28.9,72.1,50.3,14.5,49.3,53.7,89.4,50.7,"7,387",2010
13,Atlanta Hawks,82,44,38,3946,105.1,105.8,-0.7,60.7,1.61,17.7,27.4,71,49.4,15.1,50.1,54.2,90.22,49.3,"7,410",2010
14,Houston Rockets,82,43,39,3976,110.2,107.9,2.3,61.7,1.76,17.8,31.5,69,50.1,14.1,50.3,55,95.14,51.5,"7,880",2010
15,New York Knicks,82,42,40,3956,109.9,109,1,56,1.56,16.4,27.3,67.6,47.3,14.1,51.3,56.1,96.47,50.4,"7,945",2010
16,Philadelphia 76ers,82,41,41,3986,105.3,103.8,1.5,59.6,1.75,17.6,27.8,71.4,49.7,13.8,49.4,53.5,92.78,51,"7,709",2010
17,Phoenix Suns,82,40,42,4001,108.6,109.4,-0.8,60.4,1.66,17.9,27.5,68.1,48,14.7,52.2,55.9,95.18,49.4,"7,930",2010
18,Utah Jazz,82,39,43,3976,107,108.8,-1.8,62.7,1.63,18,31.4,67.9,49.6,15.4,49.8,54.4,92.03,50,"7,619",2010
19,Indiana Pacers,82,37,45,3956,104.1,105,-0.9,53.6,1.28,15.2,29.7,70.3,50.1,16,48.6,53.3,95.5,49.2,"7,864",2010
20,Golden State Warriors,82,36,46,3966,107.1,109.4,-2.3,56.8,1.54,17,30,65.9,47.6,15.1,51,54.4,95.85,47.2,"7,916",2010
21,Milwaukee Bucks,82,35,47,3966,100.8,101.5,-0.8,54.9,1.4,15.3,28.7,71,49.2,14.8,46.7,51.1,90.57,48.8,"7,477",2010
22,Charlotte Bobcats,82,34,48,3961,102.8,107,-4.2,60.1,1.45,16.9,29.8,70.5,50.2,16,48.2,52.8,90.3,48,"7,444",2010
23,Los Angeles Clippers,82,32,50,3971,104.8,108,-3.2,60.1,1.35,16.9,33,69.2,51.1,17.4,49.6,53.5,93.35,48.3,"7,718",2010
24,Detroit Pistons,82,30,52,3976,107,110.7,-3.7,56.6,1.62,16.8,31.7,68.1,49.1,14.4,49.5,53.3,89.79,46.4,"7,428",2010
25,New Jersey Nets,82,24,58,4001,102.1,108.9,-6.8,59,1.5,16.6,30.4,70,49.7,15.2,47.4,51.7,90.7,45.2,"7,563",2010
25,Sacramento Kings,82,24,58,3971,102.9,108.4,-5.5,53.4,1.27,15.4,33.4,70.2,51.2,16.7,48,51.9,95.76,46.2,"7,923",2010
27,Washington Wizards,82,23,59,3986,101.3,109.1,-7.8,52.2,1.27,14.9,31.7,67.1,48.8,16,47.1,51.3,94.76,44.5,"7,871",2010
28,Toronto Raptors,82,22,60,3956,105.2,111.7,-6.5,57.1,1.49,16.8,31.4,68.5,49.5,15.6,49.1,53.3,93.78,45.9,"7,723",2010
29,Cleveland Cavaliers,82,19,63,3951,101.5,110.9,-9.5,59.6,1.48,16.4,28.3,69.9,48.5,15.1,47.2,51.8,93.76,44.1,"7,715",2010
30,Minnesota Timberwolves,82,17,65,3956,103.2,109.9,-6.7,53.4,1.18,15,33.6,69.8,51.2,17.4,48.3,52.6,97.49,44.3,"8,034",2010
1,Chicago Bulls,66,50,16,3188,106.3,97.5,8.8,61.9,1.65,17.7,36.1,70.3,53.6,15.4,49,52.3,89.98,56.1,"5,982",2011
1,San Antonio Spurs,66,50,16,3188,110,102.3,7.7,58.5,1.71,17.8,28.2,72,50.7,14.4,52.8,56.2,93.67,54.6,"6,220",2011
3,Oklahoma City Thunder,66,47,19,3198,108.4,102.1,6.3,49.7,1.13,14.6,30.4,68.7,50.9,17.2,51.6,56.7,94.11,54.2,"6,273",2011
4,Miami Heat,66,46,20,3208,105.6,99.2,6.4,53.8,1.31,15.9,29.9,69.3,50.4,16.3,50.5,54.9,92.07,55.3,"6,154",2011
5,Indiana Pacers,66,42,24,3198,105.5,102.1,3.3,52.2,1.33,14.7,33.3,68.9,51.1,15.1,47.4,52.6,91.68,52.1,"6,115",2011
6,Los Angeles Lakers,66,41,25,3213,104.5,103.2,1.3,61.1,1.49,17.3,32.7,71.9,53.2,16.2,49.1,53.4,91.72,52.4,"6,145",2011
6,Memphis Grizzlies,66,41,25,3188,102.8,100.6,2.2,53.2,1.35,15.4,33.5,68.8,50.8,15.7,47.3,51.5,91.82,51.4,"6,099",2011
8,Atlanta Hawks,66,40,26,3233,104.2,100.4,3.8,61,1.61,17.6,27.9,70.3,49.3,15.1,50,53.5,90.88,52.6,"6,117",2011
8,Los Angeles Clippers,66,40,26,3193,107.5,104.8,2.7,56.8,1.58,16.6,33.1,69.2,50.7,14.7,50.2,53.3,89.98,51.7,"5,989",2011
10,Boston Celtics,66,39,27,3188,100.1,97.5,2.6,66.5,1.59,18.8,24.5,68.6,47.8,16.2,49.6,53.5,91.11,53.5,"6,055",2011
11,Denver Nuggets,66,38,28,3208,108.3,105.1,3.2,61.5,1.56,17.9,31.6,70.5,51.5,16,51.6,55.6,95.03,52.7,"6,346",2011
12,Orlando Magic,66,37,29,3193,104,103.4,0.6,58.1,1.34,16.1,30.6,72,51,16.5,50.6,53.3,89.75,49.3,"5,978",2011
13,Dallas Mavericks,66,36,30,3213,102.1,100.9,1.1,57.5,1.49,16.5,26.8,71.4,49.3,14.9,48.9,52.7,92.61,51,"6,195",2011
13,New York Knicks,66,36,30,3188,103.5,100.2,3.2,56.2,1.26,15.6,30.9,70.2,50.3,16.9,49.2,53.3,93.91,52,"6,242",2011
13,Utah Jazz,66,36,30,3233,105.5,104.9,0.5,57,1.54,16.6,34,70.3,51.9,15,48.1,52.5,92.53,50.9,"6,236",2011
16,Philadelphia 76ers,66,35,31,3183,102.7,98.2,4.6,58.8,1.97,17.5,27.7,71.2,49.5,12.3,48,51.1,90.68,53.2,"6,016",2011
17,Houston Rockets,66,34,32,3213,104.2,104,0.2,56.4,1.47,16.4,30.9,69.2,49.9,15.4,49.2,52.9,92.82,49.7,"6,215",2011
18,Phoenix Suns,66,33,33,3168,105.2,105.2,-0.1,59.6,1.6,17.4,29.4,68.7,49.3,15,49.9,53.6,93.61,50.2,"6,173",2011
19,Milwaukee Bucks,66,31,35,3173,104.5,104.1,0.4,62,1.67,17.6,31.4,67.5,49,14.8,48.1,52.1,94.68,50.3,"6,256",2011
20,Portland Trail Blazers,66,28,38,3193,104.4,105.3,-0.9,56.2,1.44,16.1,30.3,69.1,49.3,15.2,48.8,53.1,92.24,49.4,"6,143",2011
21,Minnesota Timberwolves,66,26,40,3188,103.1,105.3,-2.2,54.8,1.29,15.1,31.1,69.3,50.2,16,47.7,52.4,94.44,48.3,"6,268",2011
22,Detroit Pistons,66,25,41,3193,100,105,-5,53.8,1.19,15.1,32.2,68.9,50,17.2,46.8,51,90.31,44.8,"6,000",2011
23,Golden State Warriors,66,23,43,3183,103.9,107.3,-3.4,59.1,1.61,17.4,25.6,65.8,46,14.7,50.5,53.9,93.78,47.2,"6,212",2011
23,Toronto Raptors,66,23,43,3193,99.6,103.6,-3.9,60.9,1.38,16.8,29.4,70.8,50.3,16.7,47.5,51.8,90.19,47.8,"6,008",2011
25,New Jersey Nets,66,22,44,3178,101.8,108.1,-6.3,58,1.32,15.8,31.4,67.7,48.9,16.5,47.3,51.6,91.26,44.8,"6,036",2011
25,Sacramento Kings,66,22,44,3183,102.9,108.7,-5.8,51,1.34,14.7,32.1,67,48.7,15,47.2,51,95.56,45.1,"6,333",2011
27,Cleveland Cavaliers,66,21,45,3193,100,107.6,-7.6,57.9,1.29,15.4,32.3,68.3,49.6,16.6,46.3,50.5,92.34,43.9,"6,140",2011
27,New Orleans Hornets,66,21,45,3188,99.9,103.9,-4,59.5,1.34,16.8,31,69.6,50.6,17.3,47.6,51.7,89.27,48.2,"5,924",2011
29,Washington Wizards,66,20,46,3173,100,104.9,-5,52.3,1.25,15.1,30.8,67.8,48.9,16.3,47.2,50.8,93.59,46,"6,182",2011
30,Charlotte Bobcats,66,7,59,3178,94.4,109.4,-15,60.5,1.39,16,28.5,67.8,47.4,15.7,43.9,48.3,91.86,41.1,"6,080",2011
1,Miami Heat,82,66,16,3976,111.4,103.2,8.2,60,1.65,18.4,26.4,67.8,48.5,15.1,55.2,58.8,91.26,56.4,"7,572",2012
2,Oklahoma City Thunder,82,60,22,3966,111,101.2,9.9,56.1,1.4,16.6,29.1,70.2,51.3,16,52.7,58,94.58,57,"7,808",2012
3,San Antonio Spurs,82,58,24,3976,107,100.3,6.7,64.1,1.71,19.1,24.3,71.5,49.3,15.3,53.1,56.8,95.31,55.1,"7,892",2012
4,Denver Nuggets,82,57,25,3981,109.3,104.2,5.1,60,1.6,17.8,34.5,67.5,51.3,15.7,51.5,54.9,95.92,53.8,"7,960",2012
5,Los Angeles Clippers,82,56,26,3946,109.8,102.8,6.9,62,1.64,18.4,32.3,69.7,51.2,15.9,52.6,55.7,91.83,54.8,"7,552",2012
5,Memphis Grizzlies,82,56,26,3961,103.6,99.1,4.5,57.9,1.5,16.5,34.4,70.2,52,15.5,47.2,51.4,89.56,53.1,"7,394",2012
7,New York Knicks,82,54,28,3946,109.8,105.4,4.5,52.7,1.6,15.6,29.1,70.8,49.4,13.2,51.5,55,90.68,51.2,"7,462",2012
8,Brooklyn Nets,82,49,33,3971,106.9,104.8,2,56.7,1.38,16.1,34.3,70.1,52,16.2,49.8,53.6,89.88,50.9,"7,433",2012
8,Indiana Pacers,81,49,32,3918,103.4,99,4.4,57.8,1.34,16,33.6,70.1,52.2,16.5,47.9,52.1,90.9,53.7,"7,420",2012
10,Golden State Warriors,82,47,35,3961,105.1,104.2,0.9,58.9,1.49,17.1,28.5,71.2,50.6,15.7,50.6,54.5,95.64,50.2,"7,893",2012
11,Chicago Bulls,82,45,37,3966,102.4,101.9,0.5,64.5,1.61,17.8,33.2,69.9,51.4,15.7,47,51.2,90.35,51.4,"7,460",2012
11,Houston Rockets,82,45,37,3956,108.8,105.3,3.5,60.9,1.41,17.3,30.5,71,50.9,16.9,52.5,56.4,96.89,51,"7,988",2012
11,Los Angeles Lakers,82,45,37,3951,107,105.9,1.1,59.8,1.48,16.8,30.9,70.2,51,15.7,51.2,54.8,95.08,51.3,"7,830",2012
14,Atlanta Hawks,82,44,38,3971,103.7,103.4,0.3,65.1,1.65,18.8,25.4,70.1,48.2,15.7,51.7,54.6,93.56,50.9,"7,744",2012
15,Utah Jazz,82,43,39,3976,105.4,105.6,-0.2,61,1.54,17.4,32.9,69.7,51,15.9,49.2,53.3,92.05,50.4,"7,629",2012
16,Boston Celtics,81,41,40,3968,102.2,102.6,-0.5,61.4,1.56,17.9,24.6,69,47.7,15.4,50.3,54.2,92.46,50.7,"7,652",2012
16,Dallas Mavericks,82,41,41,3996,104.7,105.4,-0.6,59.9,1.67,17.7,25.9,69.8,48.4,14.4,50.6,54.4,95.09,50.2,"7,917",2012
18,Milwaukee Bucks,82,38,44,3966,102.5,104.2,-1.7,60,1.62,17,31.5,67.8,49.1,14.6,47.6,51,95.65,48.8,"7,909",2012
19,Philadelphia 76ers,82,34,48,3951,101,104.7,-3.7,61,1.74,17.7,29.1,69.5,48.9,14.1,48.1,50.9,91.88,47.4,"7,566",2012
19,Toronto Raptors,82,34,48,3996,105,106.4,-1.4,59.2,1.57,16.9,29.6,68.8,49,14.8,48.8,53.2,91.26,48.4,"7,591",2012
21,Portland Trail Blazers,82,33,49,3971,104.5,107.9,-3.4,59.3,1.48,17,29.4,70.2,49.5,15.7,49.8,53.6,92.46,46.8,"7,649",2012
22,Minnesota Timberwolves,82,31,51,3946,101.8,104,-2.2,62.4,1.51,17.1,31.2,70.2,50,15.7,47.3,51.6,93.94,49.4,"7,712",2012
23,Detroit Pistons,82,29,53,3961,102.7,107.2,-4.5,58.5,1.4,16.6,32.4,69.5,50.6,16.4,48.7,52.1,91.68,46.7,"7,571",2012
23,Washington Wizards,82,29,53,3971,99.3,101.6,-2.3,61,1.43,16.9,27.9,70.6,49.1,16.1,47.5,51.2,93.23,48.1,"7,699",2012
25,Sacramento Kings,82,28,54,3966,105.3,110,-4.7,55.3,1.42,16,30.6,67.3,48.5,15.4,49.1,53.2,94.65,45.4,"7,804",2012
26,New Orleans Hornets,82,27,55,3956,104.5,108.9,-4.4,58.2,1.44,16.7,33.2,70.5,51.4,16.2,48.9,52.8,89.5,46.4,"7,379",2012
27,Phoenix Suns,82,25,57,3961,100.2,106.9,-6.7,60.6,1.45,17.1,30.8,68.7,49.1,16.4,47.7,51.2,94.48,45.8,"7,793",2012
28,Cleveland Cavaliers,82,24,58,3946,103.2,108.2,-5,56.6,1.47,15.9,32.6,69.5,50,15,47.3,51.4,93.25,45,"7,666",2012
29,Charlotte Bobcats,82,21,61,3961,100.4,110.3,-9.9,56.2,1.38,15.3,30.5,67.9,48.6,15.1,46,50.7,92.49,43.8,"7,632",2012
30,Orlando Magic,82,20,62,3956,100.9,108.4,-7.4,60.5,1.57,17.6,29.3,70.7,49.8,15.6,48.5,51.4,92.81,45.9,"7,646",2012
1,San Antonio Spurs,82,62,20,3951,109.5,101.4,8.1,62.1,1.75,19,26.1,72.5,50.3,15,53.7,57.1,95.87,55.5,"7,887",2013
2,Oklahoma City Thunder,82,59,23,3961,109.4,103,6.4,56.2,1.43,16.6,29.4,72.2,51.8,15.8,52,56.6,96.33,54.3,"7,954",2013
3,Los Angeles Clippers,82,57,25,3951,111.3,104,7.3,62.8,1.77,18.3,28.8,69,49.6,14.3,52.6,56.7,96.66,54.8,"7,954",2013
4,Indiana Pacers,82,56,26,3956,103.6,98.9,4.7,56,1.33,15.9,29.6,72.1,51.7,16.2,49,53.5,92.89,54.5,"7,656",2013
5,Houston Rockets,82,54,28,3966,109.8,105.2,4.6,56.3,1.33,16.1,30.6,70,51.3,16.5,53.1,57.1,97.27,53.4,"8,040",2013
5,Miami Heat,82,54,28,3976,110,105,5.1,58.8,1.52,18.1,24.4,68.6,47.6,15.9,55.4,59,91.9,53.9,"7,615",2013
5,Portland Trail Blazers,82,54,28,3971,110.4,106.2,4.2,59.4,1.69,17.2,32,71.3,51.7,14.2,50.4,54.8,95.9,52.4,"7,930",2013
8,Golden State Warriors,82,51,31,3966,106.3,101.4,4.9,59.1,1.53,17.4,28.4,72.4,50.8,15.5,51.7,55,97.37,52.8,"8,045",2013
9,Memphis Grizzlies,82,50,32,3961,105.5,103.8,1.7,57.4,1.59,17.1,32.6,71.8,52.1,15,49.4,52.9,90.58,51.8,"7,476",2013
10,Dallas Mavericks,82,49,33,3966,109.5,107.2,2.3,59.6,1.74,18,27.6,69.4,48.7,14.1,52.6,56.4,94.94,52.1,"7,852",2013
11,Chicago Bulls,82,48,34,3986,101.7,99.9,1.9,65.4,1.52,17.6,32.1,71.3,51.8,16.2,47.1,51.8,90.84,52.8,"7,549",2013
11,Phoenix Suns,82,48,34,3951,108.2,105.6,2.6,49.3,1.24,14.7,29.8,69.9,50,15.8,51.9,55.8,96.83,50.9,"7,973",2013
11,Toronto Raptors,82,48,34,3991,107.9,104.6,3.3,58.1,1.5,16.4,31.2,70.1,50.5,15.1,49.8,54.5,92.48,51.2,"7,696",2013
14,Brooklyn Nets,82,44,38,3976,105.4,106.7,-1.3,58.5,1.44,16.7,26,68.6,47.5,15.5,51.4,55.5,92.42,49.2,"7,663",2013
14,Washington Wizards,82,44,38,4011,104.9,103.6,1.3,60.1,1.59,17.6,28.6,71.9,49.8,15.3,50.6,53.8,94.18,50.4,"7,872",2013
16,Charlotte Bobcats,82,43,39,3981,103,103.3,-0.4,59.7,1.76,16.9,26.9,73,50,13.1,48.1,52.2,92.93,50.8,"7,712",2013
17,Minnesota Timberwolves,82,40,42,3971,107.7,105.2,2.6,61.6,1.72,17.3,31.7,71.5,50.8,14,48.6,53.5,98.33,51.9,"8,139",2013
18,Atlanta Hawks,82,38,44,3966,104.9,105.7,-0.7,66.7,1.63,18.8,25.6,71.1,48.5,15.9,51.5,55.4,95.41,50.2,"7,892",2013
19,New York Knicks,82,37,45,3971,107,108.1,-1.1,54.2,1.54,16,29.1,70.5,49.2,14.1,50.5,54.1,91.24,49,"7,556",2013
20,Denver Nuggets,82,36,46,3951,105.1,107.3,-2.2,58.4,1.41,16.4,31,70.3,50.5,16,49.7,53.6,98.95,48.1,"8,146",2013
21,New Orleans Pelicans,82,34,48,3971,106.2,109.1,-3,56.3,1.55,16.5,30.5,69.4,49.7,14.7,49.5,53.7,93.07,48.3,"7,703",2013
22,Cleveland Cavaliers,82,33,49,3986,103.5,107,-3.6,57.2,1.49,16.2,31.4,71.1,50.8,14.9,47.9,51.8,93.69,46.9,"7,784",2013
23,Detroit Pistons,82,29,53,3956,105.2,109,-3.7,53.9,1.44,15.6,34.7,69.3,51.1,15.2,48.2,51.4,95.57,46.4,"7,874",2013
24,Sacramento Kings,82,28,54,3966,105.1,107.8,-2.7,51.1,1.24,14.6,31.6,72.5,51.8,15.9,48.4,53.2,95.04,47.3,"7,840",2013
25,Los Angeles Lakers,82,27,55,3941,103.2,109.3,-6,63.9,1.62,18.1,23.5,67.6,45.9,15.2,50.5,54.2,99.72,46,"8,177",2013
26,Boston Celtics,82,25,57,3946,101.9,106.5,-4.6,57.6,1.37,16.2,31.4,70.8,50.5,16.3,47.7,51.7,94.28,46.1,"7,745",2013
26,Utah Jazz,82,25,57,3956,102.4,110.1,-7.6,56.4,1.39,16.1,29.7,70.8,49.7,15.8,48.4,52.3,92.32,45.1,"7,605",2013
28,Orlando Magic,82,23,59,3991,101,106.6,-5.7,57.1,1.41,16.4,26.7,71.4,49,15.6,48.7,52.5,94.27,46.6,"7,837",2013
29,Philadelphia 76ers,82,19,63,3971,99,109,-10,57.6,1.29,16,29,68.4,47.9,16.8,47.5,51,99.74,42.6,"8,236",2013
30,Milwaukee Bucks,82,15,67,3976,101.9,110.2,-8.3,59.6,1.42,16.5,31,67.8,49,16.1,47.9,51.9,92.96,44.9,"7,685",2013
1,Golden State Warriors,82,67,15,3946,110.4,100.4,9.9,65.9,1.9,19.7,27.3,70.3,49.8,14.5,54,57.1,99.28,56.9,"8,170",2014
2,Atlanta Hawks,82,60,22,3946,108.2,102.3,5.9,67.6,1.81,19.5,26.4,69.7,48.7,15,52.7,56.3,94.66,54,"7,775",2014
3,Houston Rockets,82,56,26,3961,106,102.6,3.4,60,1.33,16.5,30.5,68.6,49.6,17,51.2,54.8,97.36,50.9,"8,037",2014
3,Los Angeles Clippers,82,56,26,3946,111.6,104.7,6.9,62.9,2.01,18.7,27.2,71.6,49.7,12.9,53.3,56.5,95.4,54,"7,844",2014
5,Memphis Grizzlies,82,55,27,3981,104.8,101.2,3.5,57.4,1.62,16.9,28.8,71.6,50.3,14.2,48.9,53.1,92.82,53,"7,696",2014
5,San Antonio Spurs,82,55,27,3991,107.6,101.4,6.3,62.3,1.75,18.4,27.2,73,50.7,14.6,51.7,55.5,94.45,54.5,"7,860",2014
7,Cleveland Cavaliers,82,53,29,3956,110.1,105.3,4.8,58.7,1.55,17.1,31.1,71.1,51.3,15.2,52,55.7,93.23,51.4,"7,682",2014
8,Portland Trail Blazers,82,51,31,3971,107.1,102.8,4.3,56.7,1.61,16.8,28.2,72.8,51,14.2,50.8,54.4,95.06,52.2,"7,868",2014
9,Chicago Bulls,82,50,32,3976,106.3,103.3,3,59.3,1.56,16.6,31.2,70.9,51.6,14.7,48.9,53.6,93.8,52.9,"7,775",2014
9,Dallas Mavericks,82,50,32,3976,108.2,104.9,3.2,56.7,1.74,17,26.9,68.1,47.7,13.3,51.5,55,96.4,52.1,"7,976",2014
11,Toronto Raptors,82,49,33,3971,110.2,107.1,3.1,54.7,1.61,16.1,30.1,68.9,49.4,13.7,50.8,55.3,93.46,50.6,"7,736",2014
12,Washington Wizards,82,46,36,3991,103,102.4,0.6,62.7,1.6,18.1,28.8,72.6,51.4,15.7,49.9,53.4,94.29,52.5,"7,844",2014
13,New Orleans Pelicans,82,45,37,3956,107.1,106.3,0.8,58.1,1.66,17.1,30.9,71.2,51.1,14.3,50.1,53.7,92.29,50.8,"7,608",2014
13,Oklahoma City Thunder,82,45,37,3966,106.7,104.6,2.1,52.8,1.4,15.3,31.8,73,52.4,15.1,49.2,53.2,96.61,50.5,"7,988",2014
15,Milwaukee Bucks,82,41,41,3986,102,101.4,0.6,62.7,1.41,17.8,29,68.6,49.1,17.5,49.9,53.6,94.82,51.1,"7,867",2014
16,Boston Celtics,82,40,42,3976,103.8,103.5,0.3,62.9,1.77,18,28.9,71,49.5,14.2,48.9,52.3,96.71,49.8,"8,007",2014
17,Phoenix Suns,82,39,43,3976,104.2,105.3,-1.1,52.2,1.34,15.4,28.1,69.8,48.9,15.4,50.1,53.7,97.2,49.1,"8,058",2014
18,Brooklyn Nets,82,38,44,3986,103.4,106.3,-3,55.9,1.51,16.3,27.8,70.1,49.1,14.6,49.1,52.9,93.69,48,"7,777",2014
18,Indiana Pacers,82,38,44,3971,102.9,102.7,0.2,58.6,1.53,16.6,28.6,73.5,51.1,14.8,48.4,52.3,93.67,50.5,"7,753",2014
18,Utah Jazz,82,38,44,3941,104.2,104.1,0.1,56.3,1.3,15.8,33.2,71.5,52.4,16.8,49.4,53.1,91.1,50.7,"7,486",2014
21,Miami Heat,82,37,45,3946,103.2,106.1,-3,56.4,1.34,16.1,28.4,68.7,48.9,16.1,50,54,91.49,49.2,"7,526",2014
22,Charlotte Hornets,82,33,49,3981,99.6,103,-3.4,56.8,1.69,15.8,27,74.6,50.2,12.6,45.6,49.8,93.45,48.2,"7,753",2014
23,Detroit Pistons,82,32,50,3966,104.3,105.4,-1.1,58.2,1.61,16.4,31.6,71.2,50.5,14.2,48.2,51.5,93.68,47.8,"7,741",2014
24,Denver Nuggets,82,30,52,3976,103.9,107.1,-3.3,57.7,1.53,16.2,30.3,70,49.4,14.6,47.9,51.8,96.87,46.5,"8,011",2014
25,Sacramento Kings,82,29,53,3971,104.5,108.2,-3.7,55.4,1.25,15.5,31.3,71.5,51.9,16.8,49,54.2,96.16,48.5,"7,952",2014
26,Orlando Magic,82,25,57,3951,101,106.8,-5.9,55,1.39,16.2,26.9,71.6,49.1,15.7,49.4,52.4,94.51,45.5,"7,773",2014
27,Los Angeles Lakers,82,21,61,3986,102.3,109.4,-7.1,56.2,1.58,15.9,29,72,49.7,13.8,47.3,51.3,95.03,45,"7,892",2014
28,Philadelphia 76ers,82,18,64,3961,94.9,103.9,-9,60.9,1.16,15.5,29.3,68.6,48,18.3,45.9,49.4,96.45,42.6,"7,950",2014
29,New York Knicks,82,17,65,3971,98.9,109,-10.1,60.6,1.45,16.7,28.9,69.1,48.4,15.8,47,50.8,92.06,44.1,"7,618",2014
30,Minnesota Timberwolves,82,16,66,3961,101.8,110.9,-9.1,59.3,1.44,16.3,31.1,68.2,48.9,15.6,46.8,51.7,95.45,45.3,"7,873",2014
1,Golden State Warriors,82,73,9,3976,113.5,102.8,10.6,68,1.91,20.4,26.7,72,50.7,15,56.3,59.3,100.24,56.7,"8,303",2015
2,San Antonio Spurs,82,67,15,3941,109.3,98.2,11.1,61.1,1.88,18.8,26.6,74.6,51.6,13.8,52.6,56.4,94.54,57.8,"7,767",2015
3,Cleveland Cavaliers,82,57,25,3971,110.2,103.9,6.3,58.7,1.67,17.4,29.4,74.2,51.9,14.3,52.4,55.8,93.82,52.8,"7,764",2015
4,Toronto Raptors,82,56,26,3956,109.3,104.8,4.4,51.1,1.43,14.9,30,73.6,52,13.9,50.4,55.2,93.35,52.5,"7,707",2015
5,Oklahoma City Thunder,82,55,27,3966,112.1,104.8,7.4,55.8,1.44,16.7,34.7,72,54.1,16.2,52.4,56.5,97.54,54.6,"8,061",2015
6,LA Clippers,82,53,29,3966,107.2,102.7,4.5,59.6,1.76,17.4,23.4,69.7,47.2,13.3,52.4,55.6,96.81,53.3,"7,995",2015
7,Atlanta Hawks,82,48,34,3966,104.6,100.8,3.9,66.3,1.71,19,23.4,69.8,47.4,15.2,51.6,55.2,97.63,52.8,"8,059",2015
7,Boston Celtics,82,48,34,3956,105.8,102.5,3.3,61.6,1.76,17.4,29,70.7,49.5,13.8,48.8,53.1,99.43,52,"8,191",2015
7,Charlotte Hornets,82,48,34,3971,106.4,103.7,2.7,58.6,1.73,16.7,24.4,75.4,49.9,12.9,50.2,54.5,96.24,51.1,"7,966",2015
7,Miami Heat,82,48,34,3966,105.5,103.7,1.7,54.3,1.48,16.3,28,72.9,51.2,14.8,50.8,54.5,94.14,52.5,"7,779",2015
11,Indiana Pacers,82,45,37,3976,103.8,102.2,1.6,55.4,1.43,16.1,27.1,71.4,49.4,15.1,49.7,53.6,97.35,51.8,"8,068",2015
12,Detroit Pistons,82,44,38,3976,105.3,104.9,0.3,51.2,1.44,14.8,31.3,75.3,52.1,14,49.1,52.2,95.75,48.6,"7,942",2015
12,Portland Trail Blazers,82,44,38,3961,107.6,106.8,0.8,55.2,1.46,16,29.4,72.8,51,15,51.1,54.8,97.06,49.3,"8,012",2015
14,Chicago Bulls,82,42,40,3981,104.1,105.5,-1.4,59.1,1.64,17,29,71.4,50.6,14.2,48.7,52.6,96.6,49.4,"8,008",2015
14,Dallas Mavericks,82,42,40,4001,105.5,105.9,-0.4,59.2,1.73,17,24.1,72.3,48.4,13.2,50.2,54.4,95.34,50.3,"7,950",2015
14,Memphis Grizzlies,82,42,40,3966,104.7,107.1,-2.4,56.2,1.56,16,29.8,70.9,49.5,14,47.7,52.4,93.95,48.3,"7,763",2015
17,Houston Rockets,82,41,41,3966,107.3,107.3,0,58.9,1.39,16.4,29.7,69.2,49.2,16.1,51.6,55.3,98.42,49,"8,139",2015
17,Washington Wizards,82,41,41,3951,104.5,105.1,-0.5,61.9,1.69,18.1,25,73.7,49,14.5,51.1,54.4,99.16,49.7,"8,163",2015
19,Utah Jazz,82,40,42,3991,105,103.2,1.8,52.6,1.27,15.1,30.3,73.1,51.7,16.1,50.1,54,91.66,50.8,"7,625",2015
20,Orlando Magic,82,35,47,3981,104.4,106,-1.6,59.6,1.67,17.6,27.1,72.6,49.5,14.4,50,53.3,96.68,48.8,"8,018",2015
21,Denver Nuggets,82,33,49,3966,104.9,108.2,-3.3,60.1,1.55,16.9,30.4,73.2,51.3,15.1,48.9,53.1,96.34,47.9,"7,963",2015
21,Milwaukee Bucks,82,33,49,3966,103.4,107.8,-4.5,60.3,1.52,17.6,28.6,68.9,49,15.9,49.9,53.7,95.05,48.3,"7,858",2015
21,Sacramento Kings,82,33,49,3961,105.3,107.6,-2.3,61.2,1.52,17.6,28.1,71.7,50,16,51,54.6,100.66,49.4,"8,302",2015
24,New York Knicks,82,32,50,3961,103.9,106.7,-2.8,55.7,1.53,16,28,71.8,50.2,14.2,48.3,52.7,94.12,48.7,"7,763",2015
25,New Orleans Pelicans,82,30,52,3956,104.8,108.4,-3.7,57.7,1.65,16.8,25.2,74.8,49.3,13.7,49.8,53.7,97.64,47.2,"8,041",2015
26,Minnesota Timberwolves,82,29,53,3976,105.4,109,-3.5,61.9,1.56,17.6,27.9,70.2,49.4,15.5,49.8,54.9,96.2,49.7,"7,965",2015
27,Phoenix Suns,82,23,59,3941,101.5,107.9,-6.5,55.8,1.21,15.4,29.7,73.3,50.8,17.3,48.7,52.6,99.39,45,"8,152",2015
28,Brooklyn Nets,82,21,61,3951,102.4,109.7,-7.4,58.3,1.51,17,27.9,71.6,49.4,15.3,49.2,52.7,96.12,46,"7,903",2015
29,Los Angeles Lakers,82,17,65,3946,100.7,110.3,-9.7,51.3,1.31,14.1,27.1,71.2,48.4,14.2,46,50.9,96.55,42.4,"7,930",2015
30,Philadelphia 76ers,82,10,72,3961,98.4,108.6,-10.2,59.4,1.31,16.3,25,69.3,46.6,16.5,48.7,51.9,98.44,42.8,"8,119",2015
1,Golden State Warriors,82,67,15,3956,114.8,103.4,11.4,70.5,2.06,21.2,27.2,70.9,50.4,14.6,56.3,59.7,100.37,57.9,"8,279",2016
2,San Antonio Spurs,82,61,21,3961,110.3,102.9,7.4,60.6,1.77,18.1,28.2,73,51.1,14.1,52.4,56.4,94.86,55.1,"7,832",2016
3,Houston Rockets,82,55,27,3956,114.1,108.4,5.7,62.6,1.67,18.1,28.1,71.7,49.9,15,54.5,58.3,100.55,51.6,"8,289",2016
4,Boston Celtics,82,53,29,3951,110.6,108,2.6,65.3,1.9,18.8,25.9,70.5,48.5,13.6,52.5,56.7,97.21,51.4,"8,005",2016
5,Cleveland Cavaliers,82,51,31,3976,112.8,109.7,3.1,56.7,1.66,17.1,26.4,72.2,49.9,14,54.7,58,96.74,51,"8,019",2016
5,LA Clippers,82,51,31,3951,111.8,107.5,4.4,57,1.74,17.2,25.6,73.3,50.1,13.3,53.7,57.4,96.77,52.7,"7,968",2016
5,Toronto Raptors,82,51,31,3956,111.4,107.1,4.3,47.2,1.46,14.5,29.1,71.7,50.5,13.2,51.7,56.1,95.41,51.6,"7,867",2016
5,Utah Jazz,82,51,31,3951,109,104.7,4.3,54.4,1.48,16.2,27,74.3,51.4,14.8,52.6,56.3,92.09,53.4,"7,579",2016
9,Washington Wizards,82,49,33,3971,110.4,108.8,1.7,57.7,1.68,17.6,28.6,71.6,50.1,14.3,52.8,56.4,97.94,51.1,"8,109",2016
10,Oklahoma City Thunder,82,47,35,3961,107.9,107.1,0.8,53.2,1.4,15.5,32.3,74.2,52.8,15.2,50,54,98.18,49.9,"8,099",2016
11,Atlanta Hawks,82,43,39,3976,104.5,105.2,-0.7,62.1,1.5,17.4,28.2,71.7,50.2,16,50.4,54.1,97.76,50.6,"8,091",2016
11,Memphis Grizzlies,82,43,39,3981,107,106.5,0.5,58.4,1.65,16.5,29.5,73.1,50.7,13.7,49.1,53.5,92.84,50.1,"7,702",2016
13,Indiana Pacers,82,42,40,3971,107.9,108.1,-0.2,57.2,1.63,17.2,25.5,71.3,48.8,14.1,51.6,55.8,96.59,50.5,"7,989",2016
13,Milwaukee Bucks,82,42,40,3956,108.5,108.7,-0.2,62.4,1.73,18.5,26,70.6,48.7,14.6,52.7,56.5,94.99,50.4,"7,828",2016
15,Chicago Bulls,82,41,41,3956,106.5,106.2,0.3,58.4,1.66,16.8,31.1,73.3,51.9,14,48.7,53,96.02,50.4,"7,919",2016
15,Miami Heat,82,41,41,3956,107.4,106.4,1,54.4,1.58,16.3,28.4,71.8,49.9,14,51.2,54.1,95.51,50,"7,875",2016
15,Portland Trail Blazers,82,41,41,3986,109.4,110,-0.6,53.4,1.54,16,26.9,72,49.6,13.9,52,55.9,97.38,49.3,"8,088",2016
18,Denver Nuggets,82,40,42,3951,112.2,111.7,0.4,61.5,1.69,18.2,31.4,75.3,53.2,15,53,56.8,99.18,50.3,"8,167",2016
19,Detroit Pistons,82,37,45,3961,105.3,106.7,-1.4,53,1.78,16.1,28.6,77.5,51.9,12.3,49.2,52.1,95.52,48.2,"7,890",2016
20,Charlotte Hornets,82,36,46,3966,108.4,108.4,0,61.1,2.01,17.6,24.7,74.9,49.6,11.9,50.1,54.7,95.92,50.5,"7,934",2016
21,New Orleans Pelicans,82,34,48,3981,104.7,106.8,-2.1,58.2,1.77,17.1,22.8,72.8,48,12.9,50.4,53.9,98.56,49.3,"8,173",2016
22,Dallas Mavericks,82,33,49,3956,104.7,107.7,-3,57.4,1.75,16.8,21.6,73.3,46.5,12.7,50.5,54.1,93.11,47.9,"7,668",2016
23,Sacramento Kings,82,32,50,3976,106.6,110.8,-4.2,59.4,1.54,17.3,25.8,72.3,49.2,15.2,51.6,55.6,95.42,47.8,"7,911",2016
24,Minnesota Timberwolves,82,31,51,3961,110,110.9,-0.9,60,1.69,17.7,30.9,71,50.7,14.6,51.1,55.5,95.48,50.1,"7,870",2016
24,New York Knicks,82,31,51,3971,107.1,110.7,-3.6,55.1,1.57,16.3,30.5,69.8,50,14.3,49.6,53.4,96.63,48.2,"7,990",2016
26,Orlando Magic,82,29,53,3961,103.7,110.3,-6.5,58,1.67,16.8,26.7,72.6,49.1,13.7,48.9,52.4,96.9,46,"7,989",2016
27,Philadelphia 76ers,82,28,54,3966,102.7,108.2,-5.5,63.1,1.43,17.4,27.3,70.9,49,16.7,50.1,53.9,99.07,47,"8,179",2016
28,Los Angeles Lakers,82,26,56,3941,105.3,112,-6.7,53.2,1.38,15.6,28.4,71.7,49.4,15.3,50.1,53.7,99.26,44.6,"8,143",2016
29,Phoenix Suns,82,24,58,3966,106.1,111.3,-5.2,49.1,1.27,14.4,29.9,71.8,50.3,15.2,49.3,53.8,100.85,46.2,"8,320",2016
30,Brooklyn Nets,82,20,62,3951,103.6,110.1,-6.5,56.6,1.29,15.9,24.1,71.6,48.3,16.2,50.7,55.1,101.75,46,"8,371",2016
1,Houston Rockets,82,65,17,3951,114.1,105.7,8.4,55.7,1.56,16.4,25.4,75,50.3,14.1,55.1,59,98.02,53.1,"8,078",2017
2,Toronto Raptors,82,59,23,3966,113,105.3,7.7,59,1.82,17.9,27.4,72.5,50.2,13.5,53.9,57.5,98.02,53.8,"8,104",2017
3,Golden State Warriors,82,58,24,3946,112.8,106.8,5.9,68.5,1.9,20.9,24.3,71.2,49.7,15.3,56.9,60.3,100.35,55.4,"8,251",2017
4,Boston Celtics,82,55,27,3961,106.8,103.2,3.6,58.6,1.6,17,26.3,73.9,50.4,14.4,51.8,55.2,96.75,51.9,"7,987",2017
5,Philadelphia 76ers,82,52,30,3956,108.5,103.9,4.6,66.3,1.64,19.1,28.6,73.6,52,16.3,53.5,56.8,100.75,54.2,"8,299",2017
6,Cleveland Cavaliers,82,50,32,3946,112,111.1,1,57.9,1.7,17.5,24.3,73,49.2,13.9,54.7,58.4,98.72,50.2,"8,114",2017
7,Portland Trail Blazers,82,49,33,3951,108.4,105.7,2.7,49.6,1.44,15,27.9,74.6,51.3,13.9,51.1,54.9,97.11,51,"7,992",2017
8,Indiana Pacers,82,48,34,3951,108.5,107.3,1.3,54.4,1.67,16.8,27.1,72.1,49.6,13.6,52.5,55.7,96.84,50.9,"7,977",2017
8,New Orleans Pelicans,82,48,34,3991,108.5,107.4,1.1,62.7,1.79,19,24,72.6,49.4,14.5,54.1,57.3,101.48,52.5,"8,443",2017
8,Oklahoma City Thunder,82,48,34,3966,110.1,106.4,3.7,53.5,1.53,15.8,32,72.5,51.5,14.3,51.4,54.6,97.34,50.8,"8,036",2017
8,Utah Jazz,82,48,34,3951,107.4,103,4.4,58.6,1.53,17.1,25.6,75.6,50.9,15.2,52.7,56.4,96.58,53.2,"7,951",2017
12,Minnesota Timberwolves,82,47,35,3961,112.5,110.2,2.3,55.3,1.82,17,28.9,72,50.3,12.8,52.3,56.6,96.75,51.8,"7,985",2017
12,San Antonio Spurs,82,47,35,3946,107.1,104.1,3,58.3,1.73,17.3,27.7,74.1,50.8,13.7,50.7,54.3,95.7,52.5,"7,867",2017
14,Denver Nuggets,82,46,36,3976,111.4,110,1.4,61.7,1.68,18.2,30,73.6,51.7,15.1,53.6,57,97.69,51.1,"8,095",2017
15,Miami Heat,82,44,38,3986,106.2,105.8,0.4,58.5,1.58,17.1,26.1,74.1,50.1,14.8,52,55.1,96.1,50.5,"7,985",2017
15,Milwaukee Bucks,82,44,38,3966,109,109.1,-0.2,58.5,1.68,17.7,24.4,70.9,48,14.2,53.1,57.1,97.03,50.2,"8,013",2017
17,Washington Wizards,82,43,39,3971,108.1,107.7,0.4,63.1,1.73,18.4,27.4,73.2,50.4,14.8,52.5,56,97.67,50.9,"8,087",2017
18,LA Clippers,82,42,40,3941,109.4,109.2,0.2,55.5,1.52,16.5,28.4,71.8,50.4,14.7,52.7,56.4,99.54,49.7,"8,167",2017
19,Detroit Pistons,82,39,43,3961,106.6,106.7,-0.1,58.2,1.7,17.1,26.9,74,49.9,13.8,51.2,54.3,96.75,48.9,"7,981",2017
20,Charlotte Hornets,82,36,46,3956,109,109,-0.1,55.4,1.7,16.1,27.1,76.3,51.2,12.8,50.8,54.9,98.66,50,"8,143",2017
21,Los Angeles Lakers,82,35,47,3981,106,107.3,-1.3,58.4,1.51,17,27.9,72.9,50.5,15.5,51.7,54.8,100.9,49.1,"8,361",2017
22,New York Knicks,82,29,53,3966,106.3,109.7,-3.4,57.3,1.58,17.2,28.9,72.7,50.9,15,51,54.4,97.64,48.1,"8,059",2017
23,Brooklyn Nets,82,28,54,3971,106.1,109.7,-3.6,61.9,1.56,17.3,25.1,73.1,48.9,15.1,51.4,55.1,99.66,47.4,"8,238",2017
24,Chicago Bulls,82,27,55,3971,103.4,110.5,-7,60.7,1.68,17.3,25.6,76.7,50,14.1,49.7,52.9,98.65,45.3,"8,160",2017
24,Sacramento Kings,82,27,55,3951,103.1,110.4,-7.3,55.6,1.57,16.6,26.4,73.1,48.9,14.3,50.2,52.9,95.5,45.1,"7,860",2017
26,Orlando Magic,82,25,57,3946,104.7,109.4,-4.7,60.4,1.61,17.5,24.8,71.4,48,14.7,51.2,54.5,98.58,47.2,"8,096",2017
27,Atlanta Hawks,82,24,58,3941,104.4,110.1,-5.7,62.2,1.53,17.6,26.3,71.9,48.9,15.7,51.2,54.7,98.76,46.8,"8,114",2017
27,Dallas Mavericks,82,24,58,3961,105.4,108.4,-2.9,59.4,1.85,17.3,22.4,74.9,47.8,12.7,51.3,54.4,96.53,47.5,"7,959",2017
29,Memphis Grizzlies,82,22,60,3941,103.6,110.4,-6.8,58.6,1.44,16.6,27.6,72.1,49.3,15.6,50,53.9,95.65,46,"7,865",2017
30,Phoenix Suns,82,21,61,3941,102.8,111.7,-9,55.3,1.35,15.6,27.1,72.4,49.3,15.5,49.5,53.2,101.14,44.2,"8,293",2017
1,Milwaukee Bucks,82,60,22,3956,113.5,104.9,8.6,60.1,1.88,18.3,25,75.7,51.6,13.3,55,58.3,103.57,55.3,"8,533",2018
2,Toronto Raptors,82,58,24,3976,112.6,106.8,5.8,60.3,1.81,18.2,26.5,72.6,50.2,13.8,54.3,57.9,100.51,53.3,"8,334",2018
3,Golden State Warriors,82,57,25,3961,115,108.6,6.5,66.8,2.06,20.4,25.7,72.7,50.5,13.9,56.5,59.6,101.74,54.6,"8,390",2018
4,Denver Nuggets,82,54,28,3946,112.1,108.1,4,65.3,2.04,19.3,30.8,74.4,52.4,13.6,52.7,55.8,98.49,52.4,"8,096",2018
5,Houston Rockets,82,53,29,3966,114.9,110.1,4.8,54.1,1.59,15.9,26.9,70,48.1,13.5,54.2,58.1,98.39,49.8,"8,130",2018
5,Portland Trail Blazers,82,53,29,3971,113.7,109.5,4.2,54.4,1.66,16.6,30.8,73.9,52.6,13.7,52.8,56.8,99.96,52.1,"8,269",2018
7,Philadelphia 76ers,82,51,31,3961,111.6,109,2.6,64.8,1.8,18.7,27.8,74.1,51.7,14.4,53.2,57.4,102.59,52.9,"8,467",2018
8,Utah Jazz,82,50,32,3951,110.3,105.3,5,64.4,1.72,18.5,27.5,75.9,52.2,14.9,53.8,57.2,100.84,53.9,"8,308",2018
9,Boston Celtics,82,49,33,3956,111.3,107,4.3,62.4,2.05,18.8,25.7,72.8,49.5,12.7,53.4,56.7,100.43,53,"8,282",2018
9,Oklahoma City Thunder,82,49,33,3971,109.8,106.5,3.4,54.8,1.67,16.3,29.8,73.8,50.9,13.4,51.4,54.5,103.38,50.6,"8,549",2018
11,Indiana Pacers,82,48,34,3941,109.4,106,3.4,62.8,1.9,18.9,26.9,72.2,49.9,13.9,53,56.1,98.64,52.7,"8,097",2018
11,LA Clippers,82,48,34,3966,111.4,110.4,1,58.2,1.65,17.1,26.3,72.2,50,14.1,52.9,57.5,102.66,50.5,"8,475",2018
11,San Antonio Spurs,82,48,34,3961,112.2,110.6,1.6,58,2.03,18.1,24.6,74.4,50.1,12.2,53.4,57.2,98.88,51.6,"8,162",2018
14,Brooklyn Nets,82,42,40,3996,108.9,109,-0.1,59.2,1.58,16.9,28.2,72,50.1,14.6,52,55.6,101.52,49.2,"8,452",2018
14,Orlando Magic,82,42,40,3956,108.2,107.6,0.6,63.2,1.94,18.6,25.9,75.4,50.4,13.3,51.8,55,98.65,50.8,"8,133",2018
16,Detroit Pistons,82,41,41,3971,108.4,108.7,-0.3,57.9,1.63,16.5,29.1,74.5,50.9,14,50.9,54.4,97.88,48.2,"8,101",2018
17,Charlotte Hornets,82,39,43,3966,110.7,112,-1.3,57.8,1.9,17,26.8,73.1,49.5,12.2,51.4,55.4,99.18,48.6,"8,202",2018
17,Miami Heat,82,39,43,3946,106.7,107.1,-0.4,61.2,1.65,17.6,29.1,73.1,50.9,14.9,51.5,54.2,98.73,50.1,"8,122",2018
17,Sacramento Kings,82,39,43,3946,109.6,110.8,-1.2,58.8,1.9,17.7,26.8,71.3,48.7,12.8,52.4,55.4,103.88,49.5,"8,545",2018
20,Los Angeles Lakers,82,37,45,3956,107.4,108.9,-1.6,60,1.63,17.8,27,72.5,50.2,15,52.7,55.4,103.6,49.5,"8,534",2018
21,Minnesota Timberwolves,82,36,46,3966,110.6,112.2,-1.6,59.1,1.88,17.4,29.2,70.9,49.7,12.9,51.1,55.2,100.88,49.8,"8,341",2018
22,Dallas Mavericks,82,33,49,3956,108.7,110.1,-1.5,60.3,1.64,17,27.3,73.4,50.3,14.2,51.9,55.5,99.6,49.2,"8,216",2018
22,Memphis Grizzlies,82,33,49,3976,105.6,108,-2.4,63.1,1.71,17.9,24.7,72.4,48.4,14.3,50.8,54.8,97.15,49,"8,038",2018
22,New Orleans Pelicans,82,33,49,3951,110.7,112,-1.3,61.9,1.82,18.6,28.5,72.9,50.9,14.2,52.9,56.3,103.89,49.8,"8,553",2018
25,Washington Wizards,82,32,50,3986,110.2,112.9,-2.7,62.3,1.87,18.4,25.2,70.6,47.7,13.6,53.1,56.7,102.23,48.7,"8,486",2018
26,Atlanta Hawks,82,29,53,3971,107.5,113.1,-5.5,62.4,1.52,17.7,28.4,71.8,49.6,16.2,52.2,55.5,104.56,46.4,"8,642",2018
27,Chicago Bulls,82,22,60,3981,104.5,112.8,-8.3,55,1.55,16.3,24.2,72.7,48.3,14.1,50.5,54.1,99.3,45.3,"8,232",2018
28,Cleveland Cavaliers,82,19,63,3951,106.8,116.8,-10,53.2,1.54,15.6,28.2,73.2,49.6,13.8,50.3,54,97.37,43.6,"8,021",2018
28,Phoenix Suns,82,19,63,3976,105.3,114.2,-8.9,59.5,1.53,17.3,24.7,68.3,46.4,15.3,51.4,55.2,101.15,45,"8,371",2018
30,New York Knicks,82,17,65,3956,104,112.9,-8.9,52.5,1.43,14.9,26.4,71.7,48.6,14,49,52.9,100.16,44.2,"8,244",2018
1,Milwaukee Bucks,73,56,17,3519,111.9,102.5,9.4,59.8,1.71,18,24.1,77.5,52.4,14.2,55.2,58.3,105.51,56.2,"7,739",2019
2,Toronto Raptors,72,53,19,3476,110.8,104.7,6.1,62.7,1.7,18.1,25.6,72.1,49.6,14.6,53.6,57.4,101.19,53,"7,328",2019
3,Los Angeles Lakers,71,52,19,3418,111.7,106.1,5.6,60,1.67,18,28.3,73.7,51.2,14.9,54.2,57.3,101.2,53.9,"7,211",2019
4,LA Clippers,72,49,23,3476,113.3,106.9,6.3,57.1,1.63,16.9,27.8,73.7,51.5,14.2,53.5,57.7,102.16,53.2,"7,396",2019
5,Boston Celtics,72,48,24,3486,112.8,106.5,6.3,55.7,1.66,16.7,28.3,73.1,50.9,13.7,53.1,57,99.92,53.1,"7,255",2019
6,Denver Nuggets,73,46,27,3549,112.6,110.4,2.2,63.6,1.94,19.1,29.4,72.5,50.9,13.9,53.5,56.7,97.64,51.7,"7,217",2019
7,Indiana Pacers,73,45,28,3524,109.5,107.5,1.9,61.4,1.95,18.9,24.3,71.8,48.7,13.2,53.4,56.5,99.41,52,"7,299",2019
8,Houston Rockets,72,44,28,3476,112.5,109.8,2.7,53,1.47,15.5,24.9,71.3,48,14,53.7,57.8,104.04,49.4,"7,539",2019
8,Miami Heat,73,44,29,3549,111.9,109.3,2.7,65.7,1.74,18.8,25.7,75.3,51.2,14.9,54.7,58.7,98.7,52.5,"7,306",2019
8,Oklahoma City Thunder,72,44,28,3486,110.1,108.1,2.1,54.3,1.58,16.3,24.1,72.8,49.2,13.7,53,57.3,99.42,51.9,"7,218",2019
8,Utah Jazz,72,44,28,3471,111.8,109.3,2.5,56,1.48,16.8,26.1,74.6,51.2,15.2,54.9,58.5,99.15,51.3,"7,169",2019
12,Dallas Mavericks,75,43,32,3635,115.9,111.2,4.8,59.2,1.94,17.7,27.5,74,50.9,12.6,54.5,58.1,99.89,52.1,"7,569",2019
12,Philadelphia 76ers,73,43,30,3519,110.7,108.4,2.3,62.8,1.82,18.5,28.1,75.3,51.6,14.2,53.4,56.6,99.59,52.3,"7,304",2019
14,Brooklyn Nets,72,35,37,3496,108.7,109.2,-0.5,60.6,1.6,17.3,28,73.6,51.1,14.8,52,55.4,101.7,50,"7,404",2019
14,Portland Trail Blazers,74,35,39,3567,113.2,114.3,-1.1,48.8,1.61,15.2,26.6,71.2,49.2,12.6,53.3,57,101.17,48.6,"7,519",2019
16,Memphis Grizzlies,73,34,39,3514,108.7,109.7,-1,63.3,1.77,18.7,27.1,73.3,50.6,14.7,52.8,56.1,103.31,50.7,"7,562",2019
16,Phoenix Suns,73,34,39,3519,111.3,110.8,0.5,66.1,1.84,19.2,26.1,73.4,49.8,14.5,53.2,57.6,101.74,51.2,"7,449",2019
18,Orlando Magic,73,33,40,3514,107.9,109.2,-1.3,60.8,1.86,17.5,26.7,74.9,50,12.9,50.6,54.4,98.99,49.6,"7,255",2019
19,San Antonio Spurs,71,32,39,3443,111.7,112.6,-0.9,58.5,1.96,17.9,23.3,75.1,49.5,12.3,53.1,57.2,101.14,50.2,"7,249",2019
20,Sacramento Kings,72,31,41,3491,109.5,111.4,-1.9,58.2,1.64,17.4,25.8,73.6,49.2,14.4,53.4,56.6,99.6,47.9,"7,239",2019
21,New Orleans Pelicans,72,30,42,3486,110.5,111.8,-1.3,63,1.64,18.4,28.7,72.9,50.8,15.6,53.9,56.8,103.89,49.5,"7,548",2019
22,Washington Wizards,72,25,47,3471,110.2,114.7,-4.5,60.2,1.77,17.6,26.2,71.2,47.8,13.6,52.3,56.2,103.38,47.3,"7,475",2019
23,Charlotte Hornets,65,23,42,3150,105.9,112.8,-7,63.9,1.63,17.7,28,70.6,48.6,15,50.4,53.9,96.24,45.5,"6,317",2019
24,Chicago Bulls,65,22,43,3135,105.8,108.9,-3.1,58.7,1.5,16.9,26.7,71.9,48.1,15.3,51.5,54.7,100.46,46.6,"6,563",2019
25,New York Knicks,66,21,45,3193,105.9,112.4,-6.5,55.2,1.54,16,30,74.2,51.3,14.3,50.1,53.1,99.11,46.1,"6,594",2019
26,Atlanta Hawks,67,20,47,3256,107,114.4,-7.4,58.9,1.48,16.9,26.7,70.8,48.4,15.5,51.5,55.4,103.28,45.4,"6,999",2019
26,Detroit Pistons,66,20,46,3193,108.8,112.3,-3.5,61.2,1.58,17.7,27.7,71.7,49.3,15.5,52.9,56.1,97.86,47.3,"6,507",2019
28,Cleveland Cavaliers,65,19,46,3145,106.9,114.8,-7.9,57.3,1.4,16.8,29.6,73.8,51.2,16.5,52.2,55.3,99.17,45.3,"6,497",2019
28,Minnesota Timberwolves,64,19,45,3112,107.6,111.6,-4,59,1.55,16.7,26.4,73.1,48.8,14.6,51.4,55.1,103.94,47.2,"6,736",2019
30,Golden State Warriors,65,15,50,3145,104.4,113,-8.6,66.3,1.72,18.2,25.5,72.2,48.1,14.6,49.7,54,101.04,46.2,"6,623",2019
1,Utah Jazz,72,52,20,3471,116.5,107.5,9,57.3,1.66,17.3,28.4,75.7,52.9,14.2,56.3,59.7,99.37,54.2,"7,193",2020
2,Phoenix Suns,72,51,21,3496,116.3,110.4,5.9,62.2,2.15,19.6,24.8,74.1,50,12.6,56.4,59.7,98,53.4,"7,137",2020
3,Philadelphia 76ers,72,49,23,3486,112.5,107,5.5,57.2,1.64,17.2,27.7,73.7,51.1,14.3,54.1,57.9,100.12,53.6,"7,272",2020
4,Brooklyn Nets,72,48,24,3481,117.3,113.1,4.2,62.1,1.98,19.3,25.2,72.6,50.3,13.4,57.5,61,100.27,53.2,"7,280",2020
5,Denver Nuggets,72,47,25,3496,116.3,111.5,4.8,62.1,1.99,19.3,29.2,75.1,52.2,13.6,55.7,58.8,97.74,52.5,"7,123",2020
5,LA Clippers,72,47,25,3456,116.7,110.6,6.1,58.4,1.85,18.1,27,75.4,51.8,13.5,56.4,59.9,97.63,53,"7,036",2020
7,Milwaukee Bucks,72,46,26,3466,116.5,110.7,5.8,56.9,1.84,18,26.9,75.5,51.9,13.4,56.6,59.3,102.85,53.3,"7,423",2020
8,Dallas Mavericks,72,42,30,3461,114.6,112.3,2.3,55.7,1.9,17.2,25.3,73.4,49.6,12.3,55,58.2,97.94,51,"7,062",2020
8,Los Angeles Lakers,72,42,30,3491,109.8,106.8,2.9,60.7,1.62,18,26.9,74.8,51.1,15.2,53.6,56.9,98.85,51.7,"7,184",2020
8,Portland Trail Blazers,72,42,30,3461,117.1,115.3,1.8,51.5,1.92,15.9,27.3,73.1,49.5,11.2,54,57.7,98.97,49.3,"7,137",2020
11,Atlanta Hawks,72,41,31,3481,114.3,112.1,2.2,59.1,1.82,17.6,28.4,74.2,51.6,13.3,53.9,58.1,98.68,51.1,"7,160",2020
11,New York Knicks,72,41,31,3486,110.2,107.8,2.4,54.3,1.65,16.3,26.4,73.8,50.5,13.3,52.4,55.9,96.32,50.2,"6,994",2020
13,Miami Heat,72,40,32,3476,110.6,110.7,-0.1,67.1,1.87,19.5,24,73.3,49.1,14.4,54.6,58.1,97.09,50.9,"7,036",2020
14,Golden State Warriors,72,39,33,3461,110.5,109.4,1.1,67,1.84,19.6,22.2,72.7,48,14.6,55.1,58.3,102.81,51,"7,412",2020
15,Memphis Grizzlies,72,38,34,3481,111.7,110.5,1.2,62.8,2.03,18.9,28.5,73.6,50.7,13.1,52.8,56,100.77,51.1,"7,302",2020
16,Boston Celtics,72,36,36,3476,113.1,111.8,1.2,56.6,1.67,17.1,28.9,73.7,51,14.1,54.3,57.4,98.94,50.1,"7,172",2020
17,Indiana Pacers,72,34,38,3491,111.9,111.9,0.1,63.3,2.02,19.2,24.7,70.1,47.6,13.1,54.2,57.5,102.05,50.2,"7,419",2020
17,Washington Wizards,72,34,38,3481,110.7,112.3,-1.6,59,1.77,17.8,25,73.6,49.4,13.7,53.1,56.9,104.67,49.6,"7,585",2020
19,Charlotte Hornets,72,33,39,3471,110.1,112,-1.9,67.2,1.81,19.2,27.6,72.2,49.6,14.9,53.2,56.4,99,48.9,"7,159",2020
19,San Antonio Spurs,72,33,39,3496,110.5,112,-1.5,58.4,2.14,17.9,24.3,73.3,48.5,11.3,51.7,55.4,99.45,49.3,"7,236",2020
21,Chicago Bulls,72,31,41,3476,110.4,111.5,-1.1,63.5,1.77,19.2,26.7,76.7,51.9,15.1,54.7,57.5,99.58,49.9,"7,220",2020
21,New Orleans Pelicans,72,31,41,3486,113,113.3,-0.3,61.2,1.78,18.3,30.2,75.5,52.7,14.4,53.7,57,100.54,50.8,"7,303",2020
21,Sacramento Kings,72,31,41,3461,112.7,116.5,-3.8,59.9,1.91,18.4,25.3,71.3,48.2,13.3,54.9,57.8,100.71,48.1,"7,266",2020
24,Toronto Raptors,72,27,45,3461,111.6,112,-0.4,60.7,1.82,17.7,25.6,71.6,47.9,13.3,52.9,56.7,99.57,48.6,"7,177",2020
25,Minnesota Timberwolves,72,23,49,3481,109.3,114.5,-5.3,63,1.8,18,27.1,71.7,48.4,13.9,52,55.5,101.96,46.9,"7,389",2020
26,Cleveland Cavaliers,72,22,50,3486,105.2,113.5,-8.3,61.8,1.54,17.5,28,72.9,49.9,15.7,50.8,54.3,97.96,46,"7,107",2020
26,Oklahoma City Thunder,72,22,50,3471,102.8,113.4,-10.6,56.8,1.37,16.1,25.4,74.2,49.4,15.8,50.9,53.9,101.61,44.2,"7,353",2020
28,Orlando Magic,72,21,51,3466,104.6,113.9,-9.3,57,1.7,16.3,25.2,74.4,48.8,12.9,49,52.7,99.17,45,"7,158",2020
29,Detroit Pistons,72,20,52,3486,107.6,112.2,-4.5,62.6,1.62,17.8,26.7,72.5,49.3,15.1,51.9,55.6,98.19,47.3,"7,132",2020
30,Houston Rockets,72,17,55,3461,107,114.4,-7.4,60.1,1.6,17.2,24,72.3,47.4,14.5,52.1,55.3,101.69,45.1,"7,320",2020