#,Team,GP,W,L,MIN,OFFRTG,DEFRTG,NETRTG,AST%,AST/TO,AST RATIO,OREB%,DREB%,REB%,TOV%,EFG%,TS%,PACE,PIE,POSS,Year
1,San Antonio Spurs,23,20,3,1114,111.6,101,10.7,61.6,1.71,17.9,28.9,70.5,50.1,14.5,52.3,57,94.6,56.8,2193.00,2010
2,Boston Celtics,23,19,4,1119,108.3,98,10.3,66.5,1.76,20.1,25.5,72.8,50.8,15.8,54.3,57.9,91.71,59.2,2140.00,2010
2,Dallas Mavericks,23,19,4,1104,107.4,100.7,6.7,64,1.67,18.7,26.6,71.1,50.2,15.4,52.1,56.5,91.98,55.9,2115.00,2010
4,Los Angeles Lakers,24,17,7,1152,111.9,104,8,58.7,1.67,17.3,33.5,67.2,50.7,14.5,50.8,55.4,94.96,55.1,2282.00,2010
4,Miami Heat,25,17,8,1205,109.7,99.5,10.2,56.6,1.55,16.6,27.4,71.1,50.6,14.5,51.8,56.7,91.5,57.6,2301.00,2010
4,Oklahoma City Thunder,25,17,8,1225,107.5,105.7,1.8,52.9,1.35,14.9,29.7,68.7,49.6,14.8,48,55.1,94.2,51.8,2399.00,2010
4,Utah Jazz,25,17,8,1215,109,105.2,3.8,63.7,1.8,18.5,30.5,66.6,48.9,14.4,50.1,55.1,91.52,54,2318.00,2010
8,Atlanta Hawks,25,16,9,1205,108,104.6,3.4,63.7,1.77,18.7,27.8,69.6,49.1,14.7,51,55.3,91.28,52.5,2287.00,2010
8,New York Knicks,25,16,9,1210,110.2,107.9,2.2,55.3,1.42,16.2,27,67.9,47.8,15.3,52.4,57.4,97.8,51.8,2463.00,2010
8,Orlando Magic,24,16,8,1152,106.8,101.6,5.2,51.4,1.22,15,30,72.6,52,16.4,52.4,55.7,90.67,53.3,2180.00,2010
11,Chicago Bulls,22,14,8,1076,104,101.5,2.5,57.8,1.38,16.5,33.3,69.9,51.7,16.5,49.5,53.2,94.33,52.1,2117.00,2010
11,Denver Nuggets,23,14,9,1104,110.3,108.2,2.1,57.3,1.43,16.2,28.7,69.6,49.7,15.2,50.9,56.6,96.8,50.6,2224.00,2010
11,New Orleans Hornets,23,14,9,1104,102.5,100.1,2.3,59.1,1.5,16.9,24.6,73.2,49.3,15.1,49.3,53.6,91.52,51.3,2101.00,2010
14,Portland Trail Blazers,24,12,12,1157,104.9,105.1,-0.2,58.6,1.5,16.3,34.3,69.3,50.6,15.2,46.9,51.8,89.98,49.9,2169.00,2010
15,Indiana Pacers,22,11,11,1061,104.3,102,2.3,59.7,1.4,16.9,27.5,70.5,49.8,16.4,50.4,54.5,95.1,51.8,2102.00,2010
15,Phoenix Suns,23,11,12,1129,110.7,112.1,-1.4,56.5,1.51,16.9,29.2,65.8,47.6,15.1,53,57.1,95.51,48.9,2246.00,2010
17,Memphis Grizzlies,24,10,14,1172,105.2,107.1,-2,50.6,1.31,15.3,31.4,66.3,48.7,15.9,49.7,53.5,93.67,48.4,2287.00,2010
18,Houston Rockets,23,9,14,1114,108.3,108,0.3,61.6,1.53,17.3,30.1,69.1,49.8,15.6,50.3,55.5,96.09,50.9,2227.00,2010
18,Milwaukee Bucks,22,9,13,1061,99,100.5,-1.6,53.9,1.27,14.1,31.1,74.9,51.5,15.1,44.1,49.3,91.97,48.2,2033.00,2010
18,Toronto Raptors,24,9,15,1152,107.5,110.1,-2.6,53.2,1.36,15.7,33,71.6,51.7,15.8,49.8,54.4,95.77,47.4,2297.00,2010
21,Charlotte Bobcats,23,8,15,1109,101.3,105.2,-4,61.6,1.25,16.9,30.8,72.3,51.8,18.5,49.2,53.8,91.87,48.8,2125.00,2010
21,Golden State Warriors,23,8,15,1104,104.3,110.9,-6.6,56.7,1.4,16.5,32.5,65.7,48.2,16.4,49.6,52.6,96.48,44,2219.00,2010
21,Philadelphia 76ers,23,8,15,1114,103.9,104,-0.2,60.5,1.63,17.5,27.3,72.5,50.2,14.7,49.5,53.6,93.29,50.3,2170.00,2010
24,Cleveland Cavaliers,24,7,17,1152,100,110.4,-10.4,58.6,1.52,16,27.2,72.9,48.9,14.3,46.5,50.9,93.17,43.2,2236.00,2010
24,Detroit Pistons,25,7,18,1220,103.7,110.3,-6.6,53.8,1.39,15.4,30.6,68,48.5,15.1,48,52.1,89.72,44,2275.00,2010
26,Minnesota Timberwolves,24,6,18,1157,102.6,110.2,-7.6,49.8,1.07,13.9,35.3,71.1,52.4,17.7,47.6,52,98.7,42.9,2381.00,2010
26,New Jersey Nets,24,6,18,1177,101.2,107.7,-6.5,54.5,1.31,15.1,28.5,70.9,49.8,15.4,47.2,52.3,90.13,44.7,2213.00,2010
26,Washington Wizards,22,6,16,1071,102.7,111.3,-8.6,55.6,1.23,15.7,32.4,64.2,47.9,17.4,48.2,52.6,94.12,44.2,2098.00,2010
29,Los Angeles Clippers,25,5,20,1215,102.2,108.6,-6.4,59.2,1.25,16.2,33.3,71.1,51.7,17.9,48.4,52.4,92.5,45.7,2343.00,2010
29,Sacramento Kings,21,5,16,1008,101.7,109.3,-7.6,52.5,1.27,14.7,33.8,69.1,50.2,16,46.5,50.3,92.67,44.1,1949.00,2010
1,Chicago Bulls,24,18,6,1152,106.2,97.2,8.9,59.7,1.57,17.3,35.7,69.6,53,15.6,49.1,52.7,90.52,56,2176.00,2011
2,Oklahoma City Thunder,21,17,4,1008,105.9,100.2,5.7,51,1.09,14.7,28.7,69.8,50.9,17.8,51.2,56.5,94.48,54.1,1985.00,2011
3,Atlanta Hawks,22,16,6,1081,105,97.3,7.7,60.5,1.59,17.4,28.8,70.5,50.1,15.1,49.9,53.6,90.89,54.8,2045.00,2011
3,Miami Heat,22,16,6,1081,107.4,99.4,7.9,55.9,1.32,16.5,28.2,69.7,50.2,16.8,52.1,56.8,94.62,56,2125.00,2011
3,Philadelphia 76ers,22,16,6,1066,105.7,93.3,12.4,58.2,1.98,17.8,26.3,71.1,49.6,12.3,50.3,53.3,91.29,58.7,2029.00,2011
6,Indiana Pacers,21,15,6,1013,101.8,98.1,3.7,52.3,1.16,14.3,32.4,68.4,50.7,16.7,46.2,51.5,92.45,53.3,1949.00,2011
7,Dallas Mavericks,23,14,9,1109,101.1,97.3,3.8,59.4,1.5,16.6,27.7,72.4,50,15.1,48.1,52,92.88,52.7,2146.00,2011
7,Denver Nuggets,21,14,7,1028,106.9,100.7,6.1,62.3,1.47,17.9,28,71.4,50.6,16.6,52.3,56.7,96.63,55.9,2071.00,2011
7,San Antonio Spurs,23,14,9,1119,105.2,101.4,3.8,60.1,1.64,17.8,28.5,72.6,50.4,15,50.8,53.7,91.8,52.1,2140.00,2011
10,Los Angeles Clippers,19,13,6,917,106.6,104.7,1.9,58.6,1.54,16.8,31.1,69.1,50,15.1,50.8,54,92.26,51.9,1765.00,2011
10,Los Angeles Lakers,22,13,9,1061,102.8,99.6,3.2,61.1,1.47,17.4,31.5,69.9,51.9,16.4,48.7,52.8,90.59,53.9,2003.00,2011
10,Orlando Magic,22,13,9,1061,101.7,101.5,0.2,59.3,1.26,15.8,30.6,73,51.6,17.1,49.7,52.7,89.85,49.3,1991.00,2011
10,Portland Trail Blazers,22,13,9,1061,102.7,96.4,6.2,59.1,1.53,16.6,29.9,71.8,50.7,14.9,47.6,52.3,94.44,54.9,2092.00,2011
14,Houston Rockets,22,12,10,1071,103.6,102.5,1.1,54.4,1.4,16,32.4,69.5,51,15.7,49.1,52.7,93.45,50.7,2087.00,2011
14,Utah Jazz,20,12,8,975,103.7,102.4,1.3,55.3,1.49,15.8,30.8,70.9,50.7,14.5,47.5,52.1,92.36,51,1874.00,2011
16,Boston Celtics,21,11,10,1008,100.7,96.8,4,64.4,1.43,18.1,26,69,48.5,17.3,50.2,54.1,89.69,53.5,1882.00,2011
16,Memphis Grizzlies,21,11,10,1013,99.7,98.4,1.4,51.7,1.23,14.8,31.8,68.3,49.9,16.3,46.7,50.9,93.35,51.8,1970.00,2011
18,Milwaukee Bucks,21,10,11,1008,101.2,101.4,-0.2,60.6,1.49,17,30.7,68.5,49.1,15.8,47.5,51.3,93.52,49.2,1967.00,2011
18,Minnesota Timberwolves,22,10,12,1056,102.6,101.1,1.5,51.6,1.15,14.1,31.7,70.6,51,16.5,47.3,52.2,94.32,49.9,2073.00,2011
20,Cleveland Cavaliers,20,8,12,965,100,103.4,-3.4,57,1.17,15.4,33,70.6,51.1,18.2,47.7,51.4,93.16,46.1,1872.00,2011
20,New Jersey Nets,23,8,15,1109,102.7,110.1,-7.4,59.8,1.29,16,33.1,68.2,49.7,17.3,48,52.1,89.36,44,2064.00,2011
20,New York Knicks,21,8,13,1018,98.3,99.1,-0.8,55.9,1.11,14.7,28.7,72,49.7,17.7,46.7,51.8,95.17,48.8,2021.00,2011
20,Phoenix Suns,21,8,13,1008,100.1,103.5,-3.4,58.7,1.41,16.6,26.3,68.5,47.7,15.9,48.3,52.2,93.19,47.7,1951.00,2011
24,Golden State Warriors,19,7,12,917,101.4,104.3,-2.9,61.6,1.5,17.7,25.9,67.7,47.2,16,50.3,53.5,94.48,47.8,1802.00,2011
24,Toronto Raptors,23,7,16,1114,94.8,103.2,-8.4,61.6,1.27,16.2,27.7,69.2,48.5,17.3,45.4,49.7,89.84,44.3,2087.00,2011
26,Sacramento Kings,21,6,15,1008,95.8,107.5,-11.7,47.9,1.01,12.6,31.8,65.9,47.9,16.8,43.5,48.1,94.62,40.5,1985.00,2011
27,Detroit Pistons,24,4,20,1157,96.7,108.4,-11.8,55.3,1.11,15,32.3,70.4,50,18.4,45.4,49.8,88.82,40.4,2137.00,2011
27,New Orleans Hornets,22,4,18,1061,98,104,-6,55.9,1.27,15.8,31.2,72.5,51.4,17,46.6,50.5,89.44,46.4,1979.00,2011
27,Washington Wizards,22,4,18,1056,94.8,104.4,-9.6,50.9,1.14,14.2,29.9,67,47.8,16.7,44.6,48.3,94.48,43.1,2076.00,2011
30,Charlotte Bobcats,23,3,20,1109,93.3,108.6,-15.3,57,1.29,15.4,29.3,69,48.4,16.2,44.3,48,93.01,40.8,2152.00,2011
1,Oklahoma City Thunder,22,18,4,1066,112.4,102.5,9.9,59.3,1.4,17.4,28.9,69.3,51.3,16.9,53.8,59.5,92.94,57.5,2064.00,2012
1,San Antonio Spurs,23,18,5,1124,108.5,100.2,8.3,63.2,1.66,19,27.4,70.5,50.4,15.7,53.3,56.9,95.44,56.1,2236.00,2012
3,Los Angeles Clippers,22,16,6,1061,109.1,101,8.1,58.8,1.54,17.5,31.3,67.3,49.6,15.7,52,55.7,92.9,56.1,2054.00,2012
3,New York Knicks,21,16,5,1013,111.4,103.7,7.7,53.6,1.84,16,27.4,70.4,48.2,11.8,51.9,55.5,91.55,52.9,1934.00,2012
5,Golden State Warriors,22,15,7,1071,104.2,103.2,1,59.2,1.4,16.8,31.1,70.5,51.5,16.6,49.7,53.8,94.16,50.7,2101.00,2012
6,Memphis Grizzlies,19,14,5,922,105.2,98.5,6.7,57.2,1.38,16.1,35.4,67.9,51.7,16.3,47.7,52.6,91.21,54.7,1755.00,2012
6,Miami Heat,20,14,6,965,109.4,106.1,3.4,58.6,1.6,17.9,25.3,69.4,49,15.1,54.9,58.4,93.54,54.1,1886.00,2012
8,Atlanta Hawks,19,13,6,917,102.9,99.8,3.1,60.5,1.51,17.5,27.5,69.3,48.2,15.9,50.5,53.3,92.99,52.2,1778.00,2012
8,Utah Jazz,23,13,10,1119,107.7,105.5,2.2,61,1.55,17.3,34.9,67.2,51,15.8,49.4,53.7,92.7,51.4,2160.00,2012
10,Boston Celtics,21,12,9,1033,102.7,102.2,0.4,63.2,1.61,18.4,24.1,70.5,48.3,15.4,50.5,55,93.24,51.5,2010.00,2012
10,Brooklyn Nets,21,12,9,1013,106.9,104.5,2.4,60.9,1.53,17,35,70.5,52,15.7,49.1,53,89.32,51.3,1886.00,2012
10,Chicago Bulls,21,12,9,1013,102.3,99.2,3.1,64.2,1.46,17.5,34.5,69.1,52.3,17,46.9,51.9,91.47,54.3,1929.00,2012
10,Philadelphia 76ers,22,12,10,1066,100.6,103,-2.4,58.4,1.74,16.6,29.3,69.4,48.7,13.2,46.9,50.2,91.09,47.8,2026.00,2012
14,Dallas Mavericks,22,11,11,1076,103.6,104.1,-0.5,58.5,1.42,16.9,27.1,68.2,48.2,16.1,50.2,54.1,95.49,49.5,2140.00,2012
14,Denver Nuggets,23,11,12,1114,106.1,106,0.2,56.7,1.38,16.5,35.7,67,51.5,16.8,50,53,94.32,49.9,2186.00,2012
14,Indiana Pacers,22,11,11,1071,99.3,99.7,-0.4,58.2,1.3,15.6,32.7,70.7,51.8,16.6,45.7,49.8,90.33,50.6,2017.00,2012
14,Milwaukee Bucks,20,11,9,965,101.6,102.1,-0.5,60,1.64,17.1,31.1,69.2,49.4,14.5,47.2,50.8,94.73,50.2,1907.00,2012
18,Houston Rockets,21,10,11,1023,105.2,106,-0.8,60.4,1.35,16.4,31.1,70.4,50.5,16.8,49.4,53.9,97.55,48.5,2081.00,2012
18,Minnesota Timberwolves,19,10,9,912,100.8,99.3,1.6,61.4,1.34,16.1,34.4,70.2,52.3,16.8,46.3,51,93.21,53,1770.00,2012
20,Los Angeles Lakers,22,9,13,1056,107.1,103.9,3.2,57.6,1.26,15.8,33.8,69.1,52,17.4,51.1,54.8,94.91,52.5,2084.00,2012
20,Portland Trail Blazers,21,9,12,1033,103.2,106.9,-3.6,53.2,1.28,15,30.9,68.8,48.8,15.9,48.1,52.2,91.86,45.6,1976.00,2012
22,Orlando Magic,21,8,13,1013,97.5,101.4,-3.9,60.7,1.44,17.1,28.6,71.1,50.3,16.4,47.1,50.6,93.37,48.1,1972.00,2012
22,Phoenix Suns,23,8,15,1119,103,107.8,-4.8,56.4,1.5,16.4,30.6,67.9,48.5,15.1,48.1,51.6,93.23,46.5,2169.00,2012
24,Charlotte Bobcats,21,7,14,1028,100.7,108,-7.3,55.4,1.33,14.9,31.1,66.3,48.5,15.3,45.8,50.7,93.67,45.2,2004.00,2012
24,Detroit Pistons,24,7,17,1152,102.3,105.6,-3.3,58.4,1.35,16.1,31.4,67.4,49.5,16.4,47.8,52.2,92.17,48,2213.00,2012
24,Sacramento Kings,21,7,14,1018,100.4,105.8,-5.4,51.7,1.24,14.7,31.1,68.2,49.3,16.1,47.1,50.9,92.91,44.6,1968.00,2012
27,Cleveland Cavaliers,23,5,18,1114,100.3,106.7,-6.4,56,1.25,14.9,36.1,71,51.8,16.8,45.7,49.4,92.88,42.5,2155.00,2012
27,New Orleans Hornets,21,5,16,1018,101.2,108.2,-7,61.2,1.44,16.9,29.7,69.5,49.5,16.3,48.2,52.2,89.33,45.8,1895.00,2012
29,Toronto Raptors,23,4,19,1129,101.1,108.7,-7.5,57.9,1.5,16,27.9,67.3,47,14.4,46.7,51.2,92.22,43.8,2166.00,2012
30,Washington Wizards,19,3,16,932,96,102.3,-6.4,59.4,1.34,15.7,29.3,69.3,48.4,16,44.6,48.6,92.47,45.2,1790.00,2012
1,Indiana Pacers,23,20,3,1109,104.8,96.4,8.4,57.5,1.32,16.3,31,70.6,52,16.9,50,54.5,92.65,58.1,2146.00,2013
1,Portland Trail Blazers,24,20,4,1157,112.1,104.4,7.8,59.4,1.63,17.4,33.3,70.7,52.1,15,52,56.1,95.67,54.7,2306.00,2013
3,San Antonio Spurs,23,19,4,1104,107.7,97.1,10.6,61.1,1.75,19.2,24,73.1,50,15.1,54.4,56.9,96,57.2,2208.00,2013
4,Oklahoma City Thunder,22,18,4,1066,107.2,100.1,7,56.4,1.33,16.3,29.7,71.4,52,16.6,50.5,55.9,97.76,55.5,2173.00,2013
5,Miami Heat,23,17,6,1104,109.7,101.9,7.8,62.3,1.51,18.8,22.5,67.8,46.8,16.7,56.1,59.9,94.13,56.4,2162.00,2013
6,Houston Rockets,24,16,8,1167,109.2,103.5,5.7,54.9,1.16,15.5,31.5,68.8,51.8,18,53.7,57.7,97.36,55.6,2367.00,2013
6,Los Angeles Clippers,25,16,9,1205,108,103.3,4.7,63.1,1.66,17.9,28.7,70.3,49.9,14.9,51.2,55.2,95.6,53.5,2400.00,2013
8,Dallas Mavericks,24,14,10,1152,105.6,104.2,1.4,58.8,1.55,17.3,26.7,70.6,48.4,15.1,51.1,55,97.54,50.5,2342.00,2013
9,Denver Nuggets,22,13,9,1056,105.9,103.9,2,57,1.51,16.3,32.2,68.6,50.7,14.9,49.6,53.2,96.36,51.5,2121.00,2013
9,Golden State Warriors,24,13,11,1162,104.7,101.8,2.8,58.7,1.32,16.9,28.1,72.1,51.2,17.4,52.6,55.9,97.61,52.1,2363.00,2013
9,Phoenix Suns,22,13,9,1061,106.6,104.7,1.9,49.5,1.18,14.8,29.6,68.6,49.6,16.7,52.3,55.9,95.43,51.2,2113.00,2013
12,Atlanta Hawks,24,12,12,1157,102.8,103.4,-0.6,65,1.6,18.5,24.8,72.8,49.1,15.7,51.2,54.8,96.17,50.7,2324.00,2013
13,Boston Celtics,25,11,14,1200,101.4,102.5,-1.1,50.3,1.13,14.7,29.2,70.3,49.9,17.3,49.4,53.2,93.42,48.1,2336.00,2013
13,Detroit Pistons,24,11,13,1162,103.9,105.1,-1.2,52.8,1.28,15.2,34,70.7,51.3,16.4,48.8,52,94.97,47.4,2299.00,2013
13,Los Angeles Lakers,23,11,12,1104,102.7,105.3,-2.6,63.3,1.59,17.7,25.9,68.9,47.7,15.3,49.8,53.1,98.09,46.6,2252.00,2013
13,Minnesota Timberwolves,23,11,12,1109,105.6,102.1,3.5,61,1.58,16.5,33,72.8,51.5,14.6,46.9,52.2,99.57,51.5,2302.00,2013
13,New Orleans Pelicans,21,11,10,1028,107.9,106.6,1.3,57.2,1.66,16.7,33.3,69.4,50.6,14.1,49.1,53.3,93.99,50.3,2013.00,2013
18,Charlotte Bobcats,24,10,14,1152,97.8,100,-2.1,55.9,1.41,15,29.7,72.2,50.3,14.5,44.3,48.8,92.46,48.5,2217.00,2013
18,Memphis Grizzlies,22,10,12,1066,102.4,106.3,-3.9,59.3,1.53,17,31.1,71.6,51.1,15.4,48,52.1,90.64,49,2013.00,2013
20,Chicago Bulls,22,9,13,1076,99.2,100.5,-1.3,62.7,1.3,16.5,35.4,69.4,52.4,18,45.3,49.9,90.65,50,2032.00,2013
20,Cleveland Cavaliers,23,9,14,1119,99.1,105,-5.9,52.1,1.18,14.5,31.1,71,50.5,16.6,46.7,50.5,93.96,44.6,2191.00,2013
20,Toronto Raptors,22,9,13,1071,104.1,103.8,0.3,51.1,1.24,14.3,31.7,69.7,50.2,15.7,47.7,52.6,93.36,48.3,2082.00,2013
20,Washington Wizards,22,9,13,1086,101.5,102.9,-1.5,62.8,1.49,17.5,27.9,70.9,48.6,16.2,49,52.4,94.08,48.7,2127.00,2013
24,Brooklyn Nets,23,8,15,1114,102.4,109.1,-6.7,55.9,1.34,15.4,28.5,69.2,48.8,15.5,47.9,52.8,92.29,46.3,2141.00,2013
25,New York Knicks,23,7,16,1109,103.2,107.3,-4.1,55.2,1.57,16,28.7,69.8,47.7,13.9,48.4,51.8,90.74,47,2098.00,2013
25,Orlando Magic,23,7,16,1119,100.7,105.4,-4.7,55.2,1.26,15.8,26.3,71.5,49.1,16.7,49.7,53.4,95.53,46.9,2228.00,2013
25,Philadelphia 76ers,25,7,18,1230,99.7,107.9,-8.2,57.7,1.27,16.3,29.9,70.1,49.8,17.5,48.8,52,99.79,44.6,2555.00,2013
28,Sacramento Kings,21,6,15,1018,104.6,107.8,-3.1,57,1.5,16,30.5,70.1,49.7,14.7,47.5,52.2,94.04,47.2,1991.00,2013
28,Utah Jazz,26,6,20,1258,100.2,108.8,-8.6,55.7,1.26,15.5,30.9,68.8,49.1,16.8,47,51,92.57,44.1,2423.00,2013
30,Milwaukee Bucks,24,5,19,1167,96.1,105.4,-9.3,60.3,1.26,16,29.1,67.3,47.7,17.4,45.9,49.9,92.3,43.8,2241.00,2013
1,Golden State Warriors,23,21,2,1109,107.8,97.2,10.5,62.8,1.55,18.5,26.5,70.3,50.3,16.4,53.8,57.5,99.25,58.1,2296.00,2014
2,Memphis Grizzlies,23,19,4,1119,108.5,101.5,7,58.1,1.71,17.3,29.3,70.1,50.4,13.9,50.7,55.2,92.91,55.7,2169.00,2014
3,Houston Rockets,23,18,5,1114,103.8,99.5,4.2,56.4,1.12,14.9,32.6,68.1,50.4,18.2,50,53.7,94.99,50.6,2208.00,2014
3,Portland Trail Blazers,24,18,6,1152,107.7,100.9,6.8,60.5,1.69,17.7,29.7,72.2,51.4,14.6,50.7,54.2,94.77,53.8,2274.00,2014
3,Toronto Raptors,24,18,6,1167,113.7,105.6,8.1,53,1.69,15.9,31.8,68.9,50.1,12.8,51.3,56.2,93.47,53.4,2277.00,2014
6,Dallas Mavericks,25,17,8,1215,114.2,107.3,6.9,56.1,1.96,17.4,29.8,66.6,48.3,12.3,53.3,56.9,95.05,54.7,2407.00,2014
6,San Antonio Spurs,24,17,7,1162,107.2,100.2,6.9,64,1.68,18.5,27.4,73.7,51.4,15.2,51.5,55.6,93.91,55.2,2274.00,2014
6,Washington Wizards,23,17,6,1119,105.4,101.2,4.1,65.8,1.72,19.1,29.9,72,51.5,15.6,50.9,54.4,94.2,55.4,2197.00,2014
9,Atlanta Hawks,23,16,7,1114,108.3,102.6,5.7,67.2,1.73,19.2,27.4,70.9,49.7,15.5,52.3,56.3,93.91,53.8,2175.00,2014
9,Los Angeles Clippers,23,16,7,1109,112,105.3,6.8,62.4,1.9,18.7,24,72.7,48.7,13.4,54.2,58.1,94.61,53.6,2184.00,2014
11,Chicago Bulls,23,15,8,1119,107.4,103.3,4.1,60.5,1.5,17,30.4,71.2,51.8,15.7,50.6,55.3,94.39,53.6,2202.00,2014
12,Cleveland Cavaliers,22,13,9,1061,110.8,106.2,4.6,59.1,1.62,17.2,31.3,70,50.6,14.7,51.1,55.6,93.1,51.6,2056.00,2014
13,Milwaukee Bucks,24,12,12,1172,103.7,104.9,-1.2,59.3,1.33,17,30.5,67.4,49.3,17.6,49.8,54.1,94.28,49.7,2299.00,2014
13,Phoenix Suns,25,12,13,1215,106.3,105.9,0.4,54,1.38,15.9,27.3,69,48.1,15.5,51.1,55,97.24,49.5,2463.00,2014
15,Miami Heat,24,11,13,1152,104.4,109.3,-4.8,59.1,1.43,16.8,26,68.1,46.9,15.7,51.4,55.4,90.1,47.8,2165.00,2014
15,New Orleans Pelicans,23,11,12,1109,108.8,108.2,0.5,55.4,1.86,16.7,30.4,72.1,50.4,12.4,49.8,53.4,93.99,49.8,2170.00,2014
15,Oklahoma City Thunder,24,11,13,1157,102.1,101.1,1,55.3,1.23,15.3,31.5,71.7,52.2,17.1,48,52.2,92.81,50.5,2242.00,2014
15,Sacramento Kings,24,11,13,1172,105.5,106.1,-0.6,54.7,1.19,15,33.8,72.8,54.1,17.1,48.4,54.5,93.99,50.9,2297.00,2014
19,Brooklyn Nets,22,10,12,1076,102.2,104.1,-1.9,56.2,1.4,16.1,27.7,69.6,49.1,15.6,48.8,52.8,92.61,48.9,2075.00,2014
19,Denver Nuggets,24,10,14,1162,105.6,107.2,-1.6,55.7,1.45,15.7,31.7,70.6,50.6,14.9,48.2,52.3,96.54,47.2,2333.00,2014
19,Orlando Magic,26,10,16,1253,100.6,105.6,-5,53.3,1.27,15.6,25.7,72.4,49.4,16.4,49.9,53.1,93.49,45.9,2439.00,2014
22,Los Angeles Lakers,24,8,16,1167,105.3,112.3,-6.9,53.5,1.7,15.5,29.2,69,48.1,12.4,47.6,52,96.21,45.3,2338.00,2014
23,Boston Celtics,21,7,14,1023,104.1,106.4,-2.3,63.4,1.71,18.5,28.5,72.4,50.2,15.1,50,53.4,98.6,49.1,2102.00,2014
23,Indiana Pacers,24,7,17,1162,99.6,103.9,-4.2,55,1.34,15.3,30.4,75,51.8,15.6,46.4,50,92.86,46.1,2245.00,2014
25,Charlotte Hornets,23,6,17,1129,99.9,107.4,-7.5,56.4,1.82,16.1,25.6,75.7,49.4,11.9,46,49.9,92.53,45.5,2176.00,2014
25,Utah Jazz,24,6,18,1152,105,111.4,-6.4,56.4,1.35,16.2,30.9,70.2,50.5,16.4,49.8,53.8,91.17,47.5,2186.00,2014
27,Detroit Pistons,24,5,19,1167,99.2,105.3,-6.1,56.7,1.41,15.2,30.7,70.9,49.7,14.7,45.2,49,93,44.6,2260.00,2014
27,Minnesota Timberwolves,23,5,18,1114,100.3,110.6,-10.3,59.2,1.42,16.1,31.9,69.4,49.3,15.7,46,50.7,97.29,44.4,2259.00,2014
27,New York Knicks,26,5,21,1258,102.8,108.9,-6,57.8,1.38,16.8,30,67.2,48.6,16.6,49.7,53.2,90.54,46.2,2374.00,2014
30,Philadelphia 76ers,23,2,21,1114,93.3,105.4,-12.1,61.7,1.12,15.6,28.1,68.8,47.4,19,45.9,49.5,97.25,40.4,2253.00,2014
1,Golden State Warriors,23,23,0,1109,115.4,101,14.4,67.9,1.82,20.3,29,70,51.1,15.9,57.5,60.3,99.85,59.2,2308.00,2015
2,San Antonio Spurs,23,18,5,1104,105.1,93.4,11.7,63.6,1.77,19.1,26.1,77,52.7,14.9,51.6,54.9,95.02,58.7,2187.00,2015
3,Atlanta Hawks,24,14,10,1152,104.7,102.8,2,66.8,1.7,19,24.5,69.2,47.5,15.3,51.2,55,96.71,52,2316.00,2015
3,Cleveland Cavaliers,21,14,7,1023,106.5,102.6,4,60.3,1.56,17.2,29.5,75.1,52.4,15.2,51.1,54.5,93.91,52.4,2003.00,2015
3,Oklahoma City Thunder,22,14,8,1066,109.2,102.2,7,53.9,1.31,16,33.4,72.1,53.5,16.8,51.7,56,98.27,54.6,2184.00,2015
3,Toronto Raptors,23,14,9,1104,105.9,102.6,3.3,51.2,1.28,14.5,30,73.1,51.8,15.1,49,54.3,94.63,52.4,2183.00,2015
7,Boston Celtics,22,13,9,1056,104,98.3,5.7,64,1.55,17.6,30.2,69.5,49.4,15.9,48.9,52.9,99.43,53,2184.00,2015
7,Charlotte Hornets,21,13,8,1013,104.4,100.3,4.1,57.9,1.76,16.7,22.9,75.3,49.2,12.6,50.1,53.9,97.26,52.3,2055.00,2015
7,Dallas Mavericks,23,13,10,1109,102.9,102.3,0.6,58.7,1.6,16.6,23.6,72.9,48.8,13.8,49.2,53.7,97.75,52.2,2261.00,2015
7,LA Clippers,23,13,10,1104,104.2,102.2,1.9,60.1,1.63,16.8,24.8,70.2,47.8,13.9,50.1,53.8,98.43,51.6,2260.00,2015
7,Memphis Grizzlies,23,13,10,1104,100.1,105.1,-4.9,58.9,1.48,15.9,27.6,73.2,49.3,14.6,45.6,51.3,95.61,47.1,2201.00,2015
12,Chicago Bulls,20,12,8,970,99.3,98.9,0.5,61.4,1.57,16.7,28,71.1,50.2,14.6,46.6,50.4,97.76,51,1975.00,2015
12,Detroit Pistons,23,12,11,1114,100.3,100.5,-0.2,48.9,1.27,13.6,31.6,75.2,51.7,14.5,46.5,49.6,96.54,48.2,2248.00,2015
12,Indiana Pacers,20,12,8,965,105.4,100.9,4.6,55.3,1.35,15.6,28.7,70,49.3,15.6,49.9,54.1,98.41,52.5,1978.00,2015
12,Miami Heat,20,12,8,960,102.1,99.3,2.8,55.2,1.38,15.9,24.6,71.2,49.4,15.3,49.7,53.7,94.15,54.1,1881.00,2015
12,Orlando Magic,22,12,10,1076,102.8,100.5,2.4,57.1,1.5,16.4,30.2,71.8,50.8,15.1,48.2,51.7,96.38,50.1,2160.00,2015
17,Houston Rockets,23,11,12,1119,103.2,107.4,-4.1,57.8,1.22,15.4,29.3,69.7,48.9,17,49.1,53.5,98.62,46.3,2301.00,2015
18,New York Knicks,24,10,14,1157,101.4,103.4,-2,55.7,1.38,15.3,30,70.7,50.5,15.1,46.6,51.3,95.05,48.5,2289.00,2015
18,Phoenix Suns,23,10,13,1109,105.2,104.4,0.8,52,1.21,15.2,29.1,72.9,50.5,16.9,51,54.4,100.13,49.6,2309.00,2015
18,Utah Jazz,20,10,10,965,104.9,102.7,2.2,51.7,1.23,14.7,32.6,72,51.7,16.2,48.9,53,93.19,50.4,1872.00,2015
21,Milwaukee Bucks,23,9,14,1114,100.5,107.7,-7.2,64.1,1.51,17.8,26.4,67.8,47.3,16.1,48.6,52.9,93.97,46.4,2185.00,2015
21,Minnesota Timberwolves,21,9,12,1023,103.4,103.9,-0.5,56.1,1.36,15.7,28.3,73.1,51.1,15.4,48,53.6,97.48,50.9,2075.00,2015
21,Portland Trail Blazers,23,9,14,1114,104.2,105,-0.8,54.8,1.32,15.7,29.6,72.4,51.3,16.1,50.5,53.9,96.28,48.2,2238.00,2015
21,Sacramento Kings,24,9,15,1157,104.3,107.4,-3.1,61.4,1.49,17.5,29.1,71.2,49.8,16.2,50.1,53.6,100.23,48.1,2414.00,2015
21,Washington Wizards,20,9,11,960,101.1,104.7,-3.6,59.2,1.33,16.4,25.7,73,48.8,16.5,49.2,53.4,100.1,47.3,1999.00,2015
26,Denver Nuggets,22,8,14,1056,99.5,106,-6.6,61.6,1.4,16.5,29.8,72.2,50.3,16.2,46.9,51,96.52,46,2126.00,2015
27,Brooklyn Nets,22,7,15,1061,98.7,104.5,-5.8,54.1,1.34,15.8,28.3,73.2,50.6,16,47.6,51.1,97.4,46.7,2150.00,2015
28,New Orleans Pelicans,21,5,16,1013,102.7,109.9,-7.1,57.8,1.55,16.5,24.4,74,48.8,14.2,49,53.2,98.7,45.7,2081.00,2015
29,Los Angeles Lakers,22,3,19,1061,99.4,108.4,-9,50.9,1.25,13.9,26.7,71,48.4,14.6,46.1,50.8,97.58,43.1,2157.00,2015
30,Philadelphia 76ers,23,1,22,1104,93.1,105.4,-12.3,55.8,1.03,14.6,25,70.6,47.4,18.5,46.7,50.2,97.61,41,2243.00,2015
1,Golden State Warriors,22,19,3,1066,117.3,104,13.3,72.8,2.19,21.9,27.6,69.9,50.2,14.3,57,60.7,101.13,59.4,2249.00,2016
2,San Antonio Spurs,22,18,4,1056,109.7,104.3,5.3,61,1.78,17.8,26.7,73.8,50.7,13.7,51.7,56.4,93.73,53.9,2062.00,2016
3,LA Clippers,23,16,7,1114,110.6,102.1,8.5,56.9,1.72,16.7,26.5,73.5,50.5,13.1,51.9,56.3,96.97,55.8,2252.00,2016
4,Cleveland Cavaliers,20,15,5,960,114.2,107.7,6.5,58,1.64,16.9,29.3,71.2,50.8,14.2,53.8,57.7,97.13,53,1945.00,2016
4,Houston Rockets,22,15,7,1066,113.4,107.7,5.6,60.7,1.51,17.9,30.1,70.9,50.7,16.5,55,58.3,98.14,52.1,2177.00,2016
4,Memphis Grizzlies,23,15,8,1134,102.7,103,-0.4,56.9,1.45,15.6,28.7,74,50.6,14.5,47.2,51.9,92.93,49.5,2194.00,2016
7,Oklahoma City Thunder,22,14,8,1076,106.4,103.5,2.9,55.7,1.44,16.4,30.1,72.8,51.6,15.6,51,54.2,99.23,51.2,2221.00,2016
7,Toronto Raptors,21,14,7,1013,114.9,106.8,8.1,50.3,1.69,15.7,28.3,70.1,49.5,12.5,53.3,57.8,95.86,54,2026.00,2016
7,Utah Jazz,23,14,9,1104,109.2,103.6,5.6,52.4,1.53,15.8,23.9,72.9,49.8,13.5,52.7,56.8,92.04,54.2,2114.00,2016
10,Boston Celtics,22,13,9,1056,108.9,106.9,2.1,63.5,2.03,18.5,25.7,69.4,47.7,12.6,51.4,55.1,96.64,51,2127.00,2016
10,Charlotte Hornets,22,13,9,1071,106.6,104.2,2.4,63.1,2.04,17.7,24.6,73.9,49.8,11.8,49.4,53.7,96.54,52.4,2157.00,2016
12,Detroit Pistons,24,12,12,1152,104.8,101.8,3,53.5,1.8,16.4,27.5,75.4,51.4,12.3,49.2,52.2,94.6,51.2,2271.00,2016
12,New York Knicks,22,12,10,1061,106.7,110.3,-3.5,55.5,1.59,16.4,31.6,69.8,50.5,14.3,49.8,53.2,96.97,48.6,2149.00,2016
12,Portland Trail Blazers,23,12,11,1119,109.8,112.2,-2.4,55.9,1.7,16.7,25.2,71,48,13.3,52.1,56,98.94,48.1,2307.00,2016
15,Atlanta Hawks,23,11,12,1104,101.6,103.1,-1.5,61.6,1.39,17.3,28.7,71.7,50.4,17.1,50.1,53.2,98.78,50.7,2270.00,2016
15,Chicago Bulls,21,11,10,1008,107.5,104.3,3.3,53.9,1.52,15.5,33.6,72.9,53.1,14.1,47.7,52.6,96.12,51.7,2017.00,2016
15,Indiana Pacers,22,11,11,1076,103.7,106.3,-2.6,56.3,1.47,16.5,25.6,69.7,47.8,15.1,49.8,54,98.99,48.9,2217.00,2016
15,Milwaukee Bucks,20,11,9,965,105.9,103.9,2,61.3,1.63,17.7,27.3,72.1,50.4,14.8,50.8,54.8,97.49,52,1961.00,2016
19,Los Angeles Lakers,24,10,14,1152,104.9,110.8,-5.9,53.3,1.27,15.4,30.6,72.1,50.8,16.4,49.5,53.7,99.56,44.8,2390.00,2016
19,Orlando Magic,23,10,13,1104,100.4,104.9,-4.6,58.5,1.53,16.2,28,71.8,49.8,14.4,47.2,50.6,94.04,47.4,2161.00,2016
21,Denver Nuggets,22,8,14,1071,105.6,108.5,-2.8,55.2,1.31,15.4,33.6,75.4,53.9,16.1,48.5,52.7,99.34,47.8,2217.00,2016
21,Sacramento Kings,21,8,13,1023,106.4,107.7,-1.3,58.6,1.53,16.7,28.2,73,50.3,14.8,49.6,54.2,95.39,49.5,2036.00,2016
23,Miami Heat,22,7,15,1061,103.3,106,-2.7,53.9,1.55,15.5,29.7,69.7,49.2,13.7,48.1,50.9,93.69,47.4,2072.00,2016
23,New Orleans Pelicans,22,7,15,1081,101.5,104.6,-3.1,59.4,1.74,17,21.9,73.3,47.9,13,48.6,52.7,98.44,49,2217.00,2016
23,Washington Wizards,20,7,13,975,105.8,108.7,-2.9,53.8,1.46,16,30.1,70.7,49.9,14.9,49.9,53.5,96.98,48.1,1971.00,2016
26,Brooklyn Nets,21,6,15,1018,103.2,111,-7.8,54.8,1.23,15.3,25.8,70.4,48,16.4,50.2,54.4,101.87,44.9,2161.00,2016
26,Minnesota Timberwolves,21,6,15,1013,107.8,108.6,-0.8,58.2,1.5,16.6,30.4,70.9,49.9,15.2,49.8,54.4,96.43,48.7,2028.00,2016
26,Phoenix Suns,22,6,16,1071,102.5,109.1,-6.6,46.8,1.12,13.5,28.3,72.4,49.7,15.8,48.4,52.8,101.87,44.4,2269.00,2016
29,Dallas Mavericks,21,4,17,1018,98.1,107,-8.8,55,1.44,15.2,23.6,74.3,47.3,13.9,46.9,50.6,92.96,44.5,1972.00,2016
29,Philadelphia 76ers,22,4,18,1076,98.7,108.5,-9.8,61.7,1.29,16.7,27,71.7,49.3,17.5,49.4,52.4,96.96,44.5,2174.00,2016
1,Boston Celtics,25,21,4,1205,107.8,100.6,7.2,60.2,1.59,17.1,27.2,75.7,51.7,14.7,51.9,55.8,96.64,54.3,2429.00,2017
2,Golden State Warriors,25,19,6,1205,114.9,104,10.8,70.1,1.89,21.5,25.3,72.2,51.1,15.9,58.8,62,102.65,57.8,2579.00,2017
3,Houston Rockets,22,18,4,1056,114.2,103,11.2,59,1.46,17.2,25.9,76,51.2,15.8,56,60.1,99.8,54.7,2197.00,2017
4,Cleveland Cavaliers,24,17,7,1157,112.5,109.2,3.4,56.5,1.54,17.2,24.8,72.9,49.9,14.8,55.3,59.5,98.63,52,2378.00,2017
5,San Antonio Spurs,24,16,8,1152,105.6,102,3.6,61.2,1.59,17.6,28.4,74.8,51.7,15.2,50.7,54.5,95.17,53.4,2286.00,2017
6,Toronto Raptors,22,15,7,1056,112.5,105.1,7.4,57,1.63,17.6,26.3,71.6,49.6,14.7,55.4,58.8,99.09,53.5,2181.00,2017
7,Detroit Pistons,23,14,9,1104,107.6,105.8,1.8,56.6,1.53,16.9,27.7,73.3,49.8,15.1,52.3,55.3,97.09,49.1,2234.00,2017
7,Minnesota Timberwolves,25,14,11,1205,109.9,109.4,0.5,57.1,1.62,16.9,29.5,72.7,50.7,14.3,51.6,56.1,97.23,51.1,2440.00,2017
9,Denver Nuggets,23,13,10,1104,108,108.1,-0.1,58.8,1.48,17,31.1,74.2,52,15.9,52.3,55.5,98.91,50.1,2274.00,2017
9,Indiana Pacers,24,13,11,1152,108.8,108.1,0.7,56.1,1.64,17.3,26.5,72.1,49.7,14.2,53.8,56.9,99.9,51,2401.00,2017
9,Philadelphia 76ers,23,13,10,1104,105.6,105.1,0.4,63.7,1.47,17.8,30.7,74.4,52.9,16.9,51.5,54.8,102.65,51.4,2357.00,2017
9,Portland Trail Blazers,24,13,11,1157,104.2,102,2.2,48.6,1.21,13.9,28.8,77,53.1,15.2,49.2,53.8,98.03,51.4,2367.00,2017
9,Utah Jazz,25,13,12,1205,106.7,102.1,4.5,58.4,1.49,16.9,24.2,73.6,48.8,15.3,52.7,56.4,96.38,53,2421.00,2017
9,Washington Wizards,24,13,11,1162,107.2,105.2,2.1,55.9,1.55,16.3,26.9,72.7,49.8,14.2,51,55.3,97.96,51.2,2374.00,2017
15,Milwaukee Bucks,22,12,10,1061,106.6,107.7,-1.1,57.4,1.62,17.4,21.6,70.8,46.4,14.3,53.4,56.8,96.25,49.8,2126.00,2017
15,New Orleans Pelicans,24,12,12,1157,106.8,108,-1.2,63.8,1.62,18.8,24.1,74.1,49.9,15.9,54.4,57.4,101.52,50.5,2447.00,2017
17,Miami Heat,23,11,12,1109,101.9,106,-4.1,56.3,1.29,16,23.5,74.1,48.8,16.4,51.6,54.8,97.51,47.4,2257.00,2017
17,New York Knicks,23,11,12,1104,107,107,0,58.1,1.44,17.3,31.1,73.4,52.7,16.6,51.6,55.2,97.35,50.8,2236.00,2017
17,Oklahoma City Thunder,23,11,12,1104,105.1,101.7,3.5,55.5,1.36,15.8,31.2,72.7,51.1,15.9,50.1,53.4,97.15,51.1,2233.00,2017
20,Orlando Magic,25,10,15,1200,106.4,109.5,-3.1,59.4,1.57,17.5,23.2,70,46.9,15,53.2,56.3,101.2,47.8,2525.00,2017
21,Brooklyn Nets,23,9,14,1104,105.8,108,-2.2,58,1.44,16.4,25.7,74.5,49.6,15.3,51.3,55,103.85,47.8,2386.00,2017
21,Charlotte Hornets,22,9,13,1061,106,107.3,-1.3,54.2,1.49,15.3,27.9,75.9,51.8,13.8,49.5,53.9,98.85,50.1,2188.00,2017
21,Phoenix Suns,26,9,17,1253,102.8,110.4,-7.6,50.7,1.24,14.6,28,72.7,50.1,15.5,49.5,53.5,104.29,45.5,2721.00,2017
24,LA Clippers,22,8,14,1061,107.2,109.4,-2.2,53.5,1.3,15.4,29.2,70.6,49.7,15.9,51.5,55.5,97.56,47.4,2152.00,2017
24,Los Angeles Lakers,23,8,15,1114,101.4,104.6,-3.2,56.3,1.3,16.2,26.7,72.9,49.9,16.7,50.2,53.4,103.5,48.4,2399.00,2017
24,Memphis Grizzlies,23,8,15,1104,103.3,106.6,-3.3,59.3,1.5,16.8,23.4,72.3,47.9,14.9,50.4,54.7,94.87,48.7,2184.00,2017
27,Dallas Mavericks,24,7,17,1157,103.1,106,-3,58.2,1.55,16.5,22,76.1,48.1,14.2,50.7,54,97.39,46.8,2346.00,2017
27,Sacramento Kings,23,7,16,1104,99.9,110.2,-10.3,54.5,1.38,15.9,25.8,71.5,47.6,15.3,49,52,95.8,43.2,2202.00,2017
29,Atlanta Hawks,23,5,18,1104,103.8,109.7,-5.8,58.8,1.44,17,25.7,69.8,47.5,15.9,51.4,54.8,98.96,46.5,2275.00,2017
30,Chicago Bulls,22,3,19,1061,97.9,109.9,-12,61.1,1.55,16.7,24.7,77.4,49.2,14.7,47.5,50.4,97.18,42,2149.00,2017
1,Toronto Raptors,24,20,4,1162,114.6,106.5,8.1,57,1.67,17.9,28.4,70.5,50.7,14.7,55.9,59.3,101.08,55.2,2452.00,2018
2,Philadelphia 76ers,25,17,8,1220,109,106.9,2.1,65.7,1.66,18.4,26.5,73.9,51.4,15.2,52.5,57.1,102.96,53.7,2619.00,2018
3,Denver Nuggets,22,15,7,1061,111.3,103.8,7.5,63.5,1.87,18.7,32.1,75.1,53.4,14.3,52.3,55.5,98.6,54.5,2182.00,2018
3,Golden State Warriors,24,15,9,1162,113.9,109.7,4.2,63.8,1.85,19.5,27.2,71.9,51.1,14.7,55.6,59.4,100.79,54,2441.00,2018
3,LA Clippers,22,15,7,1071,112.6,107.8,4.8,53.2,1.57,16,26.8,71.1,50,13.6,52.6,57.5,102.66,52.6,2289.00,2018
3,Milwaukee Bucks,22,15,7,1066,115.6,106,9.7,61.2,1.78,18.9,26.7,76.8,53,14.6,56.7,59.7,103.99,55.8,2309.00,2018
7,Los Angeles Lakers,23,14,9,1109,108,106.2,1.8,55.4,1.49,16.8,27.3,72.3,50.4,15.4,53.2,56,104.03,51.1,2401.00,2018
7,Oklahoma City Thunder,21,14,7,1008,108,101.7,6.3,53.6,1.56,15.8,31.8,73.1,51.8,14,50.3,53.5,102.81,53.1,2159.00,2018
9,Boston Celtics,23,13,10,1114,107.2,103.1,4.1,61.9,1.84,17.9,26.1,74.4,50.2,13.4,51.7,54.9,100.22,52.8,2329.00,2018
9,Detroit Pistons,20,13,7,980,108.8,106.4,2.3,53.6,1.5,15.4,31.2,75.7,52.2,14,49.9,53.7,100.46,48.8,2051.00,2018
9,Indiana Pacers,23,13,10,1104,107.8,104,3.8,59.8,1.64,18.1,27.1,73.6,50.6,15.1,53.3,56.1,98.63,52.6,2266.00,2018
9,Memphis Grizzlies,22,13,9,1076,106.3,104.8,1.5,62.3,1.74,17.9,22.5,72.6,47.2,13.9,51.8,55.6,96.49,50.8,2161.00,2018
9,Portland Trail Blazers,23,13,10,1109,111.6,110.4,1.3,50.3,1.42,15.2,30,74.1,52.4,14.5,52,56.2,100.74,50,2327.00,2018
14,New Orleans Pelicans,24,12,12,1152,112.5,111.1,1.4,61.1,1.72,18.1,31.7,73.2,52.7,14.8,53,57,104.63,51.4,2513.00,2018
15,Charlotte Hornets,23,11,12,1114,111.8,108.5,3.2,57.8,1.93,17.4,26.6,72.8,49.5,12.3,52.7,56.4,101.3,51.2,2355.00,2018
15,Dallas Mavericks,21,11,10,1013,108.7,107.2,1.5,57.2,1.37,16.4,28.8,75.1,51.9,16.2,53,56.9,101.21,51.2,2140.00,2018
15,Houston Rockets,22,11,11,1066,112.3,111.9,0.4,55.2,1.47,16,29.2,69.3,48.5,14.8,53.5,56.9,97.15,48.2,2156.00,2018
15,Minnesota Timberwolves,23,11,12,1104,108,108.9,-0.9,57.8,1.69,16.6,29.1,69.6,49.2,13.5,50.1,54.4,101.61,50.2,2339.00,2018
15,Orlando Magic,23,11,12,1104,106.3,108.6,-2.3,64.9,1.92,19,24.8,72.4,48.2,13.7,51.6,54.7,99.57,49.5,2290.00,2018
15,Sacramento Kings,22,11,11,1056,108,110.5,-2.5,56.7,1.66,17.3,25.1,71.1,48.1,14.1,53.3,55.9,105.93,48.7,2329.00,2018
15,San Antonio Spurs,23,11,12,1114,109.6,112.4,-2.7,58.2,1.93,17.4,26.7,73.6,49.8,12.4,51,55.1,98.99,48.7,2296.00,2018
15,Utah Jazz,24,11,13,1152,105.1,107.8,-2.7,61.6,1.49,17.2,26.6,74.9,50.6,15.7,52,55.5,100.31,49.6,2412.00,2018
23,Miami Heat,22,9,13,1061,105.6,106.9,-1.2,56.3,1.39,15.6,30.3,72.3,50.7,15.4,49.9,53.3,101.99,48.6,2253.00,2018
23,Washington Wizards,23,9,14,1114,107,112.2,-5.1,57.9,1.66,16.8,24,68.1,45.9,13.6,51.7,55.6,103.48,47.7,2401.00,2018
25,Brooklyn Nets,24,8,16,1167,108.3,110.4,-2.1,57.2,1.5,16.3,29.8,70.1,49.3,14.9,51.1,54.6,99.54,47.2,2416.00,2018
25,New York Knicks,24,8,16,1167,106.6,111.8,-5.1,47.8,1.29,13.9,30,71.8,50.2,14.4,49.3,53.6,101.04,45,2453.00,2018
27,Atlanta Hawks,23,5,18,1104,100.8,110.4,-9.6,62.2,1.33,17,24.1,70.6,47,17.3,50.4,53.9,106.76,44.6,2451.00,2018
27,Chicago Bulls,24,5,19,1167,101.1,110.6,-9.5,57.5,1.45,16.4,21.6,71.9,47,14.9,49.8,53.5,100.89,44.6,2454.00,2018
29,Cleveland Cavaliers,22,4,18,1056,105.4,114,-8.6,49.9,1.33,14.6,30.3,73.4,50.7,14.8,49,53.1,97.43,44,2144.00,2018
29,Phoenix Suns,23,4,19,1109,102.1,112.4,-10.3,60,1.42,17.4,21.9,70.8,46.3,16.3,51.7,55,100.57,43.4,2320.00,2018
1,Los Angeles Lakers,22,19,3,1061,111.2,102.8,8.4,62,1.77,18.8,27.9,72.7,50.9,14.8,54.3,57.2,100.28,56.2,2222.00,2019
1,Milwaukee Bucks,22,19,3,1061,114.2,101.9,12.3,58,1.73,17.8,24.5,76.8,52.2,14,56.1,59,105.57,57.6,2332.00,2019
3,LA Clippers,22,16,6,1061,111.2,103.6,7.6,56.4,1.45,16.4,30.1,74,52.4,15.6,52.6,56.6,103.44,54,2285.00,2019
4,Boston Celtics,20,15,5,965,110,103.1,6.8,59.1,1.8,17,27.5,72.3,49.7,13,50.9,55,100.23,54.1,2015.00,2019
4,Dallas Mavericks,21,15,6,1013,116.6,108.2,8.3,58.5,1.89,17.4,28.5,73.2,51.2,12.8,54.3,58.1,100.62,54.1,2125.00,2019
4,Miami Heat,21,15,6,1018,109,104,5,63.3,1.37,17.9,27.9,75.2,52.6,17.9,55.1,58.8,100.67,53.9,2137.00,2019
4,Philadelphia 76ers,22,15,7,1061,107.5,103.2,4.2,64.5,1.56,18.5,28.5,78.4,53.5,16.5,53.1,56.5,100.7,54.3,2227.00,2019
4,Toronto Raptors,21,15,6,1018,110.4,103.4,7,64.1,1.69,18.4,24.9,69.5,48.7,15,53.8,57.7,101.21,54.4,2147.00,2019
9,Denver Nuggets,19,14,5,927,107.5,101.5,6,65,1.9,18.8,28.4,74.2,51.1,14,51,53.9,98.25,53.2,1897.00,2019
9,Houston Rockets,21,14,7,1018,113.5,108.4,5.1,54,1.4,15.4,28,72.9,50.3,14.8,53.2,57.8,105.29,50.9,2235.00,2019
9,Indiana Pacers,21,14,7,1018,109.4,104,5.5,58,1.77,17.9,27.8,74.5,51.5,14,52.7,55.9,99.39,53.2,2108.00,2019
12,Utah Jazz,22,12,10,1056,105,105,0,55.9,1.29,15.8,24,74.7,50.3,16.2,51.9,55.9,100.77,50.2,2215.00,2019
13,Brooklyn Nets,21,11,10,1018,108.7,109.4,-0.7,58.3,1.5,16.7,28.7,71.5,50.5,15.3,52.4,55.8,103.03,50,2184.00,2019
14,Minnesota Timberwolves,20,10,10,975,107,107.9,-0.9,58.8,1.52,16.4,27.3,72.8,50,14.7,50.7,54.7,104.69,49.9,2126.00,2019
14,Orlando Magic,21,10,11,1008,104.9,105.1,-0.3,58.9,1.63,16.7,27.5,75.6,50.9,13.9,49.2,53.1,98.52,50.4,2073.00,2019
14,Phoenix Suns,21,10,11,1018,111.4,109.9,1.5,68.3,1.98,19.6,24.2,72.8,48.1,13.7,53.6,57.8,102.77,51.1,2178.00,2019
17,Charlotte Hornets,23,9,14,1109,106,113.5,-7.4,62.5,1.54,17.7,26.5,71.5,48.3,15.8,52.2,55.1,98.99,45,2287.00,2019
17,Portland Trail Blazers,22,9,13,1061,110,111.2,-1.2,48.7,1.48,14.9,25.8,70.8,48.9,13.3,52.2,56,102.74,48.2,2270.00,2019
19,Chicago Bulls,22,8,14,1056,103.5,106.7,-3.2,60,1.46,16.4,26.5,71.7,48.1,15.3,49.4,53.2,102.7,46.4,2260.00,2019
19,Detroit Pistons,22,8,14,1056,110.2,110.1,0.2,63.7,1.56,18.6,27.4,72.5,50.4,16.5,54.7,57.7,98.77,49.8,2171.00,2019
19,Oklahoma City Thunder,20,8,12,965,106.6,107.5,-0.9,56.9,1.52,16.7,21.5,72.8,47.9,14.5,52.5,56.6,100.08,50.3,2010.00,2019
19,Sacramento Kings,20,8,12,965,106.3,110,-3.7,58.9,1.45,17,26.9,73.1,49.1,16,51.8,55.1,98.31,46.5,1974.00,2019
19,San Antonio Spurs,22,8,14,1066,109.5,113.1,-3.6,58.1,1.8,17.6,25.7,75,50.2,13.3,51.7,55.5,101.4,48.6,2249.00,2019
24,Washington Wizards,20,7,13,960,112.6,115.7,-3.1,62.9,1.96,19.3,25.4,71.9,47.8,13.7,54.5,57.7,105.68,47.8,2112.00,2019
25,Memphis Grizzlies,21,6,15,1013,104.5,111.7,-7.2,64.1,1.65,18.4,26.5,73,49.4,15.5,50.8,54,103.58,46.7,2181.00,2019
25,New Orleans Pelicans,22,6,16,1066,108.7,113.9,-5.2,59.6,1.54,17.3,26.8,72.2,49,15.4,53.5,56.3,104.22,46.7,2317.00,2019
27,Atlanta Hawks,22,5,17,1066,104.6,114,-9.4,57.9,1.32,16.5,29.3,68.6,48.7,17.1,51,54.5,102.33,44.9,2272.00,2019
27,Cleveland Cavaliers,20,5,15,960,104.7,113.5,-8.8,53.5,1.35,15.2,27.5,72.6,49.4,15.2,49.8,53.7,99.4,44.7,1989.00,2019
29,Golden State Warriors,23,4,19,1109,103.6,113.8,-10.2,62.4,1.62,17.1,28.1,70.9,48.9,14.5,48.2,53,100.57,46,2329.00,2019
29,New York Knicks,22,4,18,1056,102,113,-10.9,54.4,1.31,14.8,29.1,72.8,49.7,15.3,48.4,51.6,98.5,42.2,2167.00,2019
1,LA Clippers,23,17,6,1104,117.3,109.5,7.8,59.1,1.85,18.2,26.1,75.6,51.4,13.5,57,60.6,97.96,53.6,2255.00,2020
2,Los Angeles Lakers,22,16,6,1056,112.5,104.8,7.8,58.7,1.68,17.9,27.3,75.2,51.9,14.7,54.7,57.8,99.32,54.1,2185.00,2020
2,Philadelphia 76ers,22,16,6,1061,111.3,106.9,4.5,57,1.48,16.9,28.6,73.1,51.7,15.6,54,57.9,102.08,53.2,2254.00,2020
2,Utah Jazz,21,16,5,1008,115,107.6,7.4,58.7,1.62,17.3,30,75.3,53.3,14.8,55.7,58.7,98.83,53.7,2078.00,2020
5,Brooklyn Nets,23,14,9,1124,117.1,113,4.1,61.1,1.77,19,24,72.2,50,14.6,58.4,62,102.47,53.2,2401.00,2020
6,Milwaukee Bucks,21,13,8,1008,118.6,109.6,9,60.4,1.91,19,28.4,75.1,52.4,14,57.5,59.8,102.19,54.6,2142.00,2020
7,Denver Nuggets,20,12,8,985,115.8,110.9,4.9,62.7,1.91,19.1,30.2,75.4,52.6,14.2,55.6,58.7,98.14,52.8,2014.00,2020
7,Indiana Pacers,22,12,10,1066,112.1,110.4,1.7,62.4,1.89,19.1,24.8,72.4,48.9,13.9,55.1,58.1,100.68,50.9,2236.00,2020
7,San Antonio Spurs,22,12,10,1061,109.5,110.5,-1,60.2,2.3,18.2,23.9,75.3,48.8,10.8,51.5,54.8,101.02,49.8,2235.00,2020
10,Boston Celtics,20,11,9,960,111.7,109.2,2.5,54.4,1.51,16.6,29.2,73.5,51.1,15,54,57,100.05,50.8,1998.00,2020
10,Golden State Warriors,21,11,10,1008,108.2,109.1,-1,66,1.85,18.8,22.9,71.2,47.2,13.9,52.7,56.3,103.69,50.1,2177.00,2020
10,Phoenix Suns,20,11,9,980,109.7,108.4,1.4,63.9,1.89,18.8,23.7,75.4,49.7,13.6,53.6,57.2,98.01,51,2003.00,2020
10,Portland Trail Blazers,20,11,9,965,114.1,116,-1.9,50.7,1.82,15.3,26.5,74.1,49.1,11.3,52.9,56.7,100.48,47.2,2022.00,2020
14,Atlanta Hawks,21,10,11,1018,111,109.3,1.7,61.6,1.65,17.4,29.9,73.2,51.8,14.6,52,56.6,100.36,50.8,2132.00,2020
14,Charlotte Hornets,22,10,12,1061,109.3,110,-0.8,71.8,1.91,20.1,27.4,71.1,48.9,14.9,52.9,56.1,99.91,49.5,2207.00,2020
14,Cleveland Cavaliers,22,10,12,1076,104,108.8,-4.9,59.1,1.46,16.9,29.4,71.9,50.1,15.9,50.4,53.4,97.99,47.9,2195.00,2020
14,Houston Rockets,20,10,10,965,108.3,106,2.3,58,1.47,17,23.4,71.9,48.1,15.4,53.6,56.8,102.19,50.6,2051.00,2020
14,New York Knicks,23,10,13,1104,106.6,108,-1.5,55.1,1.51,16,27.7,73.1,50.8,14.4,50.2,53.9,96.24,48.8,2210.00,2020
14,Sacramento Kings,21,10,11,1013,112,117.2,-5.2,61.2,1.76,18.2,27.2,72.3,49.6,14.3,54.5,57.5,100.83,47.4,2128.00,2020
20,Dallas Mavericks,22,9,13,1061,109.6,111.1,-1.5,55.6,1.8,16.7,23.1,72.1,47.6,12.4,52.5,56.1,99.33,49.3,2194.00,2020
20,Memphis Grizzlies,16,9,7,773,108.8,107.5,1.2,65.7,1.99,19.6,28.3,73.2,50.4,14,52.3,55.1,100.69,51.1,1622.00,2020
20,Oklahoma City Thunder,20,9,11,965,104.5,111.5,-7,56.7,1.52,16.5,20.4,74.2,47.8,14.3,52.6,55.5,101.84,46.7,2049.00,2020
20,Toronto Raptors,21,9,12,1008,111.5,110,1.6,63.4,1.72,17.9,27.5,72.3,49.2,14.4,53.2,57,100.19,49.4,2105.00,2020
24,Chicago Bulls,20,8,12,965,110.1,113,-2.9,62,1.52,18.3,26.1,75.6,51.2,16.5,55.4,58.8,103.39,49.7,2084.00,2020
24,New Orleans Pelicans,20,8,12,965,110.7,112.4,-1.7,58,1.6,17.1,30,75.5,52.4,14.8,52.9,56.1,99.68,49.3,2007.00,2020
24,Orlando Magic,22,8,14,1061,105,111.9,-6.9,57.9,1.63,16.4,27.8,75.5,50.4,13.8,49,52.6,99.35,46,2197.00,2020
27,Miami Heat,21,7,14,1018,105.7,111.2,-5.5,66.9,1.5,18.8,22.3,72.3,48.4,17,54.5,57.9,99.7,48.5,2116.00,2020
28,Detroit Pistons,21,5,16,1028,107.4,111.6,-4.2,62.1,1.59,17,28.2,72.4,49.2,14.7,50.1,54.4,98.94,46.5,2115.00,2020
28,Minnesota Timberwolves,21,5,16,1013,104,112.3,-8.3,59.7,1.64,16.9,26.4,70.1,47.4,14.1,49.8,53.1,101.99,44.7,2148.00,2020
28,Washington Wizards,18,5,13,864,111.2,115.9,-4.7,60.5,1.87,17.9,24.7,74.9,48.8,13.1,53.2,56.8,104.53,47.2,1882.00,2020