#,Team,GP,W,L,WIN%,MIN,PTS,FGM,FGA,FG%,3PM,3PA,3P%,FTM,FTA,FT%,OREB,DREB,REB,AST,TOV,STL,BLK,BLKA,PF,PFD,+/-,Year
1,Philadelphia 76ers,9,9,0,1,48,94.3,34,75.1,45.3,2.7,10.3,25.8,23.7,31.4,75.3,11.8,31.1,42.9,19.9,17.1,8.2,5.4,5.6,22.9,0,9.7,2000
2,Utah Jazz,9,7,2,0.778,48.6,97.1,35.2,72.2,48.8,4,9.6,41.9,22.7,32.7,69.4,9.8,30.7,40.4,25.4,17.4,6.1,6.3,5.2,28.2,0,9.1,2000
3,Phoenix Suns,10,7,3,0.7,48,95.3,36.5,80.2,45.5,4.2,15.8,26.6,18.1,24.2,74.8,12,30.4,42.4,23.8,19.2,10.6,6.2,4.9,25.5,0.1,7.3,2000
3,Sacramento Kings,10,7,3,0.7,50,101.4,37.2,83.4,44.6,5.8,16.3,35.6,21.2,27.5,77.1,11,31.2,42.2,24.7,15.6,9.7,4.4,4.9,20.8,0,9.5,2000
3,San Antonio Spurs,10,7,3,0.7,48.5,93.7,34.6,77,44.9,3.9,9.4,41.5,20.6,28,73.6,10.5,32.7,43.2,20.3,16.4,6.5,5.5,6.8,19.2,0,4.5,2000
6,Cleveland Cavaliers,9,6,3,0.667,49.1,91.3,35.8,76.7,46.7,2.2,7.7,29,17.6,25.2,69.6,11.6,31.2,42.8,21.7,20.3,8.7,6.2,5.9,27.3,0,-1.8,2000
7,Dallas Mavericks,11,7,4,0.636,48,90.9,34.4,80.4,42.8,5.3,14.9,35.4,16.9,21.7,77.8,11.2,29,40.2,18.3,15.2,6.8,6.6,4,24,0,-3.1,2000
8,Los Angeles Lakers,10,6,4,0.6,48.5,97.1,37.2,79.7,46.7,4.9,14.6,33.6,17.8,26.6,66.9,12.7,29.2,41.9,22.2,15.4,5.9,6.3,4.5,23,0,2.2,2000
8,Minnesota Timberwolves,10,6,4,0.6,49,96.5,38.1,82.4,46.2,4.5,11.2,40.2,15.8,20.6,76.7,11.8,29.2,41,23,15.8,7.9,5.9,4.6,26,0.1,2.2,2000
8,New York Knicks,10,6,4,0.6,48.5,86.9,33.1,77.2,42.9,4.1,13.7,29.9,16.6,20.3,81.8,9.6,30.7,40.3,17.1,15.5,6.9,4.6,4.7,23.1,0.1,0.8,2000
11,Indiana Pacers,9,5,4,0.556,48,92.1,34.1,79.4,42.9,5.8,16.7,34.7,18.1,24.6,73.8,12.6,30.7,43.2,20.9,16.1,8.1,5.4,6,24.4,0,2.7,2000
11,New Jersey Nets,9,5,4,0.556,48,95,36,81.4,44.2,4,10.7,37.5,19,27,70.4,11.2,28.2,39.4,22.7,14.8,10.3,5.6,6.2,26,0.1,3,2000
11,Toronto Raptors,9,5,4,0.556,48,99.6,36.3,81.6,44.6,5.2,14.4,36.2,21.7,27.6,78.6,12.6,32.8,45.3,25.8,14.6,6.4,6.6,6.4,21.7,0,8.1,2000
14,Houston Rockets,11,6,5,0.545,48,93.6,33.7,74.6,45.2,4.8,14.7,32.7,21.4,27,79.1,10.6,27.1,37.7,18.7,16.5,8.4,3.9,4.5,21.1,0,2.7,2000
14,Portland Trail Blazers,11,6,5,0.545,48,92,36.2,77.2,46.9,3.8,10.8,35.3,15.8,20.8,76,11,30.6,41.6,22.9,17.1,8,6.9,4.2,23.1,0.2,2.3,2000
16,Denver Nuggets,10,5,5,0.5,48.5,96.9,35.5,82.5,43,5.7,17.2,33.1,20.2,28.5,70.9,13.2,29,42.2,23.5,15.2,6.3,6.9,6.7,24.9,0,-3.3,2000
16,Miami Heat,10,5,5,0.5,48.5,86.1,31.9,76.7,41.6,5.5,14.9,36.9,16.8,22.2,75.7,10.9,29.4,40.3,17.9,15.8,9.2,5,6.1,23.4,0,1.7,2000
18,Boston Celtics,9,4,5,0.444,48.6,95,32.9,80.8,40.7,7.4,17.9,41.6,21.8,30,72.6,12.3,29,41.3,18.8,15.8,9.4,4.6,6.6,24.1,0,-2.2,2000
18,Vancouver Grizzlies,9,4,5,0.444,48,88.4,33.3,79,42.2,3.7,11,33.3,18.1,24.8,73.1,11.4,30.7,42.1,21.6,15.4,9.4,3.3,6.7,23.3,0,1.7,2000
20,Charlotte Hornets,10,4,6,0.4,48.5,87.6,31.4,76,41.3,3.7,11.5,32.2,21.1,29.3,72,12.3,29.8,42.1,19.2,16.1,7.5,5.4,4.4,22.3,0.1,-0.9,2000
20,Detroit Pistons,10,4,6,0.4,48,93.9,35.7,82.8,43.1,4.4,13.3,33.1,18.1,23.7,76.4,13,32.6,45.6,20.5,18.7,7.6,4.9,4.5,26.3,0,-2,2000
20,Orlando Magic,10,4,6,0.4,48.5,92.4,34.8,84,41.4,4.4,14.8,29.7,18.4,26.4,69.7,13.7,28,41.7,19.2,19.5,10.2,6.2,4.8,26.2,0.1,-4.2,2000
23,Los Angeles Clippers,11,4,7,0.364,48.5,87.2,32.8,76.4,43,3.9,13.9,28.1,17.6,26.9,65.5,12.7,31.6,44.4,17.5,18.5,5.7,5.4,5.1,23.8,0,-4.1,2000
23,Seattle SuperSonics,11,4,7,0.364,48,93.8,34.5,80.4,43,6,17.9,33.5,18.7,25.5,73.3,13.4,29.6,43,21,19.1,8.7,5,5.7,21.7,0.1,-3,2000
25,Milwaukee Bucks,9,3,6,0.333,48,92.9,35.9,81.3,44.1,6,17.6,34.2,15.1,20.2,74.7,11.9,27.9,39.8,20,13.7,6.9,4.9,4.6,25,0.1,-4.3,2000
26,Washington Wizards,11,3,8,0.273,48,89.7,33,74.8,44.1,3.4,8.5,39.4,20.4,28.7,70.9,9.5,31.3,40.7,19.8,17.9,7.3,6.3,6,25.9,0.1,-2.8,2000
27,Golden State Warriors,9,2,7,0.222,49.1,95.1,35.6,86.6,41.1,3.7,10.8,34,20.3,29,70.1,14.7,33,47.7,21.1,18.8,9.2,5.9,7.1,23.6,0.1,-7.6,2000
28,Chicago Bulls,9,1,8,0.111,48,81,28.6,76.9,37.1,3.6,9.9,36,20.3,28,72.6,12.6,27.1,39.7,18.1,16.3,7.6,5.7,6.7,25.4,0,-15.7,2000
29,Atlanta Hawks,11,1,10,0.091,48,88.3,32.6,77.4,42.2,4.8,13.5,35.6,18.2,23.9,76,11.9,25.2,37.1,17.5,18.4,9.2,3.6,6.5,24.9,0.2,-10.4,2000
1,Los Angeles Lakers,9,8,1,0.889,48.6,101.3,37.2,80.3,46.3,4.8,15.7,30.5,22.1,32.7,67.7,12.3,31.2,43.6,22,15.1,9.6,7.4,5,23.7,0.1,8.4,2001
1,Minnesota Timberwolves,9,8,1,0.889,49.1,104.3,40.7,83.4,48.7,4,10.1,39.6,19,23.6,80.7,11,33.4,44.4,27,12.6,7,5.9,4.1,22.6,0,12.2,2001
3,Milwaukee Bucks,7,6,1,0.857,48.7,100.7,36.1,77.3,46.8,8.1,20,40.7,20.3,26.3,77.2,9.4,27.4,36.9,23.4,12.4,10,4.3,3.4,22.4,0,3.1,2001
4,New Jersey Nets,9,7,2,0.778,48,95.1,35.9,85.4,42,4.3,12.6,34.5,19,25.4,74.7,13.7,32.6,46.2,22.4,14.9,7.6,8.1,5.7,21.1,0.1,4.8,2001
4,San Antonio Spurs,9,7,2,0.778,48,102.2,35.7,77.2,46.2,8.6,17.4,49,22.3,31.2,71.5,11.8,29.6,41.3,20.9,13.7,7.1,6.7,4.2,20.2,0,7.3,2001
6,Detroit Pistons,8,6,2,0.75,48,99.1,37,77.6,47.7,8.3,20,41.3,16.9,20.8,81.3,7.3,33.1,40.4,23.8,15.8,8.4,7,3,21.6,0,11.6,2001
7,Sacramento Kings,10,7,3,0.7,48,100.9,38.1,83.9,45.4,4.9,14.6,33.6,19.8,27.4,72.3,13,33.8,46.8,22.7,15.2,8.6,4.7,6,19.4,0.1,8.2,2001
8,Toronto Raptors,11,7,4,0.636,48,96.9,35.5,83.2,42.7,6.9,18.5,37.4,18.9,26.9,70.3,14.7,28,42.7,23.5,15,10.2,8.9,6,23.7,0.2,3.3,2001
9,Boston Celtics,8,5,3,0.625,48,100.9,36.4,83.9,43.4,10.6,24.4,43.6,17.5,23.8,73.7,12.3,30.6,42.9,23.5,12.1,8.3,3.6,5.3,20.1,0,5.3,2001
10,Dallas Mavericks,10,6,4,0.6,48,96.8,36.1,80.8,44.7,5.7,17,33.5,18.9,24.1,78.4,9.2,30.3,39.5,20.5,12.2,6.7,4.8,4.9,19.2,0.2,-1.9,2001
10,Houston Rockets,10,6,4,0.6,49.5,94.2,34.7,80.9,42.9,5.7,17.7,32.2,19.1,25.7,74.3,12.6,32.7,45.3,17.9,13.4,7.3,4.1,4.7,17.1,0.1,2.8,2001
12,Golden State Warriors,11,6,5,0.545,48.5,94.3,34.5,82.7,41.6,3.6,9.8,37,21.7,30.5,71.1,17.6,32.7,50.4,20.5,18.5,7.4,6.5,8.1,22.4,0.2,0.7,2001
12,Portland Trail Blazers,11,6,5,0.545,48,95.5,36.2,79.5,45.5,4.9,15.5,31.6,18.3,23.7,77,11.8,28,39.8,23.1,14.4,8.5,4.6,5.7,22.6,0,1.5,2001
14,Denver Nuggets,10,5,5,0.5,48,96.8,36.9,86.1,42.9,4.8,15.3,31.4,18.2,23.7,76.8,15.1,29.4,44.5,21,11.9,5.6,5.2,6.6,23.1,0.1,0.7,2001
14,Indiana Pacers,12,6,6,0.5,48.8,100.8,37.3,83.8,44.4,5.2,13.8,37.3,21.1,26.1,80.8,12.6,31.4,44,23.8,14.9,8.2,5.6,4.4,23.8,0.2,2.1,2001
14,Los Angeles Clippers,10,5,5,0.5,49,101.7,36.5,80.5,45.3,4.2,11.5,36.5,24.5,30.6,80.1,11.7,31,42.7,20.2,15.8,6.4,7.4,5.8,22.6,0.4,1.9,2001
14,Philadelphia 76ers,10,5,5,0.5,48,86.3,33.1,77.2,42.9,2.7,9.7,27.8,17.4,23,75.7,13.6,30.2,43.8,18.8,16.7,8.1,4,5.7,20.3,0,1.4,2001
18,Orlando Magic,11,5,6,0.455,48.9,102.3,37.1,87.2,42.5,5.5,16.7,33.2,22.5,28.7,78.5,14.5,30.1,44.5,21.4,12.9,7.4,6,6.6,25.1,0.1,2.9,2001
18,Phoenix Suns,11,5,6,0.455,48,98.2,39,83.7,46.6,4.2,12.7,32.9,16,20.5,78.2,11.7,30.7,42.5,23,15.2,9.4,3.7,5.9,23.5,0,1.3,2001
20,Charlotte Hornets,9,4,5,0.444,48,91.9,33.9,77.4,43.8,4.9,12.3,39.6,19.2,25.7,74.9,10.2,31,41.2,17.7,14.6,6.2,5.4,5.4,23.7,0.1,-4.3,2001
21,New York Knicks,11,4,7,0.364,48,86.2,31,75.5,41,4.6,14.5,32.1,19.5,26.3,74.4,10,30.4,40.4,18.8,14.9,7.1,2.9,5.1,21.7,0.1,-4.5,2001
21,Seattle SuperSonics,11,4,7,0.364,49.4,96.5,37,84.2,44,7.5,19.3,39.2,15,20.3,74,12.5,29.4,41.9,21.9,15.8,8.5,4.2,4.7,24.5,0.1,-2.2,2001
21,Utah Jazz,11,4,7,0.364,48.5,95.7,34.9,75.5,46.3,2.5,8.5,29,23.5,30.7,76.3,11.9,28.7,40.6,25.5,18.8,8.6,6.9,6.2,24.1,0.1,-5.2,2001
24,Atlanta Hawks,10,3,7,0.3,48.5,90.6,33.6,78.2,43,3.5,10.9,32.1,19.9,26.3,75.7,12.1,31.7,43.8,17.5,17.7,7.2,4.5,6.5,21.2,0.1,-6.7,2001
25,Miami Heat,9,2,7,0.222,48.6,82.7,33.2,77.4,42.9,3.2,10,32.2,13,19.3,67.2,9.4,29.7,39.1,19.2,15.9,6.6,6.6,3.3,24.1,0.2,-5.6,2001
25,Washington Wizards,9,2,7,0.222,48,91.8,34.3,81.6,42.1,3,8.8,34.2,20.1,25.1,80.1,11.6,28,39.6,18.2,12.6,7.2,3.6,4.7,22.7,0,-5.7,2001
27,Cleveland Cavaliers,11,2,9,0.182,48,88.5,33.4,79.8,41.8,3.9,11.2,35,17.9,23.3,77,11.5,30.8,42.3,21.1,14.6,5.5,4.7,6.2,21.5,0.2,-10.3,2001
28,Memphis Grizzlies,9,1,8,0.111,48,89.8,33.6,82.3,40.8,5.3,18.1,29.4,17.3,25.8,67.2,13.8,29.3,43.1,21.9,16.3,8.2,6.1,5.9,21.3,0.1,-10.9,2001
29,Chicago Bulls,10,1,9,0.1,48,82.5,31.7,76.7,41.3,1.5,7.1,21.1,17.6,25.8,68.2,10,29.6,39.6,21,16.4,7.7,3.9,5.9,22.2,0,-16.6,2001
1,Dallas Mavericks,10,10,0,1,48,103.5,38.8,82.6,47,7.3,18.1,40.3,18.6,22.8,81.6,10.1,33.8,43.9,22.2,13.5,9.2,5.4,3.9,20,0.1,14.4,2002
2,Indiana Pacers,9,8,1,0.889,48.6,96.9,36.4,80,45.6,3,7.6,39.7,21,26.9,78.1,10.9,35,45.9,23.6,16.7,8.8,6.7,5.6,24.4,0.1,8.3,2002
3,Seattle SuperSonics,10,8,2,0.8,48,94.9,37.3,81.2,45.9,5.8,14.1,41.1,14.5,20.1,72.1,11.2,30,41.2,24.2,13.6,8.6,3.7,5.3,20.4,0,6.6,2002
4,Detroit Pistons,11,8,3,0.727,48,85.4,30.7,71.5,42.9,5.5,16.6,32.8,18.5,24.8,74.4,9.6,31.4,41,19.3,16.5,6.6,6.5,4.1,23.7,0.2,5.1,2002
4,New Jersey Nets,11,8,3,0.727,48,96.6,35.2,79.6,44.2,4.4,11.5,37.8,21.9,27.7,79,11.3,31.8,43.1,22.4,16.3,8.9,5.9,5.7,20.9,0,7.7,2002
6,New Orleans Hornets,10,7,3,0.7,48.5,94.8,35.5,82.9,42.8,5.3,14.1,37.6,18.5,24.8,74.6,14.6,27.9,42.5,21,13.6,9,3.7,5.1,21.4,0,4.8,2002
6,Philadelphia 76ers,10,7,3,0.7,49,96.8,35.6,85.4,41.7,3.2,11,29.1,22.4,28.4,78.9,13.5,31.7,45.2,22.3,15.3,11,3.5,7.3,24.2,0.3,4,2002
8,Sacramento Kings,11,7,4,0.636,48,100.3,38.5,84.2,45.8,5.6,15.9,35.4,17.5,24.5,71.7,11,32,43,24,16.2,10.1,6.2,4.5,20.4,0,6,2002
8,San Antonio Spurs,11,7,4,0.636,48.5,91.7,34.2,79.1,43.2,6.5,16.7,39.1,16.8,24.8,67.8,12,32.7,44.7,20.8,16.8,8.5,6.6,6.4,21.5,0,5.5,2002
10,Houston Rockets,8,5,3,0.625,48,90.9,34.5,79.8,43.3,4.8,12.6,37.6,17.1,23.1,74.1,12.6,30.3,42.9,16,15,6.8,6.6,5.8,19.8,0,2.3,2002
10,Phoenix Suns,8,5,3,0.625,48,82.3,32.9,80.4,40.9,2.6,9.9,26.6,13.9,18.3,76,13.5,31.1,44.6,21,17.3,6.3,6.9,6.4,19.9,0,-0.6,2002
12,Atlanta Hawks,10,6,4,0.6,48,98.3,36.8,78.5,46.9,4.8,13.6,35.3,19.9,24.7,80.6,12.3,31.4,43.7,21.4,20.2,8.6,7.4,6.9,22.3,0,3.6,2002
12,Boston Celtics,10,6,4,0.6,48.5,95,33.7,82,41.1,9.4,28.7,32.8,18.2,24.5,74.3,10.6,30.3,40.9,20.2,14.8,9.9,4.1,5.3,22,0.1,-1,2002
14,Milwaukee Bucks,9,5,4,0.556,49.1,101.2,38.3,80.9,47.4,7.7,19,40.4,16.9,23.4,72,10,30.9,40.9,21.9,15.2,8.8,6,3.6,23.3,0.1,3,2002
15,Orlando Magic,11,6,5,0.545,48,104.4,37.6,82.8,45.4,6.3,17.9,35,22.8,27.4,83.4,12,28.5,40.5,21.7,14.6,7.2,4.4,4.5,24.7,0.2,0.3,2002
15,Washington Wizards,11,6,5,0.545,48,93.3,33.8,76,44.5,3,9.6,31.1,22.6,28.8,78.5,10.4,30.7,41.1,18.9,15.1,8.4,4.6,4.2,22,0,5.5,2002
17,Minnesota Timberwolves,11,5,6,0.455,48,93.8,36.1,82.1,44,2.5,7.3,35,19.1,24.7,77.2,10.5,32.6,43.2,21.7,15.6,6.9,5.6,5.7,21.6,0.1,-3.5,2002
18,Chicago Bulls,10,4,6,0.4,48.5,93.5,36.1,83.8,43.1,3.5,10.8,32.4,17.8,26.7,66.7,14.1,32.5,46.6,20.4,17.2,7,4.7,6,22.6,0,-5.1,2002
18,Portland Trail Blazers,10,4,6,0.4,48.5,88,34.3,77.9,44,4.1,11.3,36.3,15.3,22.2,68.9,12.8,26.8,39.6,21.9,16,8.3,3.4,4.9,20.8,0,-1,2002
18,Toronto Raptors,10,4,6,0.4,48.5,87.6,32,80.8,39.6,4.2,13.7,30.7,19.4,25.7,75.5,13,29.7,42.7,15,16.7,8.9,4.7,5.4,22.8,0.1,-7.7,2002
21,Los Angeles Clippers,11,4,7,0.364,48.5,92.7,33.5,75,44.6,4.7,12.8,36.9,21.1,28.9,73,10.2,32,42.2,20,18,5.9,6.5,4.9,22.8,0,-4.5,2002
21,Utah Jazz,11,4,7,0.364,48,91,33.7,75.2,44.9,2.5,7.6,33.3,21,29.5,71.1,13.6,28.1,41.7,23.1,18.9,7,5.2,5.3,24.3,0,-2.9,2002
23,Los Angeles Lakers,10,3,7,0.3,49.5,91,34.6,87.9,39.4,4.9,18.1,27.1,16.9,20.8,81.3,14.5,29.8,44.3,21.6,14,8.6,5.9,5.5,23.1,0,-3.1,2002
24,Golden State Warriors,12,3,9,0.25,48.4,98.8,35.5,84.3,42.1,4.5,13.4,33.5,23.3,29.7,78.7,16.6,31.8,48.3,20.6,16.8,7.5,7,6.2,23.5,0,-2.7,2002
25,Denver Nuggets,10,2,8,0.2,48,76.4,30.8,79,39,2.4,9.1,26.4,12.4,17.9,69.3,15.1,28.3,43.4,18.3,20.9,8.3,5.1,7.6,25,0.1,-7.8,2002
25,New York Knicks,10,2,8,0.2,48.5,91.1,35.2,82.3,42.8,4.3,13.9,30.9,16.4,20.9,78.5,10.8,27.2,38,20,14.8,7.7,3.2,4.3,27,0,-7.1,2002
27,Cleveland Cavaliers,11,2,9,0.182,48,83.6,32.1,81.5,39.4,1.2,5,23.6,18.3,25.6,71.3,13.5,31,44.5,18.9,18.4,9.2,6.6,6.4,22.3,0,-10.7,2002
28,Miami Heat,8,1,7,0.125,48,82.6,32.6,81.5,40,4.5,14.8,30.5,12.9,17,75.7,12.3,30.5,42.8,17.6,13,4,3.5,5,24.4,0,-9.1,2002
29,Memphis Grizzlies,10,0,10,0,48.5,93.5,35.8,81.9,43.7,3.8,12.9,29.5,18.1,24.7,73.3,11.8,28,39.8,21,18.2,9.5,7,5.6,22.1,0,-10.7,2002
1,Indiana Pacers,10,8,2,0.8,48.5,87.7,32.8,76.8,42.7,5.7,14.3,39.9,16.4,22.8,71.9,11.3,29.5,40.8,20.8,15.5,10.5,5.6,7.1,21.1,0.1,4.3,2003
2,Los Angeles Lakers,11,8,3,0.727,48.9,100.5,37.3,82.2,45.4,3.7,13.1,28.5,22.2,32.8,67.6,12,32.6,44.6,24,14.7,8.3,4.8,4,22.6,0,4.3,2003
2,New Orleans Hornets,11,8,3,0.727,48.9,97.5,36.5,81.3,44.9,8.9,23,38.7,15.7,21.3,73.9,12.9,27.6,40.5,23.3,15.2,10.5,4.1,5.7,22.2,0.2,2.8,2003
4,Houston Rockets,10,7,3,0.7,49,89,32.3,75.9,42.6,6.7,18,37.2,17.7,22.8,77.6,11.4,32.2,43.6,18.3,18.1,7.8,6.7,5,22.6,0,8,2003
5,Seattle SuperSonics,9,6,3,0.667,48,97.9,36.9,82.3,44.8,8.3,22.4,37.1,15.8,22.1,71.4,12.2,27.8,40,19.9,14.8,8.6,4.6,5,20.3,0,2.3,2003
6,Dallas Mavericks,11,7,4,0.636,48.5,98.9,37.8,85.3,44.3,5.8,18.3,31.8,17.5,22.5,77.4,14.2,32,46.2,23.3,13,8,5,4.9,18.7,0,4.8,2003
6,Detroit Pistons,11,7,4,0.636,48.5,95.1,34.6,79.5,43.6,3.4,9.7,34.6,22.5,29,77.4,14.2,29,43.2,19,15.6,8.5,6.3,4.6,22.7,0.1,5,2003
8,Sacramento Kings,10,6,4,0.6,49,101.9,39.4,85.2,46.2,6.3,14.8,42.6,16.8,21.6,77.8,12.1,28.5,40.6,28.1,14.2,8.5,5.3,6.7,20.4,0.1,3.2,2003
9,San Antonio Spurs,12,7,5,0.583,48.8,87.8,31.2,79,39.5,4.7,14.2,32.9,20.8,28.2,73.7,12.3,34.3,46.7,19.8,16,8.3,7.7,5,21.6,0,4.5,2003
10,Los Angeles Clippers,7,4,3,0.571,48.7,102.6,37.9,89.7,42.2,7,17.9,39.2,19.9,24.6,80.8,16.3,31,47.3,21,16,7.7,5.6,5.6,24.6,0.1,-1.9,2003
11,Memphis Grizzlies,9,5,4,0.556,48.6,93.6,34.3,81.6,42.1,6.1,19.6,31.3,18.8,25.7,73.2,11.8,28.4,40.2,22.9,14.2,10.2,6.7,6.9,24.6,0,2.2,2003
12,Minnesota Timberwolves,11,6,5,0.545,48.9,88.3,35.6,80.4,44.3,3.6,9.9,36.7,13.4,17.8,75,11,30.5,41.5,22.7,14.2,7.1,6,3.9,22.5,0.1,3.2,2003
12,Utah Jazz,11,6,5,0.545,48,91.5,34.8,78.7,44.2,2.5,9,27.3,19.5,25,77.8,14.6,27.6,42.3,20.9,15.6,6.6,5.5,6.8,24.3,0,-1.1,2003
14,Boston Celtics,10,5,5,0.5,48,88.4,33.4,78.8,42.4,4.5,16.1,28,17.1,23,74.3,12,31.7,43.7,21.6,14.9,9.1,4.9,4.4,24.7,0,1.3,2003
14,Denver Nuggets,10,5,5,0.5,48.5,89.2,31.5,85.6,36.8,4.5,12.1,37.2,21.7,28.7,75.6,16.9,30.4,47.3,17.4,17.4,9.7,7.3,6.9,21.7,0.1,-1,2003
14,Milwaukee Bucks,10,5,5,0.5,48,97.4,35.9,82.6,43.5,4.7,14.5,32.4,20.9,26.8,78,14,31.1,45.1,22.2,13.2,6.9,5.5,5.7,20.7,0,3.7,2003
14,Portland Trail Blazers,10,5,5,0.5,48.5,91.6,36.6,82.7,44.3,4,11.4,35.1,14.4,19.3,74.6,15.3,28.2,43.5,22.1,15.1,7.7,3.8,4.7,18.6,0.1,-2.8,2003
14,Toronto Raptors,10,5,5,0.5,49,77.8,28.9,74.7,38.7,3.4,11.4,29.8,16.6,20.9,79.4,11.3,29.8,41.1,18.3,15.7,7.5,4.1,5.3,20,0,-6.2,2003
19,New Jersey Nets,11,5,6,0.455,48,85.8,32.6,79.1,41.3,3.6,11.3,32.3,16.9,21.9,77.2,11.5,27.7,39.2,23.6,14.7,9.7,4.2,5.5,21.8,0.2,1.1,2003
19,Philadelphia 76ers,11,5,6,0.455,48.9,91.5,33.2,78.1,42.5,3.8,12,31.8,21.4,29.6,72.1,11.8,27.5,39.4,20.2,14.2,10.1,4.5,6,19.9,0,0.4,2003
21,Golden State Warriors,10,4,6,0.4,48.5,92.3,35.7,79.4,45,4.4,15.6,28.2,16.5,23.7,69.6,11.4,32.2,43.6,20.8,16.2,7,4.1,4.6,20.8,0,0.2,2003
21,Phoenix Suns,10,4,6,0.4,48,91.6,34.9,81.7,42.7,4,13.8,29,17.8,23,77.4,11.4,31.2,42.6,18,13.6,7.3,6.2,5.7,23.8,0,-0.2,2003
21,Washington Wizards,10,4,6,0.4,48.5,93,35,82.2,42.6,5.3,15.5,34.2,17.7,25.1,70.5,13.5,30.9,44.4,19.7,15.9,9.6,6,6.8,22.8,0,0.6,2003
24,Cleveland Cavaliers,11,4,7,0.364,48.5,91.5,36.1,81.3,44.4,3,9.7,30.8,16.3,23.6,68.8,12.4,34.6,47,23.1,15.8,6.2,8.1,5.2,21.2,0,-2.1,2003
25,Atlanta Hawks,12,4,8,0.333,48.8,91.4,34.2,78.6,43.5,5.3,15.2,34.6,17.8,23.3,76.7,11.4,32,43.4,19.7,18.6,7.2,6.6,5.3,22.8,0.1,-4.3,2003
25,Chicago Bulls,12,4,8,0.333,48.4,87.9,32.4,77.6,41.8,5.2,13.4,38.5,17.9,24.7,72.6,11.6,30.7,42.3,20.4,18.9,7.8,6.3,4.7,23.3,0.1,-9.8,2003
27,New York Knicks,10,3,7,0.3,48.5,86.6,32.8,78.1,42,5.9,17,34.7,15.1,17.6,85.8,10.8,33.7,44.5,21.1,17.6,6.8,5.3,4.3,23.4,0.1,-4,2003
28,Miami Heat,11,3,8,0.273,48.5,83.6,31.2,78,40,4.2,12.4,33.8,17.1,23.8,71.8,12.6,31.1,43.7,15.5,16.7,7.1,2.5,6.5,24.5,0,-9.3,2003
29,Orlando Magic,11,1,10,0.091,48.5,88.3,32.4,80.3,40.3,4.9,13.9,35.3,18.6,26.1,71.4,12,27.1,39.1,17.4,14.5,6.6,5.3,6.4,24.2,0,-7.5,2003
1,Seattle SuperSonics,12,10,2,0.833,48,99.5,34.3,76.4,44.8,8.8,21.4,41.2,22.2,27.9,79.4,12.1,26.8,38.8,18.8,15.3,8.6,3.6,4.8,24.6,0.1,7,2004
2,Phoenix Suns,11,9,2,0.818,48.5,107,39.7,83.9,47.3,7.8,22.4,35,19.7,27,73.1,13.1,32.3,45.4,22.5,15.2,6.5,6.7,4.5,21,0,12.4,2004
3,Indiana Pacers,11,8,3,0.727,49.3,96.8,33,74.5,44.3,7.2,18.8,38.2,23.6,28.5,82.8,10.8,30.4,41.2,19.3,17.8,9.4,5.7,5.9,23.5,0,1.9,2004
3,San Antonio Spurs,11,8,3,0.727,48,95.2,34.5,77.8,44.3,6.1,17.5,34.7,20.2,28.6,70.5,13.1,29.5,42.6,22,14.7,7.6,6.7,3.6,20.5,0,6.9,2004
5,Dallas Mavericks,12,8,4,0.667,48.4,100.6,37,84.3,43.9,5.4,15.2,35.7,21.2,28.1,75.4,13.3,31.2,44.5,18.3,14.2,9.9,5.5,5.8,23.6,0,4.4,2004
5,Miami Heat,12,8,4,0.667,49.3,99.9,36.2,77.1,46.9,6,16.4,36.5,21.6,33,65.4,12.1,31,43.1,20.4,14.4,6.5,7.1,4.1,25,0,1.7,2004
5,Orlando Magic,9,6,3,0.667,48,97.2,35.6,84.6,42,4.2,13.9,30.4,21.9,28.4,77,14.9,33.2,48.1,19.3,17,7.6,6.6,5.2,23.9,0,1,2004
8,Sacramento Kings,11,7,4,0.636,48.5,99.5,35.6,82.5,43.2,5.2,16.5,31.5,23,28.4,81.1,11.7,30.2,41.9,23.6,13,7.1,4.5,4.4,20.6,0,-0.4,2004
8,Utah Jazz,11,7,4,0.636,48.5,98.9,35.6,74.5,47.8,2.7,8.5,32.3,24.9,31.5,79,11.6,30.7,42.4,23.8,14.9,5.4,7.7,6,25.5,0,7.8,2004
10,Cleveland Cavaliers,10,6,4,0.6,49.5,98.3,35.9,80,44.9,3.1,8.9,34.8,23.4,30.5,76.7,11.9,33.1,45,22.8,14.8,7.2,6.7,5.4,23.2,0.2,5.9,2004
10,Minnesota Timberwolves,10,6,4,0.6,48.5,95.4,36.1,79,45.7,5.2,14.5,35.9,18,23.1,77.9,11.8,31.7,43.5,22.6,14.3,5.3,4.8,3.9,21.8,0,1.3,2004
10,Washington Wizards,10,6,4,0.6,48.5,100.7,35.8,85.9,41.7,6,17.5,34.3,23.1,29.5,78.3,15.2,27.7,42.9,20.6,15.2,9.8,5,5.5,25.8,0,-0.1,2004
13,Los Angeles Lakers,12,7,5,0.583,48,97.2,33.3,74.1,44.9,6.7,18.7,35.7,24,30.9,77.6,10.8,31.3,42.1,18.6,15.9,6,5.8,5.8,24.2,0,-0.4,2004
14,Denver Nuggets,11,6,5,0.545,48.5,95.5,35.5,80.7,43.9,4.3,11.5,37.3,20.3,27.5,73.6,11.5,29,40.5,22.5,15.1,8.8,6.6,5.8,23.9,0,-1.3,2004
15,Detroit Pistons,10,5,5,0.5,50,95.7,35.6,78.9,45.1,4.5,13.2,34.1,20,27.1,73.8,12.3,28.9,41.2,21.9,15,8.1,6,4.7,25.3,0,-2.4,2004
15,New York Knicks,10,5,5,0.5,48,94.6,35.3,80.5,43.9,4.8,13.9,34.5,19.2,24.9,77.1,11.7,30.6,42.3,20.7,16.1,8.9,4.5,5.3,22.6,0.1,-1.7,2004
15,Portland Trail Blazers,10,5,5,0.5,48,90.6,33.2,77.7,42.7,4.8,14.1,34,19.4,25.3,76.7,13.3,29.4,42.7,18.3,14.2,7.8,6.1,4.7,20.5,0.1,1,2004
18,Houston Rockets,13,6,7,0.462,48.8,89.2,33.4,75.8,44.1,6.2,17.2,36.2,16.2,20.8,78.1,8.9,30.5,39.5,20.2,15.4,5.8,3.8,3.8,23.5,0,-0.2,2004
19,Los Angeles Clippers,11,5,6,0.455,49.4,97,36.6,77.1,47.5,2.7,7.5,36.1,21,27.5,76.5,11,28.5,39.5,24.3,17.2,8.5,5.4,5.4,24.3,0,2.3,2004
19,Memphis Grizzlies,11,5,6,0.455,48,96.8,34.8,77,45.2,5.6,14.4,39.2,21.5,28.7,75,12.1,29.6,41.7,22.4,17.4,9.3,6.2,6.5,27,0,3,2004
21,Boston Celtics,9,4,5,0.444,48.5,96,35.7,75.8,47.1,4.9,14.6,33.6,19.8,26.4,74.8,9.9,29.7,39.6,21.9,16.1,8.2,5.9,4.9,23.8,0,4.4,2004
22,Toronto Raptors,12,5,7,0.417,48,96.1,36.6,84.3,43.4,6.3,18.7,33.5,16.7,23,72.5,14,26.9,40.9,19.9,13.3,7.9,4.3,5,23.1,0.1,-2,2004
23,Philadelphia 76ers,10,4,6,0.4,49,94.3,32.9,78.7,41.8,6.2,17.1,36.3,22.3,29,76.9,11.7,29.8,41.5,18.7,17.5,9.9,2.8,5.8,25.5,0.1,-3,2004
24,Milwaukee Bucks,9,3,6,0.333,49.1,97.7,36.9,85.1,43.3,3.9,10.8,36.1,20,26.3,75.9,13,31.8,44.8,20.3,15,5.9,3.4,5.2,26.1,0.1,-1.8,2004
25,Golden State Warriors,11,3,8,0.273,49.8,88,33.3,86,38.7,4,14.4,27.8,17.5,25.7,67.8,13.6,30.3,43.9,20.7,14.9,7.4,4.8,6.7,26.2,0.1,-6.7,2004
26,Atlanta Hawks,10,2,8,0.2,48,86.1,34.2,80.7,42.4,4,13.2,30.3,13.7,22,62.3,12.2,25.2,37.4,18.8,14.7,9.6,3,6.5,24.6,0,-12.7,2004
26,Charlotte Bobcats,10,2,8,0.2,49,95.3,36.1,81.1,44.5,3.1,8.5,36.5,20,30,66.7,14,26.9,40.9,22.1,16.9,7.3,5.6,5.9,26.8,0,-6.5,2004
26,New Jersey Nets,10,2,8,0.2,49.5,82.1,29.4,73.4,40.1,3.2,9.7,33,20.1,25.2,79.8,11,31.1,42.1,17.5,19.5,6.1,5.6,5.8,27.3,0,-10.5,2004
29,New Orleans Hornets,10,1,9,0.1,49.5,91.9,35.4,83,42.7,5.3,17.6,30.1,15.8,19.5,81,14,28.3,42.3,24,15,5.8,3,5.1,22.9,0,-5.6,2004
30,Chicago Bulls,9,0,9,0,49.1,90.3,35,85.9,40.8,6.6,20.9,31.4,13.8,20.9,66,14.1,29.3,43.4,22,18.6,7.9,2.9,5.2,27.6,0,-11.2,2004
1,Detroit Pistons,9,8,1,0.889,48,97.7,38,81,46.9,5,12.8,39.1,16.7,22.2,75,12,28.3,40.3,23.1,11.7,7.9,4.7,4.3,20.9,18.4,7.1,2005
2,Cleveland Cavaliers,11,9,2,0.818,48.5,105.4,37.8,80.9,46.7,6.5,17.5,37.3,23.2,28.8,80.4,14,31.3,45.3,19.7,14.5,8,5.4,5.5,21,23.1,10.3,2005
2,San Antonio Spurs,11,9,2,0.818,48.5,96.9,37.6,79.4,47.4,5,13.6,36.7,16.6,22,75.6,10.7,32.3,43,19.6,15.9,6.9,5.5,4,20.7,19,7.3,2005
4,Dallas Mavericks,10,8,2,0.8,49,99.1,36.3,77.8,46.7,4.9,13.1,37.4,21.6,28.7,75.3,13.5,29.7,43.2,17.1,14.9,7.9,6.6,5.5,24.9,22.9,7,2005
4,Los Angeles Clippers,10,8,2,0.8,48.5,100.2,36.2,77.6,46.6,3.4,10.6,32.1,24.4,30.1,81.1,11,33.1,44.1,20.9,16.2,6.1,6.3,5,24.7,23.5,5.8,2005
6,Indiana Pacers,9,6,3,0.667,48,96.8,33.4,71.8,46.6,5.9,16.6,35.6,24,33.3,72,9.8,29.6,39.3,19.9,17.1,9.2,4.4,5.4,23.9,25.7,1.8,2005
7,Miami Heat,10,6,4,0.6,48.5,98.4,36.7,77,47.7,7.2,20.3,35.5,17.8,25.7,69.3,10.9,32.2,43.1,20.4,17.3,5.7,6.4,3.4,24.8,22.7,2.4,2005
8,Denver Nuggets,12,7,5,0.583,48.4,96.2,37.7,84,44.8,2.3,11.4,20.4,18.5,25.3,73.3,12.9,33.3,46.2,24.3,16.2,8.7,7.7,5.7,23.7,23.1,4.3,2005
8,Golden State Warriors,12,7,5,0.583,48,94.6,33.3,79.9,41.7,8.7,26.5,32.7,19.3,27.8,69.2,11.3,31.3,42.7,19.8,14.8,6.9,5.3,3.1,24.4,24.5,2.6,2005
8,Memphis Grizzlies,12,7,5,0.583,48,90.2,33.3,76.9,43.2,7.4,20.7,35.9,16.3,24.4,66.6,11.3,28.8,40.2,18.8,14.4,7.2,5.8,6.3,20.4,22.3,0.9,2005
8,Philadelphia 76ers,12,7,5,0.583,48.4,104.5,38.7,81.1,47.7,3.8,10.1,37.2,23.4,29.8,78.5,11.1,27.3,38.3,21.7,12.8,8.3,4.8,3.8,21.9,25,-0.3,2005
12,Milwaukee Bucks,9,5,4,0.556,48.6,97.2,35.4,83.9,42.3,5.4,12.7,43,20.9,28.3,73.7,14.6,30.7,45.2,20.1,15.9,7.9,3.7,6.8,26.9,24.6,-4.4,2005
12,Minnesota Timberwolves,9,5,4,0.556,49.1,95.9,37.7,79.2,47.5,4.4,14.9,29.9,16.1,22,73.2,9.3,28.9,38.2,23.4,13.7,6.9,6.3,4.6,23.1,22.4,3.9,2005
14,New Jersey Nets,10,5,5,0.5,48,95.4,33.1,75.9,43.6,5.1,15.1,33.8,24.1,32.5,74.2,14,29.4,43.4,20.7,14.6,6.4,3.3,4.8,23.9,26.9,-0.3,2005
14,Phoenix Suns,10,5,5,0.5,49,103.5,40.7,87.2,46.7,7.7,22.3,34.5,14.4,18.2,79.1,10.4,31.4,41.8,26.7,13.9,6.8,5.7,3.1,23.1,21.6,2.1,2005
14,Washington Wizards,10,5,5,0.5,48,100.1,36.8,81.7,45,5.7,16.4,34.8,20.8,29.5,70.5,11.9,28.4,40.3,19.9,13.2,7.8,5,4.2,22.6,23,3.8,2005
17,Utah Jazz,13,6,7,0.462,48.4,88.5,32.1,77.8,41.2,4.9,13.6,36.2,19.5,27.5,70.7,14.8,29.8,44.6,19.9,16.8,5.8,6,6.5,25.5,25.8,-1.8,2005
18,Seattle SuperSonics,11,5,6,0.455,48.9,98.1,34.4,79.3,43.3,7.6,24.3,31.5,21.7,27.7,78.4,12.1,25.5,37.6,20.7,15.7,8.5,2.9,4,25.4,22.7,-7.1,2005
19,Chicago Bulls,9,4,5,0.444,49.1,94,35.1,84.6,41.5,7.2,18.3,39.4,16.6,22.6,73.4,12.6,30.3,42.9,21.8,16.3,5.6,3.6,5.8,25,23.1,-3.6,2005
19,Portland Trail Blazers,9,4,5,0.444,48,87.4,32.9,73.2,44.9,3.2,10.6,30.5,18.4,27.4,67.2,11.8,28.6,40.3,17.3,17.2,6.2,6.8,5.4,21.6,23.6,-4.9,2005
21,Boston Celtics,10,4,6,0.4,49,97.6,37,79.2,46.7,5.8,14.1,41.1,17.8,24.4,73,11.1,30.4,41.5,23.4,17.6,7.7,5.8,4.1,25,22.5,-3.2,2005
21,Los Angeles Lakers,10,4,6,0.4,48.5,93.5,35,81.1,43.2,4.5,15.5,29,19,26.1,72.8,11.1,30,41.1,19.8,15.6,8.1,4.8,6.5,22.9,22.2,-1.6,2005
21,New Orleans/Oklahoma City Hornets,10,4,6,0.4,48.5,92.4,34.1,77.6,43.9,3.2,12,26.7,21,28.7,73.2,11.8,29.4,41.2,19.6,15.4,8.4,3,4.2,23.6,25.7,-2.3,2005
24,Sacramento Kings,11,4,7,0.364,48,97.1,35.2,78.5,44.8,4.8,14.1,34.2,21.9,27.8,78.8,10.7,29.1,39.8,23.2,15.6,8.2,3.5,4.5,21.8,23.5,-0.5,2005
25,Orlando Magic,9,3,6,0.333,48.6,85.6,30.8,72.3,42.5,3.8,10.2,37,20.2,27.3,74,11.9,29.2,41.1,15.8,16.2,5.6,4.6,4.6,22.3,22.4,-4.8,2005
26,New York Knicks,10,3,7,0.3,48.5,88.2,33.5,78.3,42.8,3.1,9.1,34.1,18.1,27.2,66.5,14,30.5,44.5,18.5,18.8,7.9,4.3,6.5,24.9,22.4,-2.3,2005
27,Charlotte Bobcats,11,3,8,0.273,49.4,96.3,33.8,83.3,40.6,4.2,11.9,35.1,24.5,32,76.4,12.5,27.5,40.1,19.6,14.1,12.4,3.9,6,27,26.2,-1.2,2005
27,Houston Rockets,11,3,8,0.273,48,84.7,29.7,72.5,41,6,16,37.5,19.3,25,77.1,10.1,30.8,40.9,15.7,15.5,6.4,4.5,4.8,24.5,22.6,-4.1,2005
29,Toronto Raptors,11,1,10,0.091,48.5,96.3,36.1,82.6,43.7,6.5,19.3,34,17.5,24,73.1,11.5,27.3,38.7,19.5,15,6,2.8,4.4,25.5,23.2,-8.9,2005
30,Atlanta Hawks,9,0,9,0,48,88,33.2,78.7,42.2,4,11.3,35.3,17.6,25.1,69.9,14.1,26.9,41,16.1,17.7,7,5.6,6.8,25.8,23.6,-10.1,2005
1,Utah Jazz,11,10,1,0.909,48.5,107.6,40.7,81.9,49.7,4.2,12.2,34.3,22,29.1,75.6,12.8,32.8,45.6,24.3,15.9,7.5,4.5,6,28.9,23.9,7.4,2006
2,San Antonio Spurs,11,9,2,0.818,48.9,99.6,36.5,78.5,46.6,6.7,17.9,37.6,19.8,27.1,73.2,9.8,33.4,43.2,21.6,14.7,5.9,4.5,3.5,20.7,24.5,6.6,2006
3,Cleveland Cavaliers,11,8,3,0.727,48.5,96.8,34.9,77.1,45.3,6.4,18,35.4,20.6,29.5,70.1,11.3,31.6,42.9,20.8,14.8,5.5,5.5,4.3,23.2,25.2,3.9,2006
3,Los Angeles Lakers,11,8,3,0.727,48,99.6,35.8,76.5,46.8,6,17.7,33.8,22,30.7,71.6,11.9,30.7,42.6,22.4,18.7,6.4,4.5,4.5,21.5,25.8,2.1,2006
3,New Orleans/Oklahoma City Hornets,11,8,3,0.727,48,96.5,36.5,81.8,44.6,5.2,14.3,36.3,18.4,26.2,70.1,14.3,30.3,44.5,18.3,15.2,6,3.6,5.8,22.5,23.6,2.6,2006
6,Los Angeles Clippers,9,6,3,0.667,48.6,100.6,36.7,80.8,45.4,3,10.6,28.4,24.2,31.9,76,12.1,31.4,43.6,19.6,15.7,6.9,6.3,4.7,24.4,27,2.9,2006
7,Dallas Mavericks,11,7,4,0.636,48,99.4,36,79.5,45.3,7.3,19.6,37,20.1,25.1,80.1,12.5,29.2,41.6,18.6,14.6,5.5,5.6,4.5,24.7,23,1.8,2006
7,Golden State Warriors,11,7,4,0.636,48,105.3,39.3,80.8,48.6,7.8,21.3,36.8,18.9,27.7,68.2,10.5,29.8,40.3,23.5,15.4,7.5,5.7,3.7,22.6,24.5,4.1,2006
7,Houston Rockets,11,7,4,0.636,48,95.3,33.4,73.5,45.4,8.3,22.3,37.1,20.3,26.7,75.9,10.7,31.4,42.1,20,16.5,7,4.2,3.7,21.9,23.1,4,2006
7,Orlando Magic,11,7,4,0.636,48,96.6,35.8,72.5,49.4,4.5,11.5,38.9,20.5,29.2,70.4,10.8,30.8,41.6,18.3,19.9,7.1,5.9,3.5,24.4,23.3,2,2006
11,Denver Nuggets,9,5,4,0.556,48,107.6,38.7,86.7,44.6,5.4,19.1,28.5,24.8,31.9,77.7,13.2,31.1,44.3,23,17.3,10.1,3.7,5.8,24.6,26.8,2,2006
11,Sacramento Kings,9,5,4,0.556,48,97.9,34.4,79.9,43.1,4.9,17.1,28.6,24.1,29.9,80.7,13.4,29.1,42.6,18.2,18.1,9.8,2.9,4.6,22.8,24,0.2,2006
13,Detroit Pistons,11,6,5,0.545,48,96,35.2,78.1,45.1,6.5,17.8,36.2,19.2,25.3,75.9,12,29.4,41.4,21.1,12.6,5.6,5.9,3.5,21.5,21.4,1,2006
13,Indiana Pacers,11,6,5,0.545,48,94.6,34.5,80.9,42.7,6.7,19.5,34.6,18.8,24.9,75.5,12.5,29.6,42.1,22.4,17.7,8.5,7.1,5.1,22.5,22.6,-2.7,2006
15,Atlanta Hawks,8,4,4,0.5,49.9,98.5,36.1,80.6,44.8,6,18.8,32,20.3,28.4,71.4,12.4,31.1,43.5,17.4,15.8,7.6,4.9,5.4,25.1,25.4,2.5,2006
15,New Jersey Nets,10,5,5,0.5,48.5,96.2,34.3,74.5,46,6,17.6,34.1,21.6,28,77.1,8.2,33,41.2,21.9,16.9,4.6,3,4.2,23.5,24.6,0.2,2006
17,Portland Trail Blazers,12,5,7,0.417,48,92.9,33.3,73.2,45.6,4.4,14.5,30.5,21.8,27.8,78.4,9.6,27.3,36.9,17,16.1,7.2,4.3,5.5,25.2,22.7,-4.9,2006
17,Seattle SuperSonics,12,5,7,0.417,48.4,102.8,37.8,82.2,45.9,7.5,20.5,36.6,19.8,24.8,79.5,12.7,25.8,38.5,20,15.9,8.3,3.9,4.7,24.3,22,0.7,2006
19,Boston Celtics,10,4,6,0.4,48.5,103.8,36.2,79.3,45.6,7.1,17.1,41.5,24.3,32.8,74.1,10,33.9,43.9,21.2,16.7,6.4,5.6,6.2,26.4,25.8,2.5,2006
19,Miami Heat,10,4,6,0.4,48.5,89,32.2,77.7,41.4,5.7,19.1,29.8,18.9,26.4,71.6,10.2,32.3,42.5,17.8,16.2,5.8,5.3,3.9,23,22.4,-9.8,2006
19,Philadelphia 76ers,10,4,6,0.4,48.5,96.5,36.1,78.9,45.8,4.3,11.7,36.8,20,26.3,76,10.7,28.5,39.2,20.3,15.6,7.8,6,4.2,23.5,22.4,-1.8,2006
19,Phoenix Suns,10,4,6,0.4,49,108,40.2,84,47.9,9.4,25.3,37.2,18.2,22.9,79.5,8.2,30.7,38.9,24.9,16.1,6.4,4,4.3,26.4,24.1,-0.1,2006
19,Washington Wizards,10,4,6,0.4,48.5,101.1,35.5,80.8,43.9,5.2,17.2,30.2,24.9,32.1,77.6,11.2,28.8,40,18,13.6,8,5.5,5.4,22.6,24.8,-2.4,2006
24,Minnesota Timberwolves,9,3,6,0.333,48,92.2,34.6,77,44.9,3.2,11.1,29,19.9,24.3,81.7,9.6,29.8,39.3,20.9,17.2,7.8,5.2,4.1,22.6,21.3,-3,2006
24,New York Knicks,12,4,8,0.333,49.3,99.9,36,80.8,44.5,5.6,16.7,33.5,22.3,29.3,76.1,12.3,30.9,43.2,17.7,16.2,7.3,3.3,6,28.2,24.3,-1.9,2006
26,Chicago Bulls,11,3,8,0.273,48,95.1,36.2,82.1,44.1,5.7,15.4,37.3,17,24.4,69.8,12.6,28,40.6,21,16.1,8.5,4.7,5.5,23.5,23.1,-0.3,2006
26,Milwaukee Bucks,11,3,8,0.273,48,98.1,37.1,80.8,45.9,5.1,16.8,30.3,18.8,24.5,77,9.5,27.4,36.8,21.2,15.4,7.1,2.5,6.2,22.9,23.1,-4.5,2006
28,Charlotte Bobcats,10,2,8,0.2,49,91.6,34.2,77.9,43.9,3,11.2,26.8,20.2,28.7,70.4,10.3,31.7,42,20.1,18.2,7.4,6.4,4.3,27,23.7,-6.7,2006
28,Toronto Raptors,10,2,8,0.2,48,99.9,37.5,85.6,43.8,6.3,20.7,30.4,18.6,24.4,76.2,10.8,29.5,40.3,21.7,14.1,7.6,4.3,4.4,22.7,22.2,-5.5,2006
30,Memphis Grizzlies,11,2,9,0.182,49.4,94,33.2,79.2,41.9,5.6,16,35.2,22,29.3,75.2,12.2,27.9,40.1,16.5,15,7,4.4,5.6,22.9,26.5,-3.4,2006
1,Boston Celtics,9,8,1,0.889,48.6,102.7,37.6,74.6,50.4,6.7,17.6,38,20.9,27.7,75.5,8.4,33.7,42.1,23.8,17.2,10.2,4.3,5.2,24.9,23.8,13.2,2007
2,Orlando Magic,12,10,2,0.833,48.4,102.2,35.8,77.8,45.9,9.3,25.4,36.7,21.3,28.9,73.8,8.6,34.4,43,21.2,15.2,6.2,4.2,3.7,19.6,24.7,7.2,2007
3,Phoenix Suns,11,9,2,0.818,48,106.4,40.4,84.1,48,9.5,25.3,37.4,16.2,21.5,75.1,8.6,32.8,41.5,24.5,15.3,9,5.6,3.7,19,20.5,6.2,2007
3,San Antonio Spurs,11,9,2,0.818,48,97.2,36.4,77.7,46.8,7.9,19.8,39.9,16.5,21.8,75.8,9.1,31.2,40.3,21.1,13.3,7.4,4.7,4.6,19.5,18.5,7.9,2007
5,Dallas Mavericks,10,8,2,0.8,48,103.5,37.1,77.4,47.9,6.5,17.8,36.5,22.8,27.8,82,9.4,32.3,41.7,20.8,13,5.8,5.9,3.3,22.2,22.6,7.4,2007
6,New Orleans Hornets,12,9,3,0.75,48.4,98.6,37.8,81.8,46.1,8.7,19.9,43.5,14.4,18.3,79,10.5,31.3,41.8,21.1,13.8,8.3,4,3.8,19.2,19,7.8,2007
7,Denver Nuggets,11,8,3,0.727,48,109.3,39.5,82.6,47.9,7.7,20.9,37,22.5,30.3,74.2,10.7,34.6,45.4,25,17.2,10.5,6.4,4.3,21.5,24,10.2,2007
8,Los Angeles Lakers,10,7,3,0.7,48,107,38.4,80.3,47.8,6.6,17.7,37.3,23.6,30.8,76.6,11.7,35.2,46.9,22.7,17,9.1,4.9,4.6,21.5,24.4,7.7,2007
9,Utah Jazz,12,8,4,0.667,48,106.7,39.6,81.6,48.5,3.9,10.9,35.9,23.6,30.9,76.3,11.9,30.2,42.1,26.2,17.1,9.9,4.8,5.9,23.9,24.9,6.8,2007
10,Charlotte Bobcats,10,6,4,0.6,48,91.7,33.8,78.5,43.1,5.9,15.7,37.6,18.2,27.1,67.2,14,29.9,43.9,18.9,17.6,8.3,4.5,6.1,22.8,21.8,-2,2007
10,Detroit Pistons,10,6,4,0.6,48,99.3,37.3,79.8,46.7,5.9,16.2,36.4,18.8,26.3,71.5,11,31.2,42.2,23,13.4,6.6,4.9,3,21.4,20.3,3.7,2007
12,Los Angeles Clippers,9,5,4,0.556,48,96.9,34.1,80.9,42.2,6.3,17.4,36.3,22.3,28.1,79.4,11,33.1,44.1,21.1,15,5.6,5.1,6.1,21.6,21.2,-2.7,2007
12,Milwaukee Bucks,9,5,4,0.556,48,96.2,37.3,82.9,45,5,14.6,34.4,16.6,23.1,71.6,13.8,30.2,44,21.3,14.6,6.8,5.8,6.2,22.7,21.9,-1.6,2007
14,Houston Rockets,11,6,5,0.545,48,94.9,35.9,83.5,43,6.1,19.8,30.7,17,23.3,73,13.5,29.8,43.4,20.5,13.7,8.3,4.5,4.9,21.6,21.8,1.4,2007
15,Washington Wizards,10,5,5,0.5,48.5,98.6,35.6,83.2,42.8,5.5,18.6,29.6,21.9,27.8,78.8,13.8,31,44.8,20,15.9,7.9,5,4.8,21.5,23.1,0.5,2007
16,Cleveland Cavaliers,11,5,6,0.455,48.5,100.3,37.7,85.9,43.9,6.5,18.4,35.6,18.3,26.1,70,13.8,32.2,46,19.5,15.4,7.5,5.2,5.2,23.5,21,-3.2,2007
16,Toronto Raptors,11,5,6,0.455,48.5,99.2,36.6,82.8,44.2,8.7,20.4,42.9,17.2,20.8,82.5,10.4,30.5,40.8,22.6,14,7.4,3.8,4.8,21.5,20.1,2.9,2007
18,Indiana Pacers,11,4,7,0.364,48.5,101.5,37.3,86.5,43.1,8,23.4,34.2,19,25.5,74.6,12.6,31.9,44.5,22.6,16.5,7.5,5.4,5.5,27.5,22.5,-4.3,2007
18,New Jersey Nets,11,4,7,0.364,48.5,84.7,28.9,74.1,39,5,16.7,29.9,21.9,29.3,74.8,10.5,31.1,41.6,21,18.7,6.4,5.6,4.3,24.6,24.9,-9.7,2007
18,Portland Trail Blazers,11,4,7,0.364,48,93.5,35.4,77,45.9,5.5,14.8,37.4,17.3,22.8,75.7,9.1,29.8,38.9,20,16.1,5.5,3.7,3.5,20.8,22.1,-5,2007
18,Sacramento Kings,11,4,7,0.364,48.9,99,34.4,76.6,44.8,5.4,15.2,35.3,24.9,30.5,81.8,9,27.5,36.5,16.7,16.3,7.5,3,5.1,22.6,25.8,-5.1,2007
22,Golden State Warriors,9,3,6,0.333,48,108.8,40.4,87.3,46.3,9.1,27,33.7,18.8,27.8,67.6,11.2,28.9,40.1,22.6,13,7.6,5.6,4.8,23.1,23.9,-1.9,2007
23,Atlanta Hawks,10,3,7,0.3,49,97.1,36,79.5,45.3,3.8,14,27.1,21.3,27.9,76.3,12.3,29.3,41.6,19.9,16.4,7.7,6.5,5.8,21,22.1,-4,2007
23,Memphis Grizzlies,10,3,7,0.3,48.5,106.1,38.1,80.9,47.1,8.2,20,41,21.7,28.7,75.6,10.6,30.8,41.4,21.5,17.1,5.8,5.2,5.1,21.8,24.8,-2.7,2007
23,Philadelphia 76ers,10,3,7,0.3,48,90.3,35.1,80.1,43.8,4.5,13.5,33.3,15.6,22.7,68.7,13.6,30.3,43.9,19.7,17.4,7.2,4.7,4.3,21.9,19.9,-4,2007
26,Chicago Bulls,10,2,8,0.2,48.5,88.2,33.9,87,39,4.9,17.9,27.4,15.5,21.9,70.8,14,28.9,42.9,20.4,16.4,8.8,4.7,5.5,22,21.7,-9.8,2007
26,Miami Heat,10,2,8,0.2,48,86,33.6,79,42.5,4.9,15.6,31.4,13.9,21,66.2,9.2,30.1,39.3,19,14.3,8,4.5,3.9,18.5,20.1,-4.8,2007
26,New York Knicks,10,2,8,0.2,49,96.2,35.5,83.1,42.7,4.9,15.7,31.2,20.3,28.1,72.2,14.1,31.3,45.4,17.7,17.9,6.9,2.5,7,24.1,23.4,-8.3,2007
29,Seattle SuperSonics,12,2,10,0.167,48.8,100.1,38,87.8,43.3,4.8,13.6,35,19.3,24.9,77.6,12.3,33.3,45.5,20.8,18.4,8.4,4.7,5.4,24.3,20.8,-8.8,2007
30,Minnesota Timberwolves,8,1,7,0.125,48,94,36.4,82.5,44.1,6.5,17,38.2,14.8,20.1,73.3,13.1,28.3,41.4,18.4,15.6,7.1,4.6,3.8,26.3,18.8,-8.8,2007
1,Los Angeles Lakers,9,8,1,0.889,48,104.9,38.4,86.2,44.6,6.3,16.4,38.5,21.7,28.6,75.9,14,33.9,47.9,21.3,14.2,10.7,6.6,4.7,21,22.8,13.6,2008
2,Boston Celtics,12,10,2,0.833,48.4,95.6,33.8,75.5,44.7,5.1,16.3,31.1,23,30.3,75.8,10.8,32.6,43.4,20.3,17.3,8.6,5.6,3.9,24.1,25.3,4.9,2008
3,Cleveland Cavaliers,11,9,2,0.818,48,101.5,36.5,76.6,47.6,6.5,18.7,35,22.1,28.4,77.9,10.8,29.8,40.6,20.6,13.6,7.8,5.9,3.5,22,23.1,9,2008
4,Orlando Magic,11,8,3,0.727,48,99.4,35.4,79.7,44.4,8.1,24.7,32.7,20.5,29.1,70.6,11.5,32.3,43.8,16.7,14.1,7.8,7.8,4,21.2,22.8,6.4,2008
5,Detroit Pistons,10,7,3,0.7,48,98.9,35.6,80.4,44.3,6,15.5,38.7,21.7,27.4,79.2,12.8,30.2,43,20.7,13.3,6.8,5.7,4.5,22.7,23.1,2.6,2008
6,Phoenix Suns,12,8,4,0.667,48.4,100.5,36.4,73,49.9,6.1,16,38,21.6,28.9,74.6,8,31.3,39.3,19.9,16.8,6.3,5.1,4.4,20.8,23.1,2.8,2008
7,Denver Nuggets,11,7,4,0.636,48.5,99.8,34.8,78.9,44.1,5,16.1,31.1,25.2,32.2,78.2,10.2,31.9,42.1,21.2,16.1,9.5,5.5,6.5,23.5,25.7,2.1,2008
7,Houston Rockets,11,7,4,0.636,48.5,92.3,33.7,78.9,42.7,5.7,16.2,35.4,19.1,22.6,84.3,11,31.7,42.7,17.3,13.6,7.1,3.1,5.5,17.7,20.3,3.4,2008
7,Utah Jazz,11,7,4,0.636,48,97.5,37,79.2,46.7,4.2,12.2,34.3,19.3,25.3,76.3,13,29.5,42.5,24.3,15.6,8.3,4.5,6.4,22.7,22.8,4.1,2008
10,Atlanta Hawks,10,6,4,0.6,48,100.6,36.3,80.7,45,9.5,22.1,43,18.5,25.4,72.8,11.3,29.2,40.5,19.9,13.1,7.6,5.6,5.7,22.2,21,1.9,2008
11,New Orleans Hornets,9,5,4,0.556,48,93.7,33.9,75.8,44.7,7.8,19.8,39.3,18.1,23.4,77.3,9.7,28.8,38.4,19.9,13,8,4,3.8,21.1,21.6,2.1,2008
12,Miami Heat,11,6,5,0.545,48,98.3,36,79.6,45.2,7.6,21.7,35.1,18.6,25,74.5,11.4,28.1,39.5,20.3,13.1,8.8,5.6,3.9,20.2,20.9,4.5,2008
12,New York Knicks,11,6,5,0.545,48.5,105.3,38.9,87.5,44.4,10.8,28.5,38,16.6,22,75.6,10.3,31.5,41.7,23.5,14.4,8.4,1.5,4.5,20.2,18.5,-0.6,2008
12,Portland Trail Blazers,11,6,5,0.545,48.5,95.6,34.8,78.5,44.4,8.4,20,41.8,17.6,23.1,76.4,11.8,27.3,39.1,20.2,12,7,5,3.3,22,20.5,-1.9,2008
15,Indiana Pacers,10,5,5,0.5,48,99.8,37.4,82,45.6,7,19.9,35.2,18,23.2,77.6,11.2,33.8,45,21.8,16.4,7.7,7.2,6,22.7,20.9,3.5,2008
15,Philadelphia 76ers,10,5,5,0.5,48,97.4,37.6,84.8,44.3,4.9,12.8,38.3,17.3,23,75.2,14.7,34.5,49.2,20.1,16.4,6.3,6.3,5.6,17.8,19.2,3.6,2008
15,San Antonio Spurs,10,5,5,0.5,49,91.3,35.8,77.9,46,7.7,19.4,39.7,12,16.1,74.5,7.7,31.2,38.9,20.2,12.3,4.4,3.4,4.2,18.6,17.4,-2,2008
15,Toronto Raptors,10,5,5,0.5,48.5,95.2,34.8,76.2,45.7,5.9,15.6,37.8,19.7,23.9,82.4,8.8,30.2,39,23,15.2,6,5.6,5.9,17.9,21.7,-1.5,2008
19,Chicago Bulls,11,5,6,0.455,48,98.7,35.5,84.5,42.1,5.3,14.7,35.8,22.4,28.2,79.4,12.9,32.1,45,19,14.8,8.8,5.7,6.5,22,22.5,0.5,2008
19,Golden State Warriors,11,5,6,0.455,48.9,105,38.1,87.4,43.6,5.4,17.7,30.3,23.5,32.3,72.7,14.5,30.5,44.9,19.5,14.9,7.5,6.3,5.9,22.8,26.6,-0.3,2008
21,Milwaukee Bucks,12,5,7,0.417,49.3,95.8,35.2,82,42.9,5.3,14,37.5,20.2,26.8,75.4,13.8,30,43.8,20.8,16.4,5.9,3.5,5.5,26.2,24.8,-1.8,2008
22,New Jersey Nets,10,4,6,0.4,48,95.8,33.6,78,43.1,7,18.4,38,21.6,27.4,78.8,11.5,28.8,40.3,18,14.2,6.5,4.9,5.5,25.6,21.5,-5.8,2008
23,Dallas Mavericks,11,4,7,0.364,48.5,98.8,37.3,85.9,43.4,5.5,18.5,29.9,18.7,23.9,78.3,13.2,34.3,47.5,19.8,13.9,7.5,5.2,4.4,20.8,20.1,-0.5,2008
23,Memphis Grizzlies,11,4,7,0.364,48.5,94.3,34.5,78.8,43.7,4.9,14.8,33.1,20.5,26.4,77.6,10.6,31.9,42.5,16.5,16.3,8.1,4.5,4.8,22.8,21.5,-3.8,2008
25,Sacramento Kings,12,4,8,0.333,48.4,97.9,37.6,78.8,47.7,4.7,15.5,30.1,18.1,22.8,79.2,9.3,29.8,39,19.8,16.1,6.2,4.4,5,23.7,21.3,-5.7,2008
26,Charlotte Bobcats,10,3,7,0.3,48,88.3,31.5,73.8,42.7,4.4,14,31.4,20.9,26.9,77.7,11.6,25.7,37.3,16.4,15.2,7.4,4.4,7,21.8,22,-5.4,2008
27,Washington Wizards,8,1,7,0.125,48.6,93.3,34.1,78.5,43.5,4.3,15.1,28.1,20.8,28.5,72.8,10.1,28.1,38.3,17.6,14.5,7.8,4.4,5.6,20,23,-9.5,2008
28,Minnesota Timberwolves,9,1,8,0.111,49.7,96.9,37.3,86.9,43,4.3,14.9,29.1,17.9,22.2,80.5,11.8,29.2,41,23.9,12.6,5.6,4.6,5.9,24.1,20.7,-5,2008
29,Los Angeles Clippers,10,1,9,0.1,48.5,89.2,34,82.6,41.2,5.6,18.2,30.8,15.6,21.4,72.9,11.6,28.9,40.5,19.4,15.4,6.7,6.8,5,22.6,19.7,-12.8,2008
30,Oklahoma City Thunder,11,1,10,0.091,48,89.8,35,85.9,40.7,2.6,7.8,33.7,17.2,23.4,73.5,12.8,31.8,44.6,17,15.8,7.1,4.6,6.2,22.4,19,-10.5,2008
1,Atlanta Hawks,11,9,2,0.818,48.5,107.2,40.7,84.8,48,5.6,17,33.2,20.1,25.4,79.2,11.6,31.8,43.5,21.5,13.1,7,6.4,3.9,21.2,22.7,7.6,2009
1,Phoenix Suns,11,9,2,0.818,48,110.4,40.5,83.2,48.6,10.7,23.8,45,18.7,26.5,70.8,11.8,31.8,43.6,23.7,16.7,4.9,4.1,4.5,19.9,22.4,3.9,2009
3,Miami Heat,9,7,2,0.778,48,96.2,35.7,77.2,46.2,5.6,16,34.7,19.3,25.1,77,10.2,30.7,40.9,17.9,14.3,6.7,5,5.4,20.6,21.1,6.1,2009
4,Boston Celtics,11,8,3,0.727,48,98.5,38.1,76.5,49.8,6.6,18.2,36.5,15.6,21,74.5,8.4,29.7,38.1,25.2,14.4,8.8,4.8,4.4,20.3,21.7,10.2,2009
4,Dallas Mavericks,11,8,3,0.727,48.9,101.2,37.4,82.5,45.3,6.6,17.8,37.2,19.8,24.7,80.1,10.6,34.8,45.5,22.2,13.6,7.4,6.4,4.3,20.2,23.3,6.5,2009
4,Orlando Magic,11,8,3,0.727,48,99.7,35.9,78.5,45.8,9.5,26,36.4,18.5,26.1,70.7,10,30.1,40.1,19.5,13.5,6.3,4.6,3.8,20.6,23.5,4.9,2009
7,Cleveland Cavaliers,10,7,3,0.7,48,98.1,35.3,76.5,46.1,8.7,18.9,46,18.8,26.6,70.7,8.3,31.6,39.9,20.2,13.9,7.7,5.3,4.3,21.9,21.1,5.2,2009
7,Denver Nuggets,10,7,3,0.7,48,106.2,37,80.7,45.8,5.5,14.7,37.4,26.7,33.2,80.4,10.8,30.3,41.1,20.4,13.6,8.4,4.4,6.6,22,25.9,5.6,2009
7,Los Angeles Lakers,10,7,3,0.7,49,101,39.2,86,45.6,6.9,18.9,36.5,15.7,22.2,70.7,12.1,32.3,44.4,23.7,15.2,9.1,5.2,3.5,22.1,22,2,2009
10,Portland Trail Blazers,12,8,4,0.667,48.4,95.3,33.9,76.6,44.3,6.7,18.8,35.6,20.8,25.1,83.1,10.8,32.9,43.8,19.8,14.8,6.5,6,4.1,22.5,22.7,7.3,2009
11,Milwaukee Bucks,8,5,3,0.625,48.6,100.3,38.6,87,44.4,8.5,21.5,39.5,14.5,21,69,13.8,33.4,47.1,20.3,16.5,8,4.1,5.3,23.3,22.5,4.3,2009
12,Houston Rockets,10,6,4,0.6,48.5,103.4,38.7,84.4,45.9,8.1,23.2,34.9,17.9,23.2,77.2,11.9,30.5,42.4,23.4,15.7,8.7,5,7.3,22.8,22.3,3.1,2009
13,Indiana Pacers,7,4,3,0.571,48,101.3,36.3,81.6,44.5,6.4,19.9,32.4,22.3,29.1,76.5,11.4,33.9,45.3,19.3,16.9,7.3,8.6,5.9,25.3,22.7,1.3,2009
14,Chicago Bulls,9,5,4,0.556,48,89.2,35.1,82.8,42.4,3.1,11.9,26.2,15.9,22.3,71.1,13.3,31.4,44.8,19.8,14.6,6.7,6.3,5.6,18.8,19.7,-3.1,2009
14,Sacramento Kings,9,5,4,0.556,48.6,104.6,37.2,83.2,44.7,6.8,18.1,37.4,23.3,31,75.3,13.9,31,44.9,18.7,14.8,8,4.4,6.6,22.8,23.3,-0.4,2009
16,Detroit Pistons,10,5,5,0.5,48,93.3,34.7,75.9,45.7,4.6,14.5,31.7,19.3,27.5,70.2,11.3,30.2,41.5,15.6,13.1,5.9,4.9,5.2,24.3,23.8,1.8,2009
16,Oklahoma City Thunder,10,5,5,0.5,48.5,93.6,34.9,79.5,43.9,4.4,14.8,29.7,19.4,24.6,78.9,10.7,31,41.7,17.8,15.5,7.6,6,4.8,23.8,22.6,2.2,2009
16,San Antonio Spurs,8,4,4,0.5,48,101.9,37.4,80.5,46.4,7.8,22.3,34.8,19.4,26.5,73.1,10.6,29.5,40.1,20.6,12,6.4,4.3,5.5,23.9,22.5,2,2009
16,Toronto Raptors,10,5,5,0.5,48,106.9,38.3,80.4,47.6,8.6,21.1,40.8,21.7,27.8,78.1,10.1,29.3,39.4,20.5,12.1,5.1,5,4.1,24.7,21.3,1,2009
20,Philadelphia 76ers,10,4,6,0.4,48.5,97.3,36.5,77.8,46.9,5,16.5,30.3,19.3,26,74.2,10,30,40,19.3,15.2,8.3,5.5,3.6,20.2,21.3,-5.1,2009
20,Utah Jazz,10,4,6,0.4,48,100.5,38.4,79.9,48.1,3.8,11.7,32.5,19.9,25.2,79,11,30.5,41.5,23.5,15.4,6.2,4.4,6.4,22.2,21.4,-1.4,2009
22,Los Angeles Clippers,11,4,7,0.364,48,96.2,36.3,77.6,46.7,5.3,16.6,31.7,18.4,26.3,69.9,10.3,30.5,40.7,23.3,16.3,7.9,6.9,4.5,21.6,21.5,-3.3,2009
23,Golden State Warriors,9,3,6,0.333,48,111.6,42.4,86.3,49.2,6.7,16.9,39.5,20,26.9,74.4,8.8,28.7,37.4,22.4,15.3,9.8,5.1,6.3,24.7,24.1,-2.1,2009
24,Charlotte Bobcats,10,3,7,0.3,49,83.3,31.2,77.1,40.5,4.9,16.8,29.2,16,22.8,70.2,12.3,30.2,42.5,17.4,17.5,7,4.1,7.3,20.9,21.2,-6.1,2009
25,New Orleans Hornets,11,3,8,0.273,48.5,97.7,37.4,82.8,45.1,7.5,20.8,35.8,15.5,20.5,76,9.8,28.8,38.6,21.2,12.9,7.3,3.9,4.6,21.5,21.7,-7,2009
26,Washington Wizards,9,2,7,0.222,48,94.2,34.7,79.3,43.7,5.4,14.8,36.8,19.4,26.3,73.8,11.2,31.4,42.7,18.3,15.8,5.9,5.7,5.6,23.3,22.1,-4.7,2009
27,Memphis Grizzlies,10,2,8,0.2,48.5,99.6,37.7,82.3,45.8,3.2,10.5,30.5,21,28.8,72.9,13.8,31,44.8,18.9,17.5,7.2,4.6,5.8,22.7,24.3,-9.1,2009
28,New York Knicks,10,1,9,0.1,49.5,100.5,38.1,87.7,43.4,8.4,28.3,29.7,15.9,19.8,80.3,9.6,29.6,39.2,20.6,15.3,8.1,4.5,4,22.7,19.6,-9.7,2009
29,Minnesota Timberwolves,11,1,10,0.091,48,90.2,36.5,85.4,42.8,3.5,13.3,26.7,13.5,19,71.3,11.7,30.9,42.6,18.5,16.5,8.7,3.5,6.5,21.6,18.4,-13.8,2009
30,New Jersey Nets,10,0,10,0,48,84.5,32,78.6,40.7,3.6,12.2,29.5,16.9,21.9,77.2,10.3,31.1,41.4,15.8,16.2,5.4,5.2,5.3,21.1,18.7,-10.3,2009
1,New Orleans Hornets,9,8,1,0.889,48,98.7,36.3,76.9,47.3,6.7,17.1,39,19.3,24.8,78,8.8,32.1,40.9,22.3,13.2,8.2,5,3.7,22.4,21.6,8,2010
1,San Antonio Spurs,9,8,1,0.889,48.6,108.9,39.1,83.8,46.7,9,20.4,44,21.7,27.2,79.6,11,31.9,42.9,23.4,15.9,9.3,6,5.9,20.2,21.6,7.8,2010
3,Los Angeles Lakers,11,9,2,0.818,48,113,42.1,88.7,47.4,9.3,21.6,42.9,19.5,24.3,80.5,13.9,32.4,46.3,24.1,14,8.3,4.1,4.5,21.3,21.5,9.1,2010
4,Boston Celtics,10,8,2,0.8,49.5,101.1,39.3,79.8,49.2,5.5,13.4,41,17,21.7,78.3,8.5,30.8,39.3,26.8,15.1,8.3,3.2,4.3,22.2,20.5,5.3,2010
5,Dallas Mavericks,9,7,2,0.778,48,97.3,36.9,75.9,48.6,6.7,18.7,35.7,16.9,22.6,74.9,9.4,33.9,43.3,22.2,15.6,7.3,5.3,2.8,18.2,19.9,5.4,2010
6,Orlando Magic,10,7,3,0.7,48,97.9,34.8,77.1,45.1,9,25.9,34.7,19.3,28.9,66.8,11.4,33,44.4,18.2,15.2,6.5,5.2,3.9,18.8,24.8,7.1,2010
7,Atlanta Hawks,12,8,4,0.667,48,101.8,37.8,76.7,49.3,5.4,16.3,33.3,20.8,26.1,79.6,9.8,30.5,40.3,23.6,14.8,5.4,5.8,4.7,20.5,21.7,3.3,2010
7,Chicago Bulls,9,6,3,0.667,48.6,103.9,39.3,81.3,48.4,6,15.7,38.3,19.2,27.6,69.8,11.3,32.7,44,23.1,16.7,8.6,7.1,5.3,21.7,22.1,4.4,2010
9,Golden State Warriors,11,7,4,0.636,48,101.4,38.9,86.9,44.8,7.5,20,37.3,16.1,22.1,72.8,14.2,29.6,43.8,22.5,16.6,10,4.9,4.5,24.7,19,-1.4,2010
9,Utah Jazz,11,7,4,0.636,49.4,102.5,38.2,82.5,46.3,5.1,14.5,35,21.1,26.9,78.4,11,30,41,24.3,14.6,7,4.6,5.2,24.7,24.5,0.5,2010
11,Miami Heat,10,6,4,0.6,48.5,102.7,35.6,75.5,47.2,6.5,16.8,38.7,25,32.5,76.9,8.9,32.6,41.5,20.2,13,6.8,5.5,2.6,21.1,23.7,9.4,2010
11,Oklahoma City Thunder,10,6,4,0.6,48.5,103,35.5,79.4,44.7,4,15.8,25.3,28,31.8,88.1,10.7,29.5,40.2,16.4,14.1,8.6,5.5,4,21.6,21.9,-3,2010
11,Phoenix Suns,10,6,4,0.6,49,108.2,40.6,85.3,47.6,10,25.1,39.8,17,23.2,73.3,12.4,28.1,40.5,21.7,15.6,7.5,4.3,3.3,20.9,22.5,1.6,2010
14,Portland Trail Blazers,12,7,5,0.583,48.4,98.8,37.5,81.9,45.8,5.8,17.3,33.2,18.1,22.6,80.1,13,26.3,39.3,22,13.8,8.5,4.8,4.8,21.7,22,1.6,2010
15,Denver Nuggets,11,6,5,0.545,48,105.8,38.2,84.3,45.3,7.3,20.3,35.9,22.2,28.3,78.5,10.6,31.2,41.8,20.6,13.6,7.8,3.2,6.9,21.7,22.4,1.4,2010
16,Cleveland Cavaliers,10,5,5,0.5,48,96.4,35.8,79.8,44.9,5.9,17,34.7,18.9,25.2,75,8.8,30.2,39,20.8,13.2,5.4,2.6,5.5,19.4,21.8,-2.7,2010
17,Milwaukee Bucks,11,5,6,0.455,48.5,93.5,34.3,81.5,42.1,6.4,18.2,35,18.5,25.1,73.9,12.4,31.9,44.3,17.7,15.4,6.7,3.9,5.5,21.2,24.4,1.5,2010
18,Indiana Pacers,9,4,5,0.444,48,101.2,37.1,81.7,45.4,8.8,23.9,36.7,18.2,22.8,80,9.9,32.4,42.3,21,15.9,6.3,6.8,6.3,22.7,21,0.6,2010
19,New Jersey Nets,10,4,6,0.4,48,93.3,34.9,77.6,45,6.6,16.8,39.3,16.9,22.3,75.8,9.8,29.9,39.7,19.5,14.4,4.4,4.6,3.4,23,19.1,-2.4,2010
20,Charlotte Bobcats,11,4,7,0.364,48,93.7,33.5,72.2,46.3,6.5,16.5,39.6,20.3,25.6,79.1,10,30.1,40.1,21.7,17.7,5.9,7.4,6.9,20.3,20.7,-2.3,2010
20,Detroit Pistons,11,4,7,0.364,48.5,95.5,35.6,80,44.5,6.3,15.3,41.1,18,25.8,69.7,10.7,27.7,38.5,18.5,13.9,6.9,4,5.1,20.1,20.5,-4.4,2010
22,Memphis Grizzlies,12,4,8,0.333,49.3,101.4,38.8,84.8,45.8,5.1,15.1,33.7,18.7,25.7,72.7,12.3,28.8,41.1,19.8,16.6,10.8,4,5.8,22.7,21.9,-3.7,2010
22,Sacramento Kings,9,3,6,0.333,48,99.8,37.9,84.3,44.9,5.1,17.3,29.5,18.9,27,70,13.9,28.4,42.3,19.8,13.6,6.8,4.6,4,23.6,22.4,-5.4,2010
22,Washington Wizards,9,3,6,0.333,48.6,97.2,37.4,82,45.7,6.1,16.6,36.9,16.2,21.7,74.9,10.8,28.2,39,22.3,18.1,9.8,6.3,5.1,22.9,19.9,-5.7,2010
25,Houston Rockets,10,3,7,0.3,48.5,106.1,38.3,85.3,44.9,6.1,18.6,32.8,23.4,29.2,80.1,11.6,32.6,44.2,22.3,15.5,6.8,4.9,6.2,22.4,25,-0.3,2010
26,New York Knicks,11,3,8,0.273,48,103.3,37.3,85.5,43.6,8.1,25.2,32.1,20.6,27,76.4,11.8,31.5,43.4,19.9,15.8,8.1,8,3.9,24.2,23,-3.3,2010
27,Minnesota Timberwolves,12,3,9,0.25,48,100,36.8,89.5,41.1,6.7,18.5,36,19.8,26.8,74.1,15.6,31.8,47.3,17.7,17.9,7.6,5.6,7.3,25.8,22.9,-9.7,2010
28,Philadelphia 76ers,11,2,9,0.182,48.5,99.2,37.8,81.5,46.4,5.1,14.1,36.1,18.5,24.5,75.2,10.1,30.5,40.5,22.3,15.5,7.9,5.2,4.8,23.7,20.4,-4,2010
28,Toronto Raptors,11,2,9,0.182,48,99.9,36.9,83.2,44.4,4.5,14.6,30.4,21.6,27.6,78.3,13.7,27.3,41,19.1,15.8,8.1,3.2,5.7,23.5,23.6,-5,2010
30,Los Angeles Clippers,11,1,10,0.091,49.4,95.3,35.5,80.6,44,5.2,17.4,29.8,19.2,27.4,70.1,12.2,29.5,41.6,20,17.1,7.1,4.1,5.8,20.9,22.3,-8.9,2010
1,Chicago Bulls,12,10,2,0.833,48,96,36.8,81.6,45,6.1,15.5,39.2,16.4,22.2,74.1,13.8,32.5,46.3,22.5,15.4,6.9,6.1,4.9,17.9,18,10.2,2011
1,Oklahoma City Thunder,12,10,2,0.833,48,100,35.7,76.2,46.8,6.9,18.7,37.1,21.8,27.2,80.1,9.8,32.6,42.3,19.1,15.3,6.5,6.2,4.3,20.9,21.1,4.1,2011
3,Miami Heat,11,8,3,0.727,50.3,106.4,40,81.9,48.8,4.9,13.8,35.5,21.5,29.2,73.5,9.7,34.7,44.5,23.2,17.9,10.4,5.6,4.7,23,23.6,8.6,2011
3,Orlando Magic,11,8,3,0.727,48,98.3,35.8,77.5,46.2,10,24.5,40.9,16.6,25.5,65.1,10.7,30.6,41.4,22.1,14.1,5.9,3.6,3.8,18.3,22.6,5,2011
5,Indiana Pacers,10,7,3,0.7,48.5,92.6,33.5,80.9,41.4,5.9,14.6,40.4,19.7,25.4,77.6,12.6,32.1,44.7,18.5,15.2,9.4,5.4,5.8,21.6,21.2,3.2,2011
5,Philadelphia 76ers,10,7,3,0.7,48,99.3,39,81.9,47.6,5.8,16.9,34.3,15.5,21.4,72.4,9.5,35.7,45.2,21.5,13,9.2,5.7,4.2,18.2,19,13.8,2011
5,Portland Trail Blazers,10,7,3,0.7,48,100.1,36.8,83.1,44.3,5.8,18,32.2,20.7,25.6,80.9,10.8,31.3,42.1,21.6,13.2,7.6,5,4.4,20.9,22.2,5.1,2011
8,Atlanta Hawks,12,8,4,0.667,49.7,99.3,37.3,83.3,44.8,7,17.9,39.1,17.6,24.8,71,11.9,31.3,43.3,22.7,13.3,8.8,4.7,5.5,18.2,20.8,7.8,2011
8,Los Angeles Lakers,12,8,4,0.667,48.4,94.6,36.6,79.3,46.1,3.8,16,24,17.6,23.6,74.6,12,34.8,46.8,21.8,16.6,5.6,5.4,3.8,20.2,21,4.8,2011
10,Denver Nuggets,11,7,4,0.636,48,103.6,38.4,78.8,48.7,6.2,19.6,31.5,20.7,27.3,76,8.3,32,40.3,24.1,16.1,11.2,4.9,5.8,17.7,22.5,6.1,2011
10,San Antonio Spurs,11,7,4,0.636,48.5,100.9,39,83.7,46.6,8.2,19.7,41.5,14.7,20.5,72,10.5,30,40.5,23.5,13.4,6.8,4.6,5.9,17.2,19.1,4.2,2011
12,Los Angeles Clippers,8,5,3,0.625,48.6,98.8,36.8,78.8,46.7,6.3,19.6,31.8,19,28.3,67.3,9.5,27.5,37,22.1,13.1,8.5,5.3,2.9,20.6,24.8,2.3,2011
13,Utah Jazz,10,6,4,0.6,48.5,92.3,35.3,80,44.1,3.7,13.7,27,18,25.4,70.9,11,31,42,20.5,13.6,8,7.1,5.3,23.4,22,-2.3,2011
14,Dallas Mavericks,11,6,5,0.545,48,93.2,33.7,78.8,42.8,6.5,21.5,30.4,19.2,25.5,75.4,9.5,30.6,40.1,21.4,14.6,10.5,3.6,3.3,21.5,19.5,-0.5,2011
14,New York Knicks,11,6,5,0.545,48,94.2,33.2,79.5,41.8,7.5,23.5,31.7,20.4,25.7,79.2,10.3,30.6,40.9,18.4,15.6,9.5,4.5,4.8,22.5,22,0.5,2011
16,Cleveland Cavaliers,10,5,5,0.5,48.5,96.4,35.6,81.8,43.5,7.6,20.7,36.7,17.6,25.4,69.3,12.2,30.6,42.8,19.9,15.6,8.6,5.6,6.3,21.2,21.6,1,2011
17,Boston Celtics,9,4,5,0.444,48,91.9,33.9,72.3,46.9,6.4,14.4,44.6,17.7,24,73.6,8.4,28.9,37.3,22.4,15.9,6,5.7,6,21.1,20.7,-0.1,2011
18,Memphis Grizzlies,10,4,6,0.4,48,91.3,36.6,82.8,44.2,2.7,10.4,26,15.4,22.1,69.7,11.7,31.3,43,17.8,15.2,10.3,4.9,6.1,19.5,20.2,-2.6,2011
18,Milwaukee Bucks,10,4,6,0.4,48,94.1,36.5,83.9,43.5,6.3,18.9,33.3,14.8,19.4,76.3,12.1,27.7,39.8,22.9,14.6,8.4,4.3,5.6,21.2,20.3,-0.7,2011
18,Phoenix Suns,10,4,6,0.4,48,93.2,35.7,80.7,44.2,6.7,20.8,32.2,15.1,19.2,78.6,10.7,31.1,41.8,21.1,13.7,7,5.1,3.4,20.3,20.7,0,2011
21,Sacramento Kings,11,4,7,0.364,48,93.4,33.5,83.5,40.2,5.7,20.5,28,20.5,28.1,73.1,15,29,44,14.3,16.2,8,4.4,4.9,18.8,23.4,-8.8,2011
21,Toronto Raptors,11,4,7,0.364,48,87.8,33.4,76,43.9,5.7,17.7,32.3,15.4,19.3,79.7,9.4,32.5,41.9,21.3,15.8,6.4,5.4,4.1,24,18,-5,2011
23,Golden State Warriors,10,3,7,0.3,48.5,93.9,35.8,80.1,44.7,6.5,18.9,34.4,15.8,22.2,71.2,10.7,31.1,41.8,21.2,15.6,8.7,4.3,4.4,24.7,18.9,-5.3,2011
23,Houston Rockets,10,3,7,0.3,48.5,94.2,37.4,84.4,44.3,7,21.3,32.9,12.4,15.8,78.5,11.1,31.1,42.2,21.3,13.8,6.3,4.7,5.4,21.3,15.5,-4.7,2011
23,Minnesota Timberwolves,10,3,7,0.3,48,95.4,34.3,79.5,43.1,7.8,22.1,35.3,19,26.5,71.7,12.3,31.8,44.1,17.4,17.6,7.1,3.8,6.5,20.5,22.4,0.3,2011
23,New Orleans Hornets,10,3,7,0.3,48,87.1,34.2,78.6,43.5,3.6,13.1,27.5,15.1,20,75.5,12.6,32.2,44.8,18.9,15.5,6.5,5.2,6.7,20.8,19.1,-4.3,2011
27,Charlotte Bobcats,11,2,9,0.182,48.5,90,35.9,85.6,41.9,4.9,15.4,32,13.3,17.5,76,11.9,32,43.9,20.7,15,5.1,5.4,5.6,20.5,18.5,-12.7,2011
27,Detroit Pistons,11,2,9,0.182,48,83.7,32.2,76.8,41.9,4.5,13,34.3,14.9,18.5,80.4,10.6,26.7,37.4,17.9,17,6.5,3,5.5,19.1,18,-11.7,2011
27,New Jersey Nets,11,2,9,0.182,48,89.5,31.9,79.4,40.2,9.1,25.3,36,16.6,21.5,77.2,12.6,27.2,39.8,19,16,7.5,4.1,6.2,21.5,20.8,-10.4,2011
30,Washington Wizards,10,1,9,0.1,48,83.6,32.9,82.8,39.7,3.7,12.6,29.4,14.1,19.7,71.6,10.9,29.6,40.5,15.4,14.7,9,8.3,5.2,20,18.9,-10.2,2011
1,New York Knicks,8,7,1,0.875,48,100.5,37.4,82.6,45.2,10.4,26.4,39.3,15.4,20.5,75,10.3,29.9,40.1,19.4,10.4,9.3,3.9,4.6,18,19.3,10.5,2012
2,Los Angeles Clippers,10,8,2,0.8,48,101.5,38.2,77.6,49.2,6.2,17.7,35,18.9,24.7,76.5,9.6,31,40.6,22,16.9,9.9,7.3,4.5,23.6,20.9,8.9,2012
2,Memphis Grizzlies,10,8,2,0.8,48,100.2,37.1,84.4,44,5.9,16.3,36.2,20.1,24.4,82.4,12.8,29,41.8,21.4,14,9.4,5.5,6.3,21.2,20.9,7.6,2012
4,Brooklyn Nets,8,6,2,0.75,48,97.5,35.8,78.9,45.3,7,20.9,33.5,19,25.8,73.8,11.8,29.8,41.5,20.6,13.9,6.8,5.9,4.3,17.5,23.1,5,2012
5,Miami Heat,11,8,3,0.727,48,103.5,38.8,78.6,49.4,9.2,21.5,42.8,16.7,22.1,75.7,8.2,30.2,38.4,23.5,13.9,7.5,5.2,4.2,19.6,20.1,4.5,2012
5,Oklahoma City Thunder,11,8,3,0.727,48,101.7,35.8,74.3,48.2,7.6,17.5,43.5,22.5,26.7,84,8.2,33.2,41.4,22.4,16.8,6.9,7.5,2.9,20.9,21.5,6.5,2012
5,San Antonio Spurs,11,8,3,0.727,48,98.7,37.3,80.2,46.5,7.5,20.5,36.9,16.6,21.7,76.6,9.5,30.6,40.1,24.3,15,8.7,5.4,5.9,18.5,19.2,4.5,2012
8,Milwaukee Bucks,9,6,3,0.667,48,100.7,39.7,86.6,45.8,6.3,18.7,33.9,15,19.7,76.3,10.8,31.4,42.2,24.9,14.8,9,7,3.4,20.6,19.7,2.8,2012
9,Philadelphia 76ers,10,6,4,0.6,48,88.9,33.8,82.5,41,7.4,19.1,38.7,13.9,18,77.2,10.4,31.8,42.2,20.2,13.5,8.5,5.5,5.5,17.7,17.6,-1.2,2012
10,Atlanta Hawks,9,5,4,0.556,48,92.9,36.4,81.1,44.9,7.4,22.2,33.5,12.6,17.9,70.2,9.4,30.8,40.2,21.1,15,9.3,4.3,4.2,17.9,19.9,1.7,2012
10,Charlotte Bobcats,9,5,4,0.556,48.6,96.6,36.1,85.6,42.2,4.9,16.9,28.9,19.4,25,77.8,13.8,30.1,43.9,18.4,14.7,8.8,7.4,8.6,20.2,21.1,-2.4,2012
10,Minnesota Timberwolves,9,5,4,0.556,48,91.8,33.6,77.2,43.5,4.8,16.3,29.3,19.9,27.2,73.1,12.1,31.2,43.3,21.3,15.6,7.4,8,5.6,18.3,23.2,1.3,2012
13,Boston Celtics,11,6,5,0.545,48.5,96.9,36.2,76.1,47.6,5.1,14.3,35.7,19.5,24.5,79.6,6.8,30,36.8,24.1,13.8,7.3,3.3,4.5,20,20.2,-1.2,2012
13,Golden State Warriors,11,6,5,0.545,49.4,98.5,37,83.9,44.1,6.1,19.5,31.2,18.4,25.1,73.2,12.4,33.7,46.1,21.1,17,7.4,3.3,6.5,23.5,21.9,-1.8,2012
15,Chicago Bulls,10,5,5,0.5,48.5,94.8,36,81,44.4,3.7,12.1,30.6,19.1,24.2,78.9,11.9,30.6,42.5,23.7,15.5,7.4,5.2,5.3,18.6,22.4,0.6,2012
15,Dallas Mavericks,12,6,6,0.5,48.8,100.8,37.2,80.9,45.9,8,19.5,41,18.4,23.9,77,8.7,33.3,42,21.9,15.3,7.2,6.2,4.3,22.4,20.5,1,2012
15,Los Angeles Lakers,10,5,5,0.5,48,100.5,36.4,78.7,46.3,7.1,20.6,34.5,20.6,29.9,68.9,14.1,32.7,46.8,21.3,16.9,7.7,5.9,4.8,17.8,23.4,5,2012
15,Portland Trail Blazers,10,5,5,0.5,49,100.4,37.1,84.2,44.1,8.9,23.1,38.5,17.3,22.8,75.9,12.2,28.3,40.5,19,15,8.8,4.5,4.3,19.9,21.5,-1.4,2012
15,Utah Jazz,12,6,6,0.5,49.3,98.1,36.8,84.9,43.3,6.3,18.1,35,18.3,24.3,75,14,32.8,46.8,21.8,15.3,7.3,7.9,6.3,21.3,20.7,1.2,2012
20,Denver Nuggets,11,5,6,0.455,48.9,98.5,38.9,88.1,44.2,6,19.6,30.6,14.6,22.2,66,16.8,32.5,49.3,21.6,16.6,7.5,6.5,7.1,19.1,19.6,-1.5,2012
21,Indiana Pacers,12,5,7,0.417,48.8,88.8,33.1,80.6,41.1,5.8,19.1,30.1,16.8,23,73.2,12.8,35.5,48.3,18.1,16.9,6.1,7,5.4,17.4,20.4,-1.3,2012
22,New Orleans Hornets,8,3,5,0.375,48,93.1,34.8,78.4,44.3,6.4,18.4,34.7,17.3,21,82.1,10.8,30.5,41.3,22.6,15,6.4,6.1,6.6,18.3,19.3,-3.1,2012
23,Houston Rockets,11,4,7,0.364,48.9,99.4,35.7,84.6,42.2,8.7,27.4,31.9,19.2,24.5,78.4,13,32.7,45.7,22.1,16.7,8.3,4.2,6.5,20.4,19,-1.5,2012
23,Phoenix Suns,11,4,7,0.364,48.5,98.3,38.5,89.3,43.1,5.7,17.9,32,15.6,21.4,73.2,13.9,29.3,43.2,20.7,13.8,8.6,6.9,5.7,21.5,19.9,-6,2012
25,Orlando Magic,10,3,7,0.3,48,88.4,35.5,82.4,43.1,4.8,13.5,35.6,12.6,16.9,74.6,10.7,32.7,43.4,22.1,15.6,5.6,4.5,6,19.6,16.5,-6,2012
25,Toronto Raptors,10,3,7,0.3,49.5,96.1,35.1,83.7,41.9,7.6,21,36.2,18.3,23.6,77.5,11.3,28.7,40,20.4,13.2,8.5,3.9,6.3,24.4,20.3,-3.7,2012
27,Cleveland Cavaliers,10,2,8,0.2,48,95.7,35.8,84.6,42.3,7.8,22,35.5,16.3,23.2,70.3,13.3,27.4,40.7,19.7,16.4,9.2,2.1,8.9,21.2,20.2,-7,2012
27,Sacramento Kings,10,2,8,0.2,49,91.2,36,86.1,41.8,5.3,17.8,29.8,13.9,19.1,72.8,12.6,28.3,40.9,17.3,14.6,9.2,4.6,7.4,24.3,17.4,-8.8,2012
29,Detroit Pistons,11,2,9,0.182,48,93.9,35.5,79.6,44.5,5.1,14.4,35.4,17.9,24.2,74.1,10.5,28.3,38.8,22.1,15.4,6.5,5.5,5.1,20.1,20.6,-4.4,2012
30,Washington Wizards,9,0,9,0,48.6,86.9,33.3,84.1,39.6,7.2,23.8,30.4,13,17.7,73.6,11.9,29.1,41,21.4,15.4,8.6,5.7,5.7,22.2,17.6,-7.7,2012
1,Indiana Pacers,10,9,1,0.9,48,95.7,35.4,77.5,45.7,7.1,19.3,36.8,17.8,22.9,77.7,9.7,33.8,43.5,20.6,16.1,5.9,8.9,5.1,19,23.5,9.4,2013
1,San Antonio Spurs,10,9,1,0.9,48,98.6,39.6,83.2,47.6,7.4,19.7,37.6,12,16.2,74.1,8.5,35.1,43.6,23.8,14.2,7.2,4.2,4.7,18.1,17.7,9.3,2013
3,Portland Trail Blazers,11,9,2,0.818,48.5,104.9,39.5,85.2,46.4,9.8,23.3,42.2,16,20.7,77.2,12.2,32.9,45.1,22.8,14.9,5.5,4.4,2.9,19.6,20.7,5.4,2013
4,Golden State Warriors,11,8,3,0.727,48,104.3,39.1,80.5,48.5,11.1,24.1,46,15,20.7,72.4,9.3,34.3,43.5,24.3,18.1,8.8,5.6,3.6,23.5,20.8,8,2013
4,Miami Heat,11,8,3,0.727,48,105.9,39.1,74.7,52.3,8.9,20.2,44.1,18.8,25.6,73.4,6.5,28.6,35.1,26,15.6,9,4.8,2.9,20.6,23.2,8.3,2013
6,Oklahoma City Thunder,10,7,3,0.7,48.5,104.2,36.6,82.9,44.1,6.5,20,32.5,24.5,29.8,82.2,12.9,34,46.9,20.4,16.8,8.3,5.4,4.6,22.5,22.2,2.1,2013
7,Chicago Bulls,9,6,3,0.667,48,94,34.3,79.3,43.3,5.4,15.8,34.5,19.9,23.7,84,11.8,34.1,45.9,22.1,17.1,7.1,5.4,7.2,20.6,21.4,5,2013
7,Houston Rockets,12,8,4,0.667,49.3,108.8,36.9,77.4,47.7,8.8,26.1,33.5,26.3,37.5,70,11,36.6,47.6,20.3,19.3,7.6,7.4,6.1,22.3,28.8,4.3,2013
9,Dallas Mavericks,11,7,4,0.636,48,105.7,39.2,84,46.6,9.6,24.6,39.1,17.7,22.1,80.2,10.5,31.5,42,23.5,16.9,10,4.7,3.8,20.9,19.7,3,2013
9,Los Angeles Clippers,11,7,4,0.636,48,109.3,39.8,83.4,47.8,8.3,24.4,34,21.4,29.5,72.5,12.5,31.5,44,25.8,15.7,9.2,4.5,3.5,24.7,24.8,3.5,2013
11,Minnesota Timberwolves,12,7,5,0.583,48.4,107.8,39.3,89.2,44,8.2,23.3,35,21.1,26.2,80.6,12.2,33.2,45.3,24.4,15.1,9.6,3.4,6.5,18.4,22.5,7.3,2013
12,Atlanta Hawks,11,6,5,0.545,48,103.2,38.5,81.3,47.4,8.5,23.3,36.7,17.5,24.2,72.6,8.1,32.7,40.8,25.9,14.7,8.5,4.9,3.9,18.5,21.6,2.5,2013
12,Memphis Grizzlies,11,6,5,0.545,48.5,95.4,37.3,79.6,46.8,4.6,14.5,32.1,16.2,20.9,77.4,9.5,32.5,41.9,23.4,15.5,6.7,4,5.4,21.1,21,-1.8,2013
14,Phoenix Suns,10,5,5,0.5,48.5,99.3,37.3,81.4,45.8,8.4,23.6,35.6,16.3,21.6,75.5,9.7,32.5,42.2,18.4,17.4,9.5,4.9,4.3,20.6,20.1,2.4,2013
15,Charlotte Bobcats,11,5,6,0.455,48,88.5,31.8,80,39.8,5.1,16.6,30.6,19.7,27.9,70.7,11.2,30.7,41.9,18.9,13.3,6.5,5.7,6.2,20.2,22.9,-4.5,2013
16,Los Angeles Lakers,12,5,7,0.417,48,99.4,37.4,87.3,42.8,10.2,25,40.7,14.4,20.3,70.9,10.9,34.8,45.7,24.3,15.8,6.4,6,4.8,22.1,17.8,-4.4,2013
16,Philadelphia 76ers,12,5,7,0.417,49.3,103.7,40,88.9,45,7.3,21.7,33.5,16.4,23.1,71.1,11.3,33.5,44.8,23.1,17.3,8.6,4.8,7.3,18.8,20.2,-6.3,2013
18,Denver Nuggets,10,4,6,0.4,48,104.4,39.1,88.6,44.1,7.6,20.4,37.3,18.6,26.2,71,13.3,33.4,46.7,21.5,14.8,6.6,6.1,6.5,22.7,23.9,-1.2,2013
18,Detroit Pistons,10,4,6,0.4,48.5,99.5,38.1,84.1,45.3,6.1,21.1,28.9,17.2,24.8,69.4,14,27.1,41.1,20.1,15.1,9.6,4.8,4.6,20.7,21.8,-2.5,2013
18,New Orleans Pelicans,10,4,6,0.4,48,100.7,38.3,84.5,45.3,6,13.9,43.2,18.1,23,78.7,11.6,29.4,41,22.2,13.7,9.7,7.8,6,23,20.4,1.9,2013
18,Orlando Magic,10,4,6,0.4,48.5,99.9,38.6,83.6,46.2,7.4,19.7,37.6,15.3,21.3,71.8,10.9,34.7,45.6,21,17.8,7.3,4.6,6.7,21.4,19.4,0.2,2013
22,Cleveland Cavaliers,11,4,7,0.364,49.4,92.5,34.9,85,41.1,6.8,19.5,34.9,15.9,20.6,77.1,11.5,31.5,42.9,18.7,16.4,9.4,5.2,5.9,20.7,18.8,-7,2013
22,Toronto Raptors,11,4,7,0.364,49.4,96.9,35.2,84,41.9,6.5,20.1,32.6,20,26.1,76.7,14,30.7,44.7,16.5,14.7,7.2,4.2,6.2,24.1,23.1,-0.2,2013
24,Boston Celtics,12,4,8,0.333,48,93.4,36.1,82.3,43.9,5.6,17.4,32.1,15.7,20.5,76.4,11,30.1,41.1,17.7,16.9,8.3,5.1,5.1,22.7,19.8,-5.3,2013
25,Brooklyn Nets,10,3,7,0.3,49,97.1,35.2,82,42.9,5.6,17.2,32.6,21.1,27.9,75.6,11,31.7,42.7,19.8,14.4,7.5,4.5,3.8,24.6,22.1,-5.3,2013
25,New York Knicks,10,3,7,0.3,48,93.5,35.7,84.1,42.4,8.3,25.3,32.8,13.8,17.9,77.1,11.2,27.2,38.4,19,13.1,8.5,4.5,4.5,22.6,18.2,-5.4,2013
25,Sacramento Kings,10,3,7,0.3,48,94.4,35.3,83.5,42.3,7.2,22.3,32.3,16.6,21.4,77.6,11.2,29.1,40.3,19.9,13.1,8,3.3,5.7,22.7,20.8,-4.1,2013
25,Washington Wizards,10,3,7,0.3,49.5,100.4,37.8,87.2,43.3,9.8,24.8,39.5,15,21,71.4,11.2,30.6,41.8,24.3,15.7,9.6,4.2,4.6,20.2,19.4,-3.7,2013
29,Milwaukee Bucks,9,2,7,0.222,48,90.2,33.2,80.2,41.4,8.1,19.4,41.7,15.7,19.4,80.6,10.4,29.3,39.8,18.9,16.6,7.3,5.1,5.8,21.1,19.9,-8.4,2013
30,Utah Jazz,12,1,11,0.083,48,88.6,33.2,80.6,41.2,5.2,17.8,29,17.1,24.1,70.9,13.2,28.8,41.9,17.7,18.1,7.4,4.6,4.8,22.3,22.3,-11.5,2013
1,Memphis Grizzlies,11,10,1,0.909,48,98.5,36.3,80.6,45,5.5,14.5,37.5,20.5,25.5,80.4,10.8,29.5,40.4,20.6,12.5,9,3.2,4,20.1,21.2,7,2014
2,Houston Rockets,11,9,2,0.818,48,97.8,33,77.5,42.6,11.5,32.8,34.9,20.4,29.3,69.6,12.4,31.5,43.8,19.6,18.8,9,5.6,5.7,23.3,22.9,6.2,2014
3,Golden State Warriors,10,8,2,0.8,48,108.6,40,80.2,49.9,10.1,25.4,39.8,18.5,22.8,81.1,8.5,35.7,44.2,25.5,19.7,8.3,5.9,2.1,22.4,20.3,10.3,2014
3,Toronto Raptors,10,8,2,0.8,48,106,37.2,82.6,45,7.2,21.6,33.3,24.4,31.1,78.5,10.3,29.4,39.7,18.1,11.3,8.5,4.9,5.3,22.1,25.7,9.6,2014
5,Washington Wizards,9,7,2,0.778,48.6,98.7,37.7,81.1,46.4,4.8,14.6,32.8,18.6,25.4,72.9,9.4,32.3,41.8,24.4,13.2,8.9,4.6,3.8,22.8,23.9,2.2,2014
6,Chicago Bulls,11,8,3,0.727,48.5,102.5,37.4,79.6,46.9,7.8,20.8,37.6,19.9,26.6,74.7,9.7,32.7,42.5,23,14.3,5.9,6.4,4.6,20.3,23.4,5.4,2014
6,Dallas Mavericks,11,8,3,0.727,48,109.3,41.7,84.8,49.2,8.9,25.5,34.9,16.9,21.3,79.5,10.5,30.2,40.7,24.5,11,7.8,5.8,3.5,20.6,22.3,11.1,2014
6,Portland Trail Blazers,11,8,3,0.727,48,104.4,38.5,84.5,45.6,10.5,26.9,38.9,16.8,21.2,79.4,12.4,34.5,46.8,23.8,14.3,5.7,5.5,3.9,21,21.1,8.5,2014
9,Sacramento Kings,10,6,4,0.6,49,102.8,34.9,79,44.2,4.5,15.1,29.8,28.5,35.1,81.2,11.6,34.5,46.1,17.7,16.2,7,4.2,6.8,25.7,28.9,1.2,2014
9,San Antonio Spurs,10,6,4,0.6,48,95,34.9,80.4,43.4,7.3,22.5,32.4,17.9,22.6,79.2,9.2,34,43.2,22.7,14.9,7.5,4.6,5.5,20.2,19.1,3.2,2014
11,Atlanta Hawks,9,5,4,0.556,49.1,101.9,37.4,80.8,46.4,9.2,24.3,37.9,17.8,22.8,78,8.7,30.4,39.1,25.1,16,8.8,5.2,5.7,19.9,22.1,-0.9,2014
11,Cleveland Cavaliers,9,5,4,0.556,48.6,106.7,37.8,83.3,45.3,9.2,23.2,39.7,21.9,27,81.1,10.9,30.4,41.3,21.6,12.9,6.4,4,5.6,16.8,22,2.3,2014
11,Los Angeles Clippers,9,5,4,0.556,48,101.6,36.1,79.2,45.6,8.4,24.7,34.2,20.9,27.3,76.4,7.8,29.7,37.4,22.9,13.3,7.2,5.6,3.6,21.7,24.8,-1.1,2014
11,New Orleans Pelicans,9,5,4,0.556,48,104.2,40.7,87.3,46.6,7.6,20.4,37,15.3,21.6,71.1,12.1,31.7,43.8,23.4,11.4,8.2,7,4.8,22.4,19,5.4,2014
15,Miami Heat,11,6,5,0.545,48,97.5,34.9,75.1,46.5,9,23.2,38.8,18.6,25.2,74,8.2,29.2,37.4,22.7,14.5,8.7,3.3,5.1,21.5,21,1.6,2014
15,Phoenix Suns,11,6,5,0.545,48.9,105.3,38.8,86.5,44.9,8.8,25.9,34,18.8,22.8,82.5,10,32.2,42.2,20.4,14.5,7.4,4.4,5,24.3,22,-0.5,2014
17,Milwaukee Bucks,10,5,5,0.5,48.5,91.8,35.9,82,43.8,5.5,18.6,29.6,14.5,19.4,74.7,11,31.8,42.8,21,17.2,9.3,5.3,5.2,23.6,19.3,-0.8,2014
18,Orlando Magic,12,5,7,0.417,48.4,97,37.8,80.6,46.9,7.3,17.4,41.6,14.1,19.8,71,9,33.6,42.6,21.3,16.3,6.2,3.9,6.4,23.2,20.5,-1.6,2014
19,Brooklyn Nets,10,4,6,0.4,48,100.1,37.7,81.2,46.4,7.3,20.6,35.4,17.4,21.9,79.5,9.6,31.8,41.4,19,13.9,7.3,4.2,3.6,22.2,20.4,0.1,2014
20,Charlotte Hornets,11,4,7,0.364,49.4,94.6,35.7,82.8,43.1,6.1,17.7,34.4,17.1,23.5,72.6,9.7,32.5,42.3,20.8,13.9,5.6,3.9,3.8,18.2,23.6,-5.7,2014
20,Indiana Pacers,11,4,7,0.364,48.5,91.9,34.7,81.8,42.4,7.6,23,33.2,14.8,20.2,73.4,12.5,33.8,46.3,17.7,16,4,6.3,5,20.6,21.6,-1.7,2014
20,Utah Jazz,11,4,7,0.364,48,97.5,36.1,77.4,46.7,7.5,22.9,32.5,17.9,23.3,77,10.5,29.4,39.8,21.7,15,6.4,5,4.2,19,19.9,-5.3,2014
23,Boston Celtics,9,3,6,0.333,48,107.4,42.4,87.8,48.4,7.2,23.7,30.5,15.3,19.8,77.5,11.6,31.1,42.7,26.4,15,7.7,4,5.1,22,18.9,-2,2014
24,Denver Nuggets,10,3,7,0.3,48,101.5,36.9,86,42.9,8.4,25.5,32.9,19.3,25.9,74.5,12,31.4,43.4,20.4,14.3,6.6,4.9,6,25.1,21.7,-5.6,2014
25,Detroit Pistons,11,3,8,0.273,48.5,93,34.7,83.5,41.6,8.2,22.7,36,15.4,22.9,67.1,11.8,33.8,45.6,18,13,5,4.6,4.9,21.1,20.7,-4.7,2014
25,New York Knicks,11,3,8,0.273,48,93.9,36.9,82.2,44.9,6.8,17.4,39.3,13.3,16.9,78.5,11.1,28.5,39.5,21.1,13.6,6.1,3.5,3.5,24.9,18.8,-4.2,2014
25,Oklahoma City Thunder,11,3,8,0.273,48.5,89.5,33.1,78.5,42.2,7,22.1,31.7,16.4,22.7,72,10.2,32.9,43.1,19.1,16.6,5.4,5.1,5,22.5,21.5,-4.5,2014
28,Minnesota Timberwolves,9,2,7,0.222,48.6,100.6,37.1,84,44.2,5,14.2,35.2,21.3,28,76.2,12.6,30.7,43.2,20.2,16.2,7.2,3.9,5.7,21.7,24.4,-9.4,2014
29,Los Angeles Lakers,10,1,9,0.1,48,101.6,36.8,85,43.3,4.9,16.1,30.4,23.1,30.3,76.2,13.2,27.6,40.8,19.6,12.9,7.6,4.1,4,23.6,24.5,-10.5,2014
30,Philadelphia 76ers,10,0,10,0,48,88.5,32.7,81.1,40.3,7.7,25.2,30.6,15.4,24.2,63.6,10.8,28.6,39.4,19.7,19.3,9.8,5.7,7.1,22.8,20.8,-16.9,2014
1,Golden State Warriors,11,11,0,1,48.5,114.1,42.4,89,47.6,12.2,30.3,40.2,17.2,22.3,77.1,10.8,35.3,46.1,29.5,15.2,9.6,6.4,4.4,22.1,20.8,16.3,2015
2,Cleveland Cavaliers,10,8,2,0.8,49,102.8,38.3,84.2,45.5,9.2,27.2,33.8,17,24.5,69.4,11.2,36.3,47.5,24,14.7,6.1,4.3,5.3,20,22.5,7.2,2015
3,San Antonio Spurs,9,7,2,0.778,48,102.3,40.8,84.1,48.5,6.3,18.4,34.3,14.4,18.3,78.8,8.9,37.9,46.8,25.3,15.6,8.3,5.6,3.6,17.6,18.2,10.6,2015
4,Atlanta Hawks,12,8,4,0.667,48,102.8,39.1,82.9,47.1,8.9,24.9,35.8,15.7,19.4,80.7,7.8,31.8,39.7,26.7,14.9,10,4.9,5.7,17.3,18.9,2.4,2015
4,Chicago Bulls,9,6,3,0.667,49.1,101.4,37.9,87.7,43.2,9,24.2,37.2,16.7,21.9,76.1,8.8,38.8,47.6,21.7,14.6,6.1,6.4,6.3,20.3,18.1,2,2015
4,Miami Heat,9,6,3,0.667,48,96.6,36.8,80.3,45.8,6.6,19.8,33.1,16.4,21.7,75.9,9.1,35.3,44.4,19,14,7,7.3,4.6,19.1,19.9,6.3,2015
7,Toronto Raptors,11,7,4,0.636,48,102,35.7,82.5,43.3,7.3,20.8,34.9,23.3,29.2,79.8,11.9,34.6,46.5,18.9,15.3,9.2,4.2,5.6,21,24.5,4.9,2015
8,Dallas Mavericks,10,6,4,0.6,48,101.7,37.4,85.6,43.7,8,25.6,31.3,18.9,24.2,78.1,8.7,37.6,46.3,21.7,12.5,6.1,3.4,5.7,21,24.3,0.9,2015
8,Indiana Pacers,10,6,4,0.6,48,96.5,35.8,82.5,43.4,7.8,21.6,36.1,17.1,23.6,72.5,10.7,31.3,42,20.6,15.4,9.3,4.4,3.7,19.8,22,0.4,2015
8,LA Clippers,10,6,4,0.6,48,105.1,38.3,82.3,46.5,7.1,22.8,31.1,21.4,30.4,70.4,8.8,33.6,42.4,21.4,13.3,6.4,5.7,2.7,20.9,25.9,0.9,2015
8,Oklahoma City Thunder,10,6,4,0.6,49,110.5,41.4,88.6,46.7,8.4,22.3,37.7,19.3,24.3,79.4,13.3,35.8,49.1,22.7,17.1,7.8,7.9,5.9,22.7,21.1,6.4,2015
12,Boston Celtics,9,5,4,0.556,48,101.6,37.3,88.4,42.2,8.2,27.3,30.1,18.7,23.3,80,12.7,32.2,44.9,23.3,16.1,11.3,5.3,4.4,22.8,22,5.6,2015
12,Phoenix Suns,9,5,4,0.556,48,104.2,38.6,87.6,44,9.6,25.2,37.9,17.6,24.4,71.8,10.8,37.4,48.2,19,17.9,8.7,3.2,4.7,20.9,22.3,4.1,2015
14,Charlotte Hornets,10,5,5,0.5,48,101.4,37.6,85.1,44.2,9.8,27.3,35.9,16.4,21.4,76.6,8.6,33.8,42.4,21.5,11.7,7.3,5.3,4,17,20.2,2.2,2015
14,Denver Nuggets,10,5,5,0.5,48,98.3,36.4,85,42.8,7.7,24,32.1,17.8,24,74.2,11.5,32.9,44.4,21.5,15.8,7.9,5.8,5.6,20.2,22.5,-4.7,2015
14,Detroit Pistons,10,5,5,0.5,48.5,96.6,36.5,87.4,41.8,7.8,25.5,30.6,15.8,24.8,63.7,14.3,33.7,48,16.4,15.3,7.9,3.2,4.2,19.4,22.4,-0.6,2015
14,Milwaukee Bucks,10,5,5,0.5,49,97.7,36.1,81.3,44.4,7.1,19.6,36.2,18.4,22.5,81.8,10.2,28.9,39.1,22.7,15.3,7.3,5.1,5.6,22.8,20.7,-3.7,2015
14,Utah Jazz,10,5,5,0.5,48,95.5,35.8,83.2,43,7.2,20,36,16.7,22.5,74.2,11.5,31.3,42.8,18.7,14.1,9.4,6.4,6.3,23.6,19.8,3.7,2015
14,Washington Wizards,8,4,4,0.5,48,103,37.4,84.4,44.3,8.3,24.5,33.7,20,26,76.9,9.4,32.9,42.3,22.8,17,8.8,5.3,3.6,21.9,23.1,-6,2015
20,Memphis Grizzlies,11,5,6,0.455,48,93.4,33.8,81.6,41.4,5.2,17.8,29.1,20.5,25.3,81.3,10.5,30.3,40.7,20.5,13.9,8.5,4,5.8,22.1,21.8,-7.7,2015
20,New York Knicks,11,5,6,0.455,48,98.5,36.6,87.1,42.1,7,22.5,31,18.3,22.4,81.7,12.5,33.3,45.8,19.7,13.8,7.2,5.1,4.1,23.4,19.3,0,2015
20,Orlando Magic,11,5,6,0.455,49.4,100.9,38.2,88.9,42.9,8.2,24,34.1,16.4,20.7,78.9,11.3,35.1,46.4,21.9,15.9,8.3,6.1,6.7,22.2,18.5,-0.3,2015
23,Houston Rockets,10,4,6,0.4,48.5,101.4,36,85.2,42.3,9.1,32,28.4,20.3,27.4,74.1,11.1,32.2,43.3,21.1,16.1,9.4,5.7,6.4,21.9,21.4,-6.9,2015
23,Minnesota Timberwolves,10,4,6,0.4,48.5,103.1,37.9,82.6,45.9,5.2,15.1,34.4,22.1,27.7,79.8,9.5,34.3,43.8,21.5,15.4,7,3.9,5.5,22.2,21.7,-1.4,2015
25,Portland Trail Blazers,11,4,7,0.364,48,102.3,38.3,83.5,45.8,9.5,26.4,36.2,16.2,22.8,70.9,10.7,33.2,43.9,20.4,15.5,5.7,4.6,5.2,22.8,18.7,-1.5,2015
25,Sacramento Kings,11,4,7,0.364,48,103.8,39.4,87.5,45,8.5,22,38.4,16.6,23.9,69.6,11.9,32.6,44.5,23.4,17.1,9,3.5,5.4,21.3,21,-4.1,2015
27,Los Angeles Lakers,10,2,8,0.2,48,99.2,34.5,84.1,41,8.5,26.8,31.7,21.7,27.8,78.1,9,34.5,43.5,19.5,15.2,6.9,6.1,5,22.1,20.9,-4.9,2015
28,Brooklyn Nets,10,1,9,0.1,48.5,94.7,37.9,87.1,43.5,4.3,16.2,26.5,14.6,18.9,77.2,12.1,32.9,45,21.2,15,7.3,5,6,19.6,18.6,-8.9,2015
28,New Orleans Pelicans,10,1,9,0.1,48,100.2,37.5,86.2,43.5,9.7,27.3,35.5,15.5,20.2,76.7,8.3,31.9,40.2,21.3,14.8,7.8,4.5,4.6,22,20.2,-9.2,2015
30,Philadelphia 76ers,10,0,10,0,48,91.1,34,82.6,41.2,7.7,23.8,32.4,15.4,21.8,70.6,10.4,31.8,42.2,19.7,17.1,6.7,6.5,7.3,19.8,19.1,-13.5,2015
1,LA Clippers,11,10,1,0.909,48,108.8,39.1,84.7,46.1,9.5,25.2,37.5,21.2,28.8,73.5,9.5,36,45.5,22,12,10.4,5.1,3.2,19.9,25.5,16.6,2016
2,Cleveland Cavaliers,10,9,1,0.9,48,110.6,39.1,87.9,44.5,13.2,35.4,37.3,19.2,25.1,76.5,11.1,34.2,45.3,22.5,12.4,7.6,4.9,4.8,19.1,22.7,7.1,2016
3,Atlanta Hawks,10,8,2,0.8,48,107.9,40.5,84.4,48,9.1,25.1,36.3,17.8,26.1,68.2,11.5,34,45.5,25.9,18.1,10.7,5.1,4.9,17.7,23.2,9.9,2016
3,Golden State Warriors,10,8,2,0.8,48,116.4,43.3,85.9,50.4,11.6,30.9,37.5,18.2,22.7,80.2,8.7,33.5,42.2,30.5,15.9,10.1,5.6,3.8,19.1,20.8,8.2,2016
5,San Antonio Spurs,11,8,3,0.727,48,101.2,36.2,81.6,44.3,8.1,20.5,39.6,20.7,24.5,84.4,9.6,34.3,43.9,21.4,12,7.7,6,5,18.7,20.1,5.1,2016
6,Charlotte Hornets,10,7,3,0.7,48,105.5,37.8,85.9,44,10.5,29.3,35.8,19.4,25,77.6,8.6,36.4,45,24.2,10.9,7.6,5.1,4.9,18,21.7,5.7,2016
6,Toronto Raptors,10,7,3,0.7,48,106.5,39.8,86.1,46.2,7.1,22.9,31,19.8,24.6,80.5,11.1,32.2,43.3,18.7,11,9.2,4.6,4.5,22.6,19.9,5.1,2016
8,Chicago Bulls,11,7,4,0.636,48,106.8,39.3,88.6,44.3,7.5,21,35.5,20.8,25.2,82.7,14.2,35.4,49.5,22.1,13.5,7.5,4.6,5.5,17.1,20.5,7.2,2016
9,Houston Rockets,10,6,4,0.6,48,107.8,38.9,83.8,46.4,13.6,36.6,37.2,16.4,22.2,73.9,11.2,32.7,43.9,23.8,17.4,7.2,4.8,5.1,21.8,18.5,3,2016
10,Los Angeles Lakers,12,7,5,0.583,48,110,40.7,86.1,47.2,9.4,27.3,34.5,19.3,23.7,81.3,10.6,33.8,44.4,21.4,16.8,8.7,4.1,4.2,22.1,19.3,1.6,2016
10,Portland Trail Blazers,12,7,5,0.583,49.3,107,38.7,87.1,44.4,10.8,30.2,35.6,18.9,24.1,78.5,8.4,33.4,41.8,21.3,14.3,7.3,4.8,4.4,23.5,21,-4.3,2016
10,Utah Jazz,12,7,5,0.583,48,97.5,35.8,78.3,45.7,8.9,25.3,35.2,16.9,22.3,76,7.9,33.3,41.2,18.3,12.4,6.8,5.2,4.4,20.5,20.5,3.7,2016
13,Milwaukee Bucks,9,5,4,0.556,48.6,103.9,39.1,84.8,46.1,7.8,23.6,33,17.9,22.3,80.1,10.3,34.9,45.2,24.1,15.6,9.2,5.2,5,21.9,20.2,1.9,2016
14,Detroit Pistons,11,6,5,0.545,48,98.3,38.5,87,44.2,6.1,19.3,31.6,15.3,20.1,76,9.6,34.9,44.5,20.5,12.3,7.6,4.5,4.2,16.9,17.9,2.1,2016
14,Oklahoma City Thunder,11,6,5,0.545,48.5,103.1,38.5,88.1,43.8,8.3,24.9,33.2,17.7,24.4,72.8,11.5,35.2,46.6,20,16.7,7.5,4.9,6.7,21.8,19.9,0.4,2016
16,Boston Celtics,10,5,5,0.5,48,107.9,39.6,86.5,45.8,10.8,29.9,36.1,17.9,23.7,75.5,10.2,31.5,41.7,25.2,12.9,7.7,4.9,6,23.2,20.9,-0.2,2016
16,Memphis Grizzlies,10,5,5,0.5,49,97.5,34.9,82.8,42.1,8.3,25.8,32.2,19.4,24.8,78.2,10.4,31.2,41.6,19.5,15.5,8.6,4.9,4.8,25.5,23.7,-4.4,2016
18,Indiana Pacers,11,5,6,0.455,49.4,106.5,41,89.2,46,8.5,23.7,35.6,16.1,20.6,78,9.1,33.5,42.6,24.6,14.7,9.7,6.5,5.4,20.9,20,-1.5,2016
19,New York Knicks,10,4,6,0.4,48,101,38.7,86.7,44.6,7.9,23.2,34.1,15.7,20.7,75.8,11.6,33,44.6,20.8,14.9,6.7,5.5,4.8,22.4,19.8,-5.5,2016
20,Brooklyn Nets,11,4,7,0.364,48,106.4,38.3,85.6,44.7,11.3,34.7,32.5,18.5,22.9,81,9.3,36.1,45.4,20.7,17.5,8.5,4.5,5.2,20.9,20.4,-4.5,2016
20,Orlando Magic,11,4,7,0.364,48,92.6,35.1,85.5,41,8,25.3,31.7,14.5,20.1,71.9,10.9,32.4,43.3,21.1,12.4,5.5,5.2,5.6,17.5,19.2,-10,2016
20,Sacramento Kings,11,4,7,0.364,48.9,99.8,36.5,81.9,44.6,7.3,22,33.1,19.5,25.2,77.3,9.8,31.5,41.4,21.2,14.3,7.2,3.6,5.9,22.5,22.6,-3.8,2016
23,Denver Nuggets,10,3,7,0.3,48.5,104.1,36.7,86.2,42.6,9,25.3,35.6,21.7,28.2,77,12.3,36.5,48.8,18.7,18.1,6.7,4.5,5.9,20.3,23.6,-4.1,2016
23,Minnesota Timberwolves,10,3,7,0.3,48,107.9,38.8,84.3,46,9.9,23.6,41.9,20.4,27.5,74.2,12.6,30.1,42.7,22.6,14.4,8.1,4.7,5.6,22.4,22.1,1.8,2016
25,Phoenix Suns,11,3,8,0.273,49.4,108.4,40.1,90.8,44.1,6.5,22,29.8,21.6,28.3,76.5,11.4,35.9,47.3,19.5,15.5,9,3.2,6.3,26.4,22.4,-7.3,2016
26,Dallas Mavericks,9,2,7,0.222,49.1,94.9,35.7,85.6,41.7,9.3,30.9,30.2,14.2,17.6,81,9.3,31.9,41.2,18.3,12.3,8.6,3.9,3.3,19.3,21.1,-6.4,2016
26,Washington Wizards,9,2,7,0.222,48.6,99.9,38.4,86.9,44.2,5.8,18.7,31,17.2,21.8,79.1,12.1,32.9,45,19.2,15.4,8,5,4.8,21.6,20.8,-4.2,2016
28,Miami Heat,10,2,8,0.2,48.5,94.4,36.5,86.3,42.3,8,22.8,35.1,13.4,19.7,68,10.8,33.5,44.3,19.8,14.4,8,6.2,4.9,21,17.7,-3.1,2016
29,New Orleans Pelicans,11,2,9,0.182,48.9,101.7,37.8,87,43.5,6.8,23.7,28.7,19.3,25.1,76.8,8.5,34.5,43,22.6,13.5,8.5,6.2,4,20.1,21.4,-7.4,2016
30,Philadelphia 76ers,10,1,9,0.1,49,95.6,36.1,84.9,42.5,9.5,27.8,34.2,13.9,19.2,72.4,8.1,34.2,42.3,21.1,17.3,8.3,5.9,6,20.7,18.4,-13.3,2016
1,Boston Celtics,11,9,2,0.818,48,103.5,37.3,83.7,44.5,11.5,30.9,37.1,17.5,23.1,76,10.4,37.1,47.5,23.3,14.5,8.6,3.8,4.5,20.4,20.7,9.1,2017
2,Golden State Warriors,11,8,3,0.727,48,118.5,43.7,85.5,51.2,13.6,33.4,40.9,17.5,21.4,81.7,9.8,35.2,45,30.5,16.8,8.3,8.8,4.4,21.4,17.6,10.1,2017
2,Houston Rockets,11,8,3,0.727,48,109.9,38.1,83.4,45.7,15.1,44.5,33.9,18.6,23.1,80.7,8.5,35.2,43.7,22,16.1,8.5,4.9,4.5,20.9,20.1,6.6,2017
4,Detroit Pistons,10,7,3,0.7,48,104.8,40.6,88.3,46,10.1,28.1,35.9,13.5,17.4,77.6,10.9,30.5,41.4,21.8,13.6,9.7,2.7,4.5,19.1,19,3.6,2017
4,Minnesota Timberwolves,10,7,3,0.7,48.5,109.4,40,84.5,47.3,8.8,23,38.3,20.6,25.9,79.5,10.7,32.1,42.8,22.7,16.4,8.2,4.2,5.3,18.9,22.8,-0.4,2017
6,Memphis Grizzlies,10,6,4,0.6,48,101.8,35.8,81.3,44,10.3,30.6,33.7,19.9,25.5,78,7.6,32.8,40.4,19.5,12.9,7.9,5.3,5.7,22.8,23.7,3.7,2017
6,Orlando Magic,10,6,4,0.6,48,109,40.7,87,46.8,11.8,29.5,40,15.8,19.9,79.4,8.2,35,43.2,24.3,15.9,7.8,4.9,4.7,21.1,18.9,2.7,2017
6,Portland Trail Blazers,10,6,4,0.6,48.5,107.2,37.7,86.7,43.5,10.2,25.9,39.4,21.6,26.4,81.8,11.9,36.7,48.6,19.4,15.1,6.9,6.3,6.6,22.3,21.2,6.3,2017
6,San Antonio Spurs,10,6,4,0.6,48,99.9,38,87.2,43.6,7.6,22.1,34.4,16.3,22,74.1,12.2,34.6,46.8,21.7,14.6,7.6,6.7,4.8,16.9,20.8,-0.1,2017
10,LA Clippers,9,5,4,0.556,48,107.6,38.3,85.9,44.6,10.4,29.3,35.6,20.4,26.9,76,12.9,34.8,47.7,20.2,14.4,8.6,4.3,5.9,21,23.3,5.6,2017
10,New York Knicks,9,5,4,0.556,48,104.7,40,86.6,46.2,8.1,25.3,32,16.6,21.4,77.2,11.3,34.8,46.1,22.6,16.3,7.4,5,4,21.8,22,-0.2,2017
10,Philadelphia 76ers,9,5,4,0.556,48,107.7,40.8,88.6,46,12.3,31.2,39.5,13.8,20.2,68.1,10.9,35.9,46.8,26.6,18,8.9,4.3,6.1,25,21.2,-0.9,2017
10,Toronto Raptors,9,5,4,0.556,48,107.8,39.3,84.7,46.5,9.6,31.3,30.5,19.6,25,78.2,9.2,32.6,41.8,21.9,14.6,9,5.9,5.6,23.1,21.6,5,2017
10,Washington Wizards,9,5,4,0.556,48.6,112.8,40.8,88.2,46.2,10.1,27,37.4,21.1,27.8,76,11.1,32.2,43.3,23.6,14.9,8.8,4.8,5.1,22,24.8,3.6,2017
15,Charlotte Hornets,10,5,5,0.5,48,104.1,37.5,84.5,44.4,9.5,26.4,36,19.6,28.7,68.3,9.6,39.2,48.8,19,13.8,5.6,4.3,4.3,19.2,23.8,-1,2017
15,Denver Nuggets,10,5,5,0.5,48,106,39.7,86.7,45.8,10.3,27.1,38,16.3,22.7,71.8,11.1,33.8,44.9,23.7,15.2,7.7,4,4.8,19.2,21.7,-0.3,2017
15,Indiana Pacers,10,5,5,0.5,48,110.3,41.8,87.1,48,9.8,25.2,38.9,16.9,22.3,75.8,9.5,33.3,42.8,23.6,14.5,8.1,4,6.3,19.9,20,1.2,2017
15,Los Angeles Lakers,10,5,5,0.5,48.5,106.5,41.3,87.5,47.2,7.4,23.6,31.4,16.5,22.7,72.7,8.3,37.8,46.1,23.1,17.4,8.3,5.5,5,21.7,20.4,-0.8,2017
15,New Orleans Pelicans,10,5,5,0.5,48.5,105.2,38.9,86.2,45.1,9.9,30.7,32.2,17.5,23,76.1,9.4,37.1,46.5,24.2,16.6,8.6,5.2,5.2,21.7,21.7,-0.4,2017
15,Utah Jazz,10,5,5,0.5,48.5,99.3,36.4,80.9,45,10.3,28,36.8,16.2,19.5,83.1,8.3,32.2,40.5,20.5,17.2,9.5,6.3,4.4,20.3,20.4,-0.8,2017
21,Milwaukee Bucks,9,4,5,0.444,48,103.9,39.2,81.3,48.2,10.7,27,39.5,14.8,18.8,78.7,5.9,31.8,37.7,24.4,14.6,7.1,4.1,3.6,23,18.3,-3.1,2017
21,Oklahoma City Thunder,9,4,5,0.444,48,104.3,39.7,87.1,45.5,11.1,31.9,34.8,13.9,19.1,72.7,10.4,31.4,41.9,22.3,14.9,10,6,4,22,19.7,7.2,2017
23,Brooklyn Nets,10,4,6,0.4,48,112.7,39.5,91.3,43.3,10.9,32.7,33.3,22.8,30.5,74.8,11.1,34.4,45.5,21.4,15.4,8.8,4.1,5.8,23,24.2,-3.9,2017
23,Cleveland Cavaliers,10,4,6,0.4,48,108.5,39.5,83.7,47.2,10.2,30.5,33.4,19.3,23.8,81.1,8.9,33.5,42.4,21.9,15.8,6.1,4.4,3.7,19.8,22.4,-4.9,2017
23,Miami Heat,10,4,6,0.4,48.5,101.2,38.5,85.2,45.2,10.8,31.5,34.3,13.4,17.4,77,8,34.2,42.2,21.1,17.1,8.3,5.5,5.2,22.3,19,-2.7,2017
26,Phoenix Suns,11,4,7,0.364,48,104.8,37.1,86.8,42.7,8.5,25.5,33.5,22.1,28.7,76.9,11.3,36,47.3,18.1,16.6,7.4,5.5,4.9,24.3,25.1,-10,2017
27,Chicago Bulls,8,2,6,0.25,48.6,91.9,34.3,87,39.4,10.5,32.6,32.2,12.9,16.5,78,11,38.4,49.4,21.3,16.9,6.3,4,3.6,17.5,15.8,-6.4,2017
28,Atlanta Hawks,11,2,9,0.182,48,103.1,37.9,86.2,44,10.1,26.3,38.4,17.2,21.2,81.1,8.7,33.2,41.9,21.1,15.3,8.5,4.2,4.5,21.8,20.8,-7.5,2017
29,Sacramento Kings,9,1,8,0.111,48,93.8,37.2,85.2,43.7,7.3,20.8,35.3,12,16.1,74.5,9.3,30,39.3,19.3,15.2,7.9,3.3,4,20,18.7,-12,2017
30,Dallas Mavericks,11,1,10,0.091,48,97.9,35.2,83.9,41.9,12.1,32.6,37,15.5,20.5,75.2,8.8,31.1,39.9,20.2,15,6.9,3.4,5.1,19,20.7,-9.9,2017
1,Golden State Warriors,11,10,1,0.909,48,123.5,45.8,88.3,51.9,13.3,31.4,42.3,18.5,22.5,82.3,9.6,37.4,47,30.5,15.2,7.8,5.9,3.4,23,20.5,13.7,2018
1,Toronto Raptors,11,10,1,0.909,48,117.4,44.7,90.8,49.2,11.7,33.5,35.1,16.2,20.5,78.8,10.2,36.1,46.3,26.1,13.9,8.5,6,4.7,23.5,20.6,9.4,2018
3,Denver Nuggets,10,9,1,0.9,48.5,111.8,41.8,89.9,46.5,9,28.6,31.5,19.2,25.7,74.7,12.4,36.2,48.6,25.3,14.1,9,5.2,5.9,21,23.5,9.4,2018
4,Milwaukee Bucks,10,8,2,0.8,48,120,43.4,91.2,47.6,15.6,41.1,38,17.6,21.9,80.4,10.1,43.1,53.2,26.4,15.9,5.7,6.1,5.3,21.5,21.4,12.7,2018
5,Portland Trail Blazers,11,8,3,0.727,48.5,117.3,42.5,90.3,47,11.6,32.3,36.1,20.7,24.3,85.4,11.5,40.3,51.8,20.5,14.9,6.2,4.6,5.9,21.7,21.8,9.9,2018
6,San Antonio Spurs,9,6,3,0.667,49.1,113.4,42.4,91.8,46.2,9,23.8,37.9,19.6,23.6,83,11.1,34.2,45.3,24.9,11.6,6.9,4,4.3,19.3,23,2,2018
7,Indiana Pacers,11,7,4,0.636,48,106.6,41.5,84.9,48.9,9.1,24,37.9,14.5,20.5,70.4,8.5,32.3,40.8,22.5,13.8,8.5,5.3,5.8,19.2,20.1,4.4,2018
8,Boston Celtics,10,6,4,0.6,48,104.2,38.4,89.2,43,12.9,36.7,35.1,14.5,19,76.3,9.9,37.5,47.4,23.6,13.6,6.4,5.4,3.2,22.5,20.8,2.9,2018
8,LA Clippers,10,6,4,0.6,48,116.2,40.9,86.1,47.5,10,25.1,39.8,24.4,29.5,82.7,9.6,36.9,46.5,22.3,15.9,5.6,5.7,6.2,24.8,25.3,6.4,2018
8,Sacramento Kings,10,6,4,0.6,48,118.7,45.7,92,49.7,10.8,27.1,39.9,16.5,25.3,65.2,9.9,35.9,45.8,25.4,15.2,8.3,4.8,6.3,22.7,23.8,-0.6,2018
11,Memphis Grizzlies,9,5,4,0.556,48,103.7,36.4,81.1,44.9,10.3,27.8,37.2,20.4,27.4,74.5,7.2,30.2,37.4,23.9,12.9,10.6,3.7,4.8,22.7,24,1.6,2018
11,Oklahoma City Thunder,9,5,4,0.556,48,113.2,41.8,93.1,44.9,9.1,30.4,29.9,20.6,29.8,69,12.6,33.8,46.3,22.4,14.3,11.7,5.7,4.4,25.4,26.3,1.9,2018
13,Charlotte Hornets,11,6,5,0.545,48,115.5,42.9,91.3,47,12.5,34.4,36.5,17.1,21.3,80.3,10.4,34.5,44.9,25.3,13.5,6.3,6.5,6.8,20.5,21.5,7.9,2018
13,Philadelphia 76ers,11,6,5,0.545,48.5,111.6,38.8,88.4,43.9,11.2,33,33.9,22.8,29,78.7,10.5,39.3,49.7,25.8,16.5,6.8,5.6,5.6,23.6,24.2,-1.3,2018
15,Brooklyn Nets,11,5,6,0.455,48.5,109.4,41,89.3,45.9,12.9,34.9,37,14.5,20.2,71.6,11,33,44,24.6,15.3,6.5,4.6,4.9,23,20.5,0.7,2018
16,Detroit Pistons,9,4,5,0.444,49.7,110.1,39.7,93,42.7,9.9,32.3,30.6,20.9,28.4,73.4,12.9,36.6,49.4,19.7,15.1,5.7,4,4.8,25.8,25.3,-2.9,2018
16,Houston Rockets,9,4,5,0.444,48,105.3,37.8,88.9,42.5,14,41.9,33.4,15.8,22.1,71.4,11,30.9,41.9,21.3,14.3,8.6,6.6,4.9,23.1,20.4,-4.8,2018
16,Miami Heat,9,4,5,0.444,48.6,113.3,40.4,91.4,44.2,12.4,34.2,36.4,20,28,71.4,12.6,36.3,48.9,22.6,16.2,7,6.9,7.6,23.3,25.7,0.8,2018
19,Los Angeles Lakers,10,4,6,0.4,48.5,118.9,46.3,93.7,49.4,9.8,28.6,34.3,16.5,23,71.7,9.7,34.7,44.4,25.6,15.4,8.9,6.4,5.7,23,21.8,-1.1,2018
19,New Orleans Pelicans,10,4,6,0.4,48,118.6,43.6,90.8,48,9.6,27.5,34.9,21.8,29.4,74.1,11.4,34.9,46.3,26.2,15.1,7.5,5.4,4.8,24.8,23.7,-2.1,2018
19,Orlando Magic,10,4,6,0.4,48,101.8,39.1,91.7,42.6,9.9,31.9,31,13.7,18.8,72.9,11,33.5,44.5,24.6,13.1,7.7,5.7,4.4,19.8,20.3,-8.7,2018
19,Utah Jazz,10,4,6,0.4,48,109.9,38.6,83.7,46.1,11.1,31.9,34.8,21.6,29.7,72.7,10,33.2,43.2,23.8,15.2,8.1,5.3,3.8,22.1,25.7,-0.3,2018
23,Minnesota Timberwolves,11,4,7,0.364,48,110.6,39.8,92.5,43,10.3,29.7,34.6,20.7,25.4,81.7,11.5,30.9,42.4,22.5,12.6,9.5,6.5,5.7,20.8,22.5,-7.1,2018
24,Atlanta Hawks,10,3,7,0.3,48,109.9,40.2,88.2,45.6,12.3,35.6,34.6,17.2,24,71.7,8.9,34.5,43.4,25.2,19.2,8.6,6.2,5,23.5,23.2,-9.6,2018
24,Dallas Mavericks,10,3,7,0.3,48.5,111.6,40.6,89.3,45.5,12.4,35.4,35,18,23.7,75.9,10.8,33.1,43.9,23.9,16.9,6.6,4.8,4.4,21.8,25,-3.5,2018
26,Chicago Bulls,11,3,8,0.273,49.4,108,39.7,86.7,45.8,11.2,29.8,37.5,17.4,22.7,76.4,8.2,33.6,41.8,23.1,15.3,6.7,5.5,6.6,21.4,19.5,-7,2018
26,New York Knicks,11,3,8,0.273,48.9,106.9,40.2,92.5,43.5,9.8,29.8,32.9,16.7,21.1,79.3,12.4,32.8,45.2,20.1,14.7,7.5,3.5,6.3,22.5,21.4,-3.3,2018
28,Phoenix Suns,10,2,8,0.2,48,100.6,36.6,81.8,44.7,10.3,30.5,33.8,17.1,21.8,78.4,8.5,33.7,42.2,23.7,18.9,6.2,2.8,4.8,24,21.6,-13.2,2018
28,Washington Wizards,10,2,8,0.2,48.5,110.2,39,88.6,44,10.6,33.9,31.3,21.6,27.3,79.1,8.5,31.3,39.8,22.3,14.4,8.1,7,5.1,23.7,23.2,-10.3,2018
30,Cleveland Cavaliers,10,1,9,0.1,48,105.5,39.5,87.5,45.1,8.1,22.8,35.5,18.4,22.4,82.1,11.8,29.6,41.4,20.6,15,8.1,1.8,5.7,21.7,20.3,-10.8,2018
1,Boston Celtics,9,8,1,0.889,48,113.4,40.9,90.7,45.1,12.7,35,36.2,19,24.4,77.7,9.3,37.1,46.4,23.9,11.4,8,6.7,5.9,22.8,24.1,9.4,2019
2,Los Angeles Lakers,10,8,2,0.8,48.5,109.9,42.6,90.3,47.2,9.3,29.2,31.8,15.4,21,73.3,9.6,36.7,46.3,26.5,14.6,7.9,7.5,3.7,21.2,20.8,8.3,2019
3,Utah Jazz,11,8,3,0.727,48,104.5,37.1,80.5,46,10.8,29,37.3,19.5,26,75.2,7.1,37,44.1,20,16.5,6.9,3.7,4.5,22.9,23.9,5,2019
4,Denver Nuggets,10,7,3,0.7,49,105.1,38.8,90.2,43,10.2,29.5,34.6,17.3,22.4,77.2,10.9,34.6,45.5,24.7,13.9,7.8,5.1,5.7,22,22.5,2.3,2019
4,Houston Rockets,10,7,3,0.7,48,120.3,40.8,91.3,44.7,15.7,46.7,33.6,23,30.1,76.4,10.1,36.6,46.7,23.2,16.8,8.2,5.7,4.9,22.4,23.1,1.9,2019
4,LA Clippers,10,7,3,0.7,48,111.9,40,87.5,45.7,9.7,29.9,32.4,22.2,28.3,78.4,11.5,36.8,48.3,21.6,16.7,7.2,5.5,5.2,23.8,25.7,5,2019
4,Miami Heat,10,7,3,0.7,48.5,111.7,39.4,84.4,46.7,12.7,33.1,38.4,20.2,27.6,73.2,8.7,35.9,44.6,25.9,18.5,9.6,5.5,4.9,23.8,24.2,6,2019
4,Milwaukee Bucks,10,7,3,0.7,48.5,119.9,43.4,91.8,47.3,14.7,42,35,18.4,25.6,71.9,9.1,42.6,51.7,24,14.9,7.4,6.1,3.7,23.1,23.3,8.1,2019
4,Philadelphia 76ers,10,7,3,0.7,48,109.7,41.2,88.7,46.4,10.3,30.8,33.4,17,23.1,73.6,10.7,36.8,47.5,25.8,18.3,10.2,6.1,4.3,24.3,21.7,4.4,2019
4,Toronto Raptors,10,7,3,0.7,48.5,112.5,39.6,86.3,45.9,14.1,35.8,39.4,19.2,23,83.5,7.1,39,46.1,25.1,17.1,7.8,5.4,6,22.6,22,5.8,2019
11,Indiana Pacers,11,7,4,0.636,48.5,109.5,43.2,91.2,47.4,8.4,24.3,34.5,14.7,17.6,83.5,10.4,34.5,44.8,25.7,13.5,7.3,5.5,4.5,23,19.5,5.5,2019
12,Dallas Mavericks,10,6,4,0.6,48.5,115.3,41,90.3,45.4,13.9,39.9,34.8,19.4,25.5,76.1,11.2,36.6,47.8,24,14.2,5.5,4.4,4.6,20.3,24.2,3,2019
12,Minnesota Timberwolves,10,6,4,0.6,49.5,116,41.8,96.1,43.5,12.4,40.3,30.8,20,26.6,75.2,11.7,35.4,47.1,23.8,16.6,10.1,6.4,6,21.8,24.7,-0.4,2019
12,Phoenix Suns,10,6,4,0.6,48.5,116.6,42,88.5,47.5,13.5,34.8,38.8,19.1,23.8,80.3,7.4,35.1,42.5,28.5,15.1,7.6,4.1,5.3,25.1,25.5,6.2,2019
15,San Antonio Spurs,10,5,5,0.5,48,112.2,41.6,90.6,45.9,9.3,26.5,35.1,19.7,25.2,78.2,12.2,36.7,48.9,24,15.3,5.7,5.5,5.3,19.8,22,-0.5,2019
16,Atlanta Hawks,10,4,6,0.4,48.5,106.5,39.9,86.3,46.2,9.9,32.4,30.6,16.8,24.2,69.4,9.7,34.1,43.8,23.4,17.4,8.1,5.3,7.6,22.2,21.6,-3.6,2019
16,Brooklyn Nets,10,4,6,0.4,49,119.2,43,92.3,46.6,13.6,36,37.8,19.6,26.8,73.1,11.3,37.3,48.6,23.5,18.2,7.1,5.4,5.6,23.8,23,-2.2,2019
16,Charlotte Hornets,10,4,6,0.4,48.5,105.8,38.4,86.1,44.6,12.2,33.8,36.1,16.8,23.5,71.5,10.4,31.5,41.9,23.7,18,6.8,3.6,5.9,20.4,22.5,-7.4,2019
16,Cleveland Cavaliers,10,4,6,0.4,48,106.1,38.5,88.2,43.7,10.3,31.7,32.5,18.8,23.6,79.7,10.3,35.7,46,20.4,14.1,7.4,3.7,6.8,18,22.2,-0.9,2019
16,Sacramento Kings,10,4,6,0.4,48,105.6,38.5,86.8,44.4,13,35,37.1,15.6,20.9,74.6,10.9,31.2,42.1,21.5,16.4,7.6,5,4.8,22.8,20.4,-4.7,2019
21,Chicago Bulls,11,4,7,0.364,48,106.7,39.1,89.9,43.5,11.2,34.5,32.4,17.4,23.8,72.9,9.9,32.8,42.7,22.9,14.9,9.5,4.2,6.7,22.4,22,-2.5,2019
21,Oklahoma City Thunder,11,4,7,0.364,48,105.3,38.2,84.5,45.2,11,30.2,36.4,17.9,23.7,75.5,8.3,35.7,44,21.5,16,7.8,4.6,5.2,20.5,22.7,-0.7,2019
21,Portland Trail Blazers,11,4,7,0.364,48.5,112.7,40.9,91.8,44.6,11.6,32.5,35.9,19.3,23.6,81.5,10.5,36.2,46.7,17,14.9,6.5,6,6,24.6,21.9,-1.2,2019
24,Detroit Pistons,12,4,8,0.333,48,108.9,38.9,83,46.9,11.8,29.4,40.2,19.3,25.3,76,9.2,31.9,41.1,24.7,17.3,6.9,5.4,4,21.2,21.9,-3.6,2019
25,Memphis Grizzlies,10,3,7,0.3,48.5,109.1,41.6,91.7,45.4,9.4,29.7,31.6,16.5,21.5,76.7,10.2,35.7,45.9,26.4,17.2,8.2,6,6.1,23.8,20.6,-9.9,2019
25,Orlando Magic,10,3,7,0.3,48,98.1,37,88.3,41.9,8.7,30.8,28.2,15.4,19.5,79,11.1,35.8,46.9,21.9,13.2,8.4,7.2,4.4,19.2,19,-1.2,2019
27,Washington Wizards,8,2,6,0.25,48,113.4,42.8,94.4,45.3,12.3,35.9,34.1,15.6,18.9,82.8,11.5,32.3,43.8,25.8,16.1,6.5,5,6.3,23.3,21,-4.1,2019
28,New Orleans Pelicans,10,2,8,0.2,48.5,117,43.2,94,46,14.4,39.9,36.1,16.2,22.6,71.7,11.2,34.8,46,26.8,17.9,9,5,4.4,25.2,22.2,-5.4,2019
29,Golden State Warriors,11,2,9,0.182,48.5,111.7,39.9,91.1,43.8,10.4,31,33.4,21.5,24.9,86.5,10.5,33.9,44.5,24.2,14.5,7.7,3.5,5.2,20.1,20.5,-9.5,2019
29,New York Knicks,11,2,9,0.182,48,99.5,35.8,86,41.6,10.5,29.7,35.5,17.3,26.5,65.1,12.6,33.3,45.9,20.3,16.6,8.8,4.5,4.3,23.9,21.5,-10.8,2019
1,Los Angeles Lakers,11,8,3,0.727,48,114.5,43.3,87.8,49.3,12,31.2,38.5,15.9,20.8,76.4,9.9,38.3,48.2,25.2,15.5,6.5,6.2,4.6,18.8,20.1,8.3,2020
2,Boston Celtics,10,7,3,0.7,48,113,42.6,88.8,48,12.2,31.1,39.2,15.6,20.8,75,11.6,33.6,45.2,23.2,15.7,9.1,6.6,5.5,21.4,19.7,1.8,2020
3,LA Clippers,11,7,4,0.636,48,111.8,40.2,85.1,47.2,14.6,34.5,42.4,16.8,20,84.1,9.5,31.6,41.1,24.6,14.5,7.5,5,2.8,21.9,18.2,1,2020
3,Milwaukee Bucks,11,7,4,0.636,48,121.9,45,91.1,49.4,16.3,39.6,41.1,15.6,20.6,75.8,10.6,36.7,47.4,26.2,15.3,9.4,4.8,5.2,19.5,18.6,11.6,2020
3,Philadelphia 76ers,11,7,4,0.636,48,111.3,41.4,87.8,47.1,11.5,32.1,36,17,22.3,76.3,9.2,38.2,47.4,25.3,16.6,8,7.2,4.9,20.1,20.5,2.5,2020
3,Phoenix Suns,11,7,4,0.636,48.5,110.5,40.3,85.9,46.9,13.9,37.9,36.7,16,19.4,82.6,7.7,34.6,42.4,25.9,12.6,5.5,4.5,3.5,21.2,19.9,3.7,2020
7,Golden State Warriors,10,6,4,0.6,48,113.7,39.9,90.3,44.2,13.6,38.7,35.1,20.3,25.1,80.9,8.3,35.7,44,24.9,14.5,7.3,6.1,5.2,23.5,22.4,-2.9,2020
7,Indiana Pacers,10,6,4,0.6,48.5,115.7,44,90.1,48.8,12.4,34,36.5,15.3,20.2,75.7,8,33.7,41.7,26.4,13.4,9.5,5.4,6.1,22.6,19,4.1,2020
7,Portland Trail Blazers,10,6,4,0.6,48.5,117.3,41,91.9,44.6,16.1,42.3,38.1,19.2,24,80,8.2,36.2,44.4,22.2,11.8,8.5,4.3,5.4,20.5,20.9,1.9,2020
7,Utah Jazz,10,6,4,0.6,48,109.5,40.4,89.2,45.3,15.1,40.3,37.5,13.6,19.5,69.7,11.6,38.8,50.4,22.1,15.1,5.2,5.5,5.3,17.6,19.2,0.9,2020
11,Dallas Mavericks,9,5,4,0.556,48.6,110,38.3,84.1,45.6,13.7,38.9,35.1,19.7,25.7,76.6,7.9,35.2,43.1,22.6,13.8,8.3,4,3.3,21.8,22.9,4.3,2020
11,Oklahoma City Thunder,9,5,4,0.556,48,104.9,38.6,85.6,45.1,13.6,40.4,33.5,14.2,19.9,71.5,7,37.7,44.7,22.2,15.4,7,5.2,3.3,18.4,19.2,-4,2020
13,Charlotte Hornets,11,6,5,0.545,48,108.5,38.9,86.7,44.9,13.1,35.6,36.7,17.5,23.5,74.5,10.3,33.5,43.8,28.9,15,9.4,5.5,4.9,19.5,19.9,0.9,2020
13,Orlando Magic,11,6,5,0.545,48,106.1,39.8,91.4,43.6,9.6,29.6,32.5,16.8,20.7,81.1,11.8,35,46.8,21,13.5,7.6,3,5.6,17.2,19.5,-4.2,2020
15,Atlanta Hawks,10,5,5,0.5,48,113.9,39.3,89.9,43.7,14,39,35.9,21.3,26.3,81,12.4,37.3,49.7,24.4,14.4,6.4,3.5,5.6,21.1,20.6,4.4,2020
15,Denver Nuggets,10,5,5,0.5,49,116.5,43.2,87.5,49.4,12.5,33.5,37.3,17.6,23.7,74.3,10.1,32.6,42.7,27.1,15,8,4.3,4.2,20.8,22.7,3.7,2020
15,Miami Heat,8,4,4,0.5,48,108.5,39.1,81.5,48,12.6,34.9,36.2,17.6,23,76.6,6.1,37.8,43.9,26.8,17.5,7.3,3.6,3.4,20.6,21.6,-1.1,2020
15,San Antonio Spurs,10,5,5,0.5,48.5,111.1,42,94.4,44.5,12.1,30.9,39.2,15,19.4,77.3,9.3,36.1,45.4,25.5,10.8,6.6,5.1,6.3,17.8,19.4,-2,2020
19,Brooklyn Nets,11,5,6,0.455,48.5,118.5,42.3,88.5,47.8,14,36.5,38.4,20,24.7,80.9,8.7,38.2,46.9,25.5,16.4,7.4,5.8,4.1,19.5,21.5,5.5,2020
19,Cleveland Cavaliers,11,5,6,0.455,48.9,100,38.8,86.9,44.7,9.7,27.5,35.3,12.6,19.4,65.3,11,32.8,43.8,23.7,16.6,10.5,4.8,4.8,19.5,18.5,-2.8,2020
19,New York Knicks,11,5,6,0.455,48,100.1,37.5,84.7,44.3,9.5,27.3,34.7,15.5,21.2,73.4,10.6,35.7,46.4,22.2,15.8,6.8,4.8,6.4,20.5,19.7,-5.4,2020
19,Sacramento Kings,11,5,6,0.455,48.5,113.7,41.2,88.3,46.7,11.2,30.8,36.3,20.2,28,72.1,10.5,33.7,44.2,24.6,14.3,6.5,5.6,5.5,20.5,21.7,-7.4,2020
23,New Orleans Pelicans,9,4,5,0.444,48.6,107.1,39,85.6,45.6,10.2,31.8,32.2,18.9,26.6,71.1,11.3,37.1,48.4,23.3,16.7,8.6,3.9,5,17.3,22.4,0.6,2020
24,Memphis Grizzlies,10,4,6,0.4,48.5,105.4,40.7,91,44.7,10.4,31.3,33.2,13.6,17.5,77.7,10.3,35.7,46,26.2,15.2,9.6,5.2,6.1,17.9,17.1,-2.6,2020
25,Houston Rockets,8,3,5,0.375,48.6,112.8,40.3,84.9,47.4,13.3,38.6,34.3,19,24.9,76.4,7.9,34.5,42.4,23.1,15.1,7.3,7,5.4,20.5,21,0,2020
26,Chicago Bulls,11,4,7,0.364,48,116.1,41.9,87.9,47.7,13.4,35.5,37.7,18.9,23.2,81.6,8.4,35,43.4,24.9,17.8,7.5,3.6,4.5,21.5,22.3,-5,2020
27,Minnesota Timberwolves,10,3,7,0.3,48.5,108.8,40.7,91.5,44.5,11.5,34.1,33.7,15.9,21.4,74.3,11.7,33.2,44.9,23.5,14.9,7.9,4.9,5.3,20.9,19.5,-10,2020
28,Washington Wizards,11,3,8,0.273,48,120.5,43.9,91.9,47.8,13,33.5,38.9,19.6,26.6,73.7,9.1,33.7,42.8,27.3,13.5,7.3,3.5,4.4,24.6,22.3,-0.8,2020
29,Detroit Pistons,10,2,8,0.2,49.5,108.8,38.7,92.7,41.7,12.8,38.3,33.4,18.6,23,80.9,11.1,32.7,43.8,23.6,13.5,8.4,4.5,6,19.7,21.4,-6.6,2020
29,Toronto Raptors,10,2,8,0.2,48,111.1,39.3,89.4,44,15.6,42.8,36.4,16.9,21.5,78.6,9.6,33.9,43.5,23.6,14.3,8.4,6,6.6,23.3,19.3,-1.4,2020