#,Team,GP,W,L,MIN,OPP FGM,OPP FGA,OPP FG%,OPP 3PM,OPP 3PA,OPP 3P%,OPP FTM,OPP FTA,OPP FT%,OPP OREB,OPP DREB,OPP REB,OPP AST,OPP TOV,OPP STL,OPP BLK,OPP BLKA,OPP PF,OPP PFD,OPP PTS,+/-,Year
1,Philadelphia 76ers,10,10,0,48,33,80.7,40.9,4.5,14.8,30.4,14.7,22,66.8,14.1,27.7,41.8,18.4,18.3,8,5.4,5.4,28.1,23,85.2,-11.1,2000
2,Dallas Mavericks,12,8,4,48,35.5,78.8,45,4.3,13.7,31.7,19,27.3,69.5,13,32,45,21.8,17.3,7.8,4.1,6.8,23.9,23.8,94.3,2.1,2000
3,Los Angeles Lakers,11,7,4,48.5,35.1,80.1,43.8,5.3,15.5,34.1,19.5,25.6,76.2,11.6,28.5,40.2,20.2,13.9,7.2,4.5,6,24.1,22.2,95,-2.7,2000
3,New York Knicks,11,7,4,48.5,31.9,75.5,42.3,5.5,15.2,35.9,15.5,22.5,68.8,10.7,30.2,40.9,20.6,16.4,6.9,4.5,4.7,20.8,22.7,84.7,-2.3,2000
3,Phoenix Suns,10,7,3,48,31.4,76.6,41,3.4,11.6,29.3,21.8,28.1,77.6,10.9,28.2,39.1,18.9,20.1,9.6,4.9,6.2,24,25.5,88,-7.3,2000
3,Portland Trail Blazers,12,7,5,48.4,34.1,79.4,42.9,4.4,13.8,31.9,18.2,24.6,73.9,12.3,26.8,39,20.2,15.4,8.2,4.3,7.3,21.3,23.3,90.8,-2.8,2000
3,Sacramento Kings,10,7,3,50,35.5,82.5,43,3.2,10.4,30.8,17.7,23.8,74.4,12.3,31.6,43.9,20.4,19.7,7.1,4.9,4.4,24.1,20.8,91.9,-9.5,2000
3,San Antonio Spurs,10,7,3,48.5,36.8,84.1,43.8,4,11.8,33.9,11.6,17.3,67.1,11.4,30.1,41.5,21.6,14.8,8.2,6.8,5.5,25.1,19.2,89.2,-4.5,2000
3,Utah Jazz,10,7,3,48.5,31.6,75.7,41.7,4.9,14,35,21.8,28.7,76,10.8,26.5,37.3,18.6,16,7.9,5.6,6.2,26.2,27.6,89.9,-7.3,2000
10,Charlotte Hornets,12,6,6,48.4,32,78,41,4.2,12.8,32.5,18.9,24.6,76.9,11,29,40,18.5,15.7,7.4,4.8,5.3,24.5,22.2,87.1,-3,2000
10,Cleveland Cavaliers,9,6,3,49.1,32.9,79,41.6,4.4,12.2,36.4,22.9,30.2,75.7,12.4,27.9,40.3,20.8,17.1,8.8,5.9,6.2,22.7,27.3,93.1,1.8,2000
10,Denver Nuggets,11,6,5,48.5,37.8,83.9,45.1,4.5,14.6,31.1,19.3,25.5,75.4,12.8,30.7,43.5,24.5,15.1,6.5,6.4,7,24.5,24.6,99.5,2.7,2000
10,Houston Rockets,11,6,5,48,35.2,76.7,45.9,4.5,11.1,40.2,16.1,22.2,72.5,11.4,27.9,39.3,19.9,16.5,6.5,4.5,3.9,23,21.1,90.9,-2.7,2000
10,Minnesota Timberwolves,10,6,4,49,35.1,78.9,44.5,2.9,10.2,28.4,21.2,29.3,72.4,11.9,29.6,41.5,19,16.3,7.6,4.6,5.9,21.6,26,94.3,-2.2,2000
10,New Jersey Nets,10,6,4,48,33.6,76.4,44,5.1,12.9,39.5,19,28.2,67.4,13,31.6,44.6,19.5,20.7,6.8,6.2,6.2,23.4,25.4,91.3,-2.8,2000
16,Indiana Pacers,9,5,4,48,32.4,75.7,42.9,3.4,11.4,30.1,21.1,26.4,79.8,11,30,41,19,16.7,7.2,6,5.4,24.6,24.4,89.4,-2.7,2000
16,Miami Heat,10,5,5,48.5,31.9,74,43.1,3.8,13.2,28.8,16.8,23.9,70.3,10.6,31.1,41.7,17.3,18.8,7.7,6.1,5,22.9,23.4,84.4,-1.7,2000
16,Toronto Raptors,10,5,5,48,37.7,85.1,44.3,3.9,11.4,34.2,13,19,68.4,11.5,29.3,40.8,20.6,13.6,8,6.4,6.5,24.6,21.3,92.3,-3.7,2000
19,Boston Celtics,10,4,6,48.5,36.5,79,46.2,5.1,14.1,36.2,20.8,27.1,76.8,10.1,32.7,42.8,22.3,17.7,8.1,6.4,4.5,24.8,24.4,98.9,4.4,2000
19,Detroit Pistons,11,4,7,48,34.7,84.2,41.3,5.5,15.6,34.9,21.8,29.6,73.6,14.2,30.1,44.3,23.2,15.5,9.9,4.4,5.2,24.4,26.9,96.7,2.6,2000
19,Los Angeles Clippers,12,4,8,48.4,34,81.9,41.5,4.3,12.6,34.4,18.5,25.8,71.6,12.3,27.3,39.6,20.7,13.3,7.8,5.7,5.4,23.9,23.4,90.8,3.8,2000
19,Orlando Magic,11,4,7,48.9,34.9,78,44.8,4.9,14,35.1,23.1,31.5,73.2,13.5,32.1,45.6,23.7,22.5,10.7,5.4,6.2,25.6,26.1,97.8,4.5,2000
19,Seattle SuperSonics,11,4,7,48,38.4,84.5,45.4,4.5,14.8,30.7,15.5,22.7,68.4,14.6,30.3,44.9,21.3,17.4,10.5,5.7,5,24.2,21.7,96.8,3,2000
19,Vancouver Grizzlies,10,4,6,48,33.2,76.5,43.4,4.4,13.1,33.6,16.8,24.7,68,11.4,31.3,42.7,19,17.6,7.2,6.8,3.3,22.3,23.4,87.6,-1.2,2000
25,Milwaukee Bucks,9,3,6,48,35,78.8,44.4,6.4,16.9,38.2,20.8,26.4,78.6,13.1,31.2,44.3,22.4,16.9,6.6,4.6,4.9,24.2,25,97.2,4.3,2000
25,Washington Wizards,11,3,8,48,32.9,77.7,42.3,5,14.2,35.3,21.7,29.7,73.1,10.3,31.2,41.5,19.7,15.8,8.2,6,6.3,24.8,25.9,92.5,2.8,2000
27,Golden State Warriors,10,2,8,49,38,84.8,44.8,5.7,15,38,19.5,25.6,76.2,11.4,33.8,45.2,25.5,16.4,9.3,7,5.6,23,22.6,101.2,8.5,2000
28,Atlanta Hawks,11,1,10,48,35.5,73.7,48.1,5.6,13.5,41.9,22.1,29.2,75.7,10.7,28.9,39.6,19,16.7,8.5,6.5,3.6,22.5,24.9,98.6,10.4,2000
28,Chicago Bulls,10,1,9,48,36.1,77,46.9,4.5,11.9,37.8,20.7,29.5,70.2,12.2,31.5,43.7,24.4,14.5,7.1,6.3,5.6,23.8,25.2,97.4,14.9,2000
1,Los Angeles Lakers,10,9,1,48.5,34.6,85,40.7,3.4,14.7,23.1,20.3,26.9,75.5,14.5,31.9,46.4,19.9,16.2,8.3,5,7.7,26.4,23.4,92.9,-8.1,2001
1,Minnesota Timberwolves,10,9,1,49,33.5,80.4,41.7,6,16.3,36.8,17.2,26.2,65.6,12.1,27.1,39.2,19.8,14.6,6,3.9,5.6,21.2,22,90.2,-11.7,2001
3,Sacramento Kings,11,8,3,48,35.3,83.9,42,2.9,11.7,24.8,17.8,23.6,75.4,11.5,31.5,43.1,21.3,14.9,7.5,5.5,4.6,22.3,19.6,91.3,-10.7,2001
4,Detroit Pistons,9,7,2,48,33.3,80.9,41.2,5,13.1,38.1,15.4,19.4,79.4,12.2,31.2,43.4,17.3,17,6.1,3.4,6.9,21.4,21.1,87.1,-10.8,2001
4,Houston Rockets,12,7,5,49.3,37.5,83.8,44.8,3.3,11.3,29.6,14.5,19.7,73.7,12.2,31.7,43.8,19.5,12.3,6.7,4.6,3.8,21.6,16.8,92.8,0.1,2001
4,Indiana Pacers,13,7,6,48.8,36.9,82.7,44.7,5.2,15,34.9,19.8,27.1,73.3,12.8,31,43.8,22.8,15.5,7,4.4,5.6,22.7,23.3,98.9,-2.2,2001
4,New Jersey Nets,10,7,3,48.5,34.7,83.2,41.7,5.3,15.4,34.4,16.5,22.4,73.7,11.9,31.2,43.1,19.7,16.2,9.3,5.6,8.3,21.3,21.1,91.2,-4,2001
4,San Antonio Spurs,9,7,2,48,35,81.1,43.2,5.2,12.8,40.9,19.7,24.7,79.7,11.9,29.2,41.1,17.4,14.3,7.6,4.2,6.7,24.9,20.2,94.9,-7.3,2001
4,Toronto Raptors,12,7,5,48,34.6,81.5,42.4,3.8,11.5,33.3,20.2,26.6,75.9,13.6,31.4,45,20.5,16.3,6.9,6,8.8,22,23.3,93.2,-2.7,2001
10,Dallas Mavericks,11,6,5,48,37.9,81.8,46.3,5.1,15,33.9,18.4,22.7,80.8,12.2,32.7,44.9,22.8,13.8,6.7,4.7,4.7,20.3,19.6,99.3,2.5,2001
10,Denver Nuggets,11,6,5,48.5,35.5,79.4,44.8,5.5,15.5,35.9,19.5,26.2,74.3,11.8,29.5,41.4,22.8,13.2,6.7,6.9,5.2,20.9,22.9,96.1,-0.9,2001
10,Golden State Warriors,12,6,6,48.4,35.1,82.5,42.5,4,12.3,32.7,19.4,26.3,73.7,12.3,27.8,40.1,22.1,14,8.9,7.9,6.4,24.3,22,93.6,1.3,2001
10,Milwaukee Bucks,7,6,1,48.7,36.6,80.6,45.4,4.7,13.7,34.4,19.7,23.9,82.6,12.3,29.4,41.7,24,14.6,7,3.4,4.3,22.9,22.4,97.6,-3.1,2001
10,Portland Trail Blazers,12,6,6,48,35.1,77.3,45.4,6.5,15.4,42.2,17.4,24.3,71.8,11.8,28.8,40.6,22.7,15.9,6.3,5.6,4.6,20.5,22.2,94.1,-0.8,2001
15,Boston Celtics,8,5,3,48,36.3,79.5,45.6,5.4,14.9,36.1,17.8,22.4,79.3,9.9,34,43.9,21.6,15.1,6,5.3,3.6,19.8,20.1,95.6,-5.3,2001
15,Charlotte Hornets,10,5,5,48,33.8,79.9,42.3,4.7,12.3,38.2,23.1,29.5,78.3,10.9,29.8,40.7,19.3,12.7,8.4,5.1,5.5,20.7,22.9,95.4,3.2,2001
15,Los Angeles Clippers,11,5,6,48.9,37.8,86.8,43.6,5.2,15,34.5,18.8,25.1,75,13.7,29.4,43.1,24.6,14.1,7.8,6.2,7.2,24.5,23.2,99.6,-1.3,2001
15,New York Knicks,12,5,7,48,33.3,78.6,42.4,4.3,12,36.1,17.9,23.5,76.2,11.2,31.7,42.8,21.3,14.3,8.8,5.2,3.2,21.5,21.4,88.9,2.1,2001
15,Orlando Magic,11,5,6,48.9,35.8,82.9,43.2,4.5,14.1,32.3,23.2,32.4,71.6,15.5,32,47.5,23.2,16.8,8,6.6,6,23.5,25.1,99.4,-2.9,2001
15,Philadelphia 76ers,10,5,5,48,31.3,76.2,41.1,3.7,13.8,26.8,18.6,24,77.5,11.6,28.5,40.1,19.3,14.3,8.6,5.7,4,21,20.3,84.9,-1.4,2001
15,Phoenix Suns,11,5,6,48,36,78.4,45.9,5.8,15.8,36.8,19.1,28.4,67.3,11.5,30,41.5,21,16.7,8.3,5.9,3.7,18.2,23.5,96.9,-1.3,2001
15,Seattle SuperSonics,12,5,7,49.3,36.9,83.8,44,5.8,17,33.8,19,25.3,75,14,30.4,44.4,21.8,15.3,7.3,4.7,4.1,20.2,23.8,98.6,1.3,2001
23,Utah Jazz,11,4,7,48.5,35.9,78.7,45.6,6.8,16.3,41.9,22.3,28.4,78.5,12.4,25.2,37.5,22.7,15.7,10.4,6.2,6.9,26.5,24.1,100.9,5.2,2001
24,Atlanta Hawks,11,3,8,48.5,36.6,82.1,44.6,6,15.5,38.8,18.8,24.9,75.5,11.9,29.1,41,22.7,15,9.1,6.5,4.5,21.8,21.4,98.1,6.5,2001
25,Cleveland Cavaliers,11,2,9,48,36.9,80.5,45.8,7.1,15.6,45.3,17.9,24.1,74.3,10.4,31.8,42.2,23.3,12.2,6.3,6.2,4.7,19.2,21.5,98.8,10.3,2001
25,Miami Heat,10,2,8,48.5,31.8,76.6,41.5,3.7,10.1,36.6,20.1,27.7,72.6,12.5,32.3,44.8,16.1,15.6,7.8,3.3,6.1,20.7,23.6,87.4,5.7,2001
25,Washington Wizards,10,2,8,48,36.2,78.3,46.2,5.5,14.2,38.7,19.3,24.8,77.8,11,31.6,42.6,20,14.8,7.2,4.8,3.4,22.6,22.7,97.2,5.8,2001
28,Chicago Bulls,10,1,9,48,36.8,79,46.6,6,15.6,38.5,19.5,26.5,73.6,10.5,31.7,42.2,25.8,13.8,8.3,5.9,3.9,22.4,22.2,99.1,16.6,2001
28,Memphis Grizzlies,9,1,8,48,38.9,82,47.4,4.1,13.4,30.6,18.8,25,75.1,12,33.8,45.8,25.7,15.3,8.8,5.9,6.1,23.4,21.3,100.7,10.9,2001
1,Dallas Mavericks,10,10,0,48,34,82.4,41.3,6.4,19.3,33.2,14.7,23,63.9,13,31.4,44.4,19.7,16.2,7.7,3.9,5.4,20.2,20,89.1,-14.4,2002
2,Detroit Pistons,11,8,3,48,30,74.2,40.4,3.1,8.5,36.6,17.2,23.2,74.1,9.4,29.1,38.5,17,16.5,8.3,4.1,6.5,24.8,23.7,80.3,-5.1,2002
2,Indiana Pacers,9,8,1,48.6,33,82.7,39.9,3.1,10.6,29.5,19.4,25.7,75.8,12,28.9,40.9,16.3,15.2,7.1,5.6,6.7,23.9,24.4,88.6,-8.3,2002
2,New Jersey Nets,11,8,3,48,34.2,80.3,42.6,5.4,14,38.3,15.2,20.6,73.6,11.5,29.5,41.1,18.5,18.9,8.5,5.7,5.9,22.4,20.9,88.9,-7.7,2002
2,Seattle SuperSonics,10,8,2,48,35.4,80.8,43.8,4,13.6,29.4,13.5,19.7,68.5,12.6,29.9,42.5,21.9,16.2,5.7,5.3,3.7,20,20.4,88.3,-6.6,2002
6,New Orleans Hornets,10,7,3,48.5,34.3,77.6,44.2,2.7,8.8,30.7,18.7,24.6,76,12.8,30.1,42.9,18.1,17.1,6.7,5.1,3.7,22.9,21.4,90,-4.8,2002
6,Philadelphia 76ers,10,7,3,49,33.8,76.2,44.4,6.2,16.2,38.3,19,26.1,72.8,8.9,31.2,40.1,21.3,18.5,7.3,7.3,3.5,25.2,24.2,92.8,-4,2002
6,Sacramento Kings,11,7,4,48,37.6,87.4,43.1,4,13.4,29.9,15,20.2,74.3,12.8,32.1,44.9,22.7,18.2,9.4,4.5,6.2,21.3,20.4,94.3,-6,2002
6,San Antonio Spurs,11,7,4,48.5,32.1,80.8,39.7,2.6,8.2,32.2,19.5,24.5,79.3,13.4,31.4,44.7,17.7,17.4,8.6,6.4,6.6,22.9,21.5,86.3,-5.5,2002
10,Atlanta Hawks,10,6,4,48,35.2,84.5,41.7,4.3,12.6,34.1,20,26.3,76,14.9,26.6,41.5,21,15.9,10.4,6.9,7.4,21,22.3,94.7,-3.6,2002
10,Boston Celtics,10,6,4,48.5,35.9,80.5,44.6,5.2,16.9,30.8,19,24.9,76.3,10.9,35.2,46.1,24.6,17.6,7.1,5.3,4.1,21.6,22,96,1,2002
10,Orlando Magic,11,6,5,48,39,82,47.6,4.3,11.2,38.2,21.8,28.4,76.9,12.1,30.6,42.7,21.4,16.2,7.9,4.5,4.4,23.2,24.7,104.1,-0.3,2002
10,Washington Wizards,11,6,5,48,33,78.8,41.9,3.7,12.8,29.1,18.1,22.8,79.3,11.5,29.3,40.8,20.2,16.7,7.4,4.2,4.6,24.9,22,87.8,-5.5,2002
14,Houston Rockets,8,5,3,48,34.1,81.3,42,4.4,13.4,32.7,16,20.9,76.6,13,29.9,42.9,20.5,13.4,7.8,5.8,6.6,21.3,19.8,88.6,-2.3,2002
14,Milwaukee Bucks,9,5,4,49.1,36.6,84.7,43.2,5.4,15.7,34.8,19.7,25.3,77.6,13.6,30.1,43.7,21.9,15.3,7.7,3.6,6,21.3,23.3,98.2,-3,2002
14,Minnesota Timberwolves,11,5,6,48,35.9,84.9,42.3,5.8,16.6,35,19.7,23.9,82.5,12.5,33,45.5,22.8,14.5,7.1,5.7,5.6,22.5,21.6,97.4,3.5,2002
14,Phoenix Suns,8,5,3,48,31.6,77.9,40.6,4.8,13.4,35.5,14.9,21.5,69.2,12.8,28.8,41.5,18.4,17,9.9,6.4,6.9,21.5,19.9,82.9,0.6,2002
18,Chicago Bulls,10,4,6,48.5,36.8,83.6,44,6,17.7,33.9,19,25.7,73.9,11.9,32.2,44.1,24.3,15.2,9,6,4.7,23.1,22.6,98.6,5.1,2002
18,Los Angeles Clippers,11,4,7,48.5,35.6,84,42.4,4.5,14.4,31,21.5,27.4,78.7,13.5,30.5,44,21.6,12.5,8.5,4.9,6.5,24.6,22.8,97.3,4.5,2002
18,Portland Trail Blazers,10,4,6,48.5,34.6,79,43.8,5.3,16.9,31.4,14.5,19.9,72.9,13.4,28,41.4,21.5,17.2,9.1,4.9,3.4,20.6,20.8,89,1,2002
18,Toronto Raptors,10,4,6,48.5,37.8,83.5,45.3,3.2,9.1,35.2,16.5,23.3,70.8,14.6,34,48.6,20.5,16.5,6.9,5.4,4.7,22.9,22.8,95.3,7.7,2002
18,Utah Jazz,11,4,7,48,33,75.5,43.7,5.4,15.7,34.1,22.5,27.9,80.8,10.9,25.7,36.6,18.9,16.7,9.2,5.3,5.2,25.5,24.3,93.9,2.9,2002
23,Golden State Warriors,12,3,9,48.4,38.8,86.2,45.1,5.2,12.8,40.5,18.7,25.8,72.5,14.8,27.9,42.7,22.3,14,8.4,6.2,7,24,23.5,101.5,2.7,2002
23,Los Angeles Lakers,10,3,7,49.5,34,79.5,42.8,4.2,12.5,33.6,21.9,30.3,72.3,12.1,34.6,46.7,19.1,16.3,7.7,5.5,5.9,21.6,23.1,94.1,3.1,2002
25,Cleveland Cavaliers,11,2,9,48,35.5,79.5,44.7,4.6,12.9,35.9,18.6,23.8,78.2,10.8,32.4,43.2,23,16.5,9,6.4,6.6,21.2,22.3,94.4,10.7,2002
25,Denver Nuggets,10,2,8,48,30.8,72,42.8,5.1,13.4,38.1,17.5,24.4,71.7,9.3,27.4,36.7,19.5,18.5,9.1,7.6,5.1,22.1,25,84.2,7.8,2002
25,New York Knicks,10,2,8,48.5,34.7,76.9,45.1,4,13.1,30.5,24.8,32.4,76.5,11.5,33.1,44.6,20.9,15.9,8.3,4.3,3.2,21.7,27,98.2,7.1,2002
28,Miami Heat,8,1,7,48,32.3,73.3,44,4.6,11.6,39.8,22.6,29.6,76.4,10,33.3,43.3,18.8,13.5,7.3,5,3.5,19.8,24.4,91.8,9.1,2002
29,Memphis Grizzlies,10,0,10,48.5,40.9,86.7,47.2,4.8,12.3,39,17.6,23.3,75.5,13.8,32.5,46.3,26.8,16,9,5.6,7,23.9,22.1,104.2,10.7,2002
1,Indiana Pacers,10,8,2,48.5,32.5,77,42.2,4.4,11.5,38.3,14,19.8,70.7,12.6,29.5,42.1,19,17.6,7.8,7.1,5.6,21.1,21.1,83.4,-4.3,2003
1,Los Angeles Lakers,11,8,3,48.9,35.4,82.5,42.9,5.6,16.3,34.6,19.8,25.5,77.9,11.1,32.4,43.5,20.8,15.4,8.7,4,4.8,27.4,22.6,96.2,-4.3,2003
1,New Orleans Hornets,11,8,3,48.9,35.7,80,44.7,5.2,17.2,30.2,18.1,22.6,79.9,12.4,28.5,40.9,23.4,17.3,7.1,5.7,4.1,21.1,22.2,94.7,-2.8,2003
4,Dallas Mavericks,11,7,4,48.5,36.5,84.6,43.1,6.3,18.4,34.2,14.9,20.2,73.9,13.2,31.8,45,22.7,15.2,8.4,4.9,5,22.2,18.7,94.1,-4.8,2003
4,Detroit Pistons,11,7,4,48.5,34.9,79.2,44.1,2.5,11.3,22.6,17.7,22.7,78,11.4,28.2,39.5,20.5,16.7,8.2,4.6,6.3,25.4,22.7,90.1,-5,2003
4,Houston Rockets,10,7,3,49,28.9,78.1,37,3,12.5,24,20.2,26.2,77.1,12.8,28.2,41,18.1,15.5,8.5,5,6.7,22.5,22.6,81,-8,2003
4,San Antonio Spurs,12,7,5,48.8,31.8,82,38.7,3.5,12.3,28.6,16.3,23.2,70.1,13.6,32.2,45.8,17.6,16,7.8,5,7.7,25.5,21.6,83.3,-4.5,2003
8,Minnesota Timberwolves,11,6,5,48.9,31.6,77.7,40.7,4.8,13.1,36.8,17,22.8,74.5,12.4,29.1,41.5,20,15.5,6.5,3.9,6,21.1,22.5,85.1,-3.2,2003
8,Sacramento Kings,10,6,4,49,39,84.5,46.2,3.8,10.5,36.2,16.9,21.8,77.5,12.8,30.5,43.3,20.7,15.3,8.3,6.7,5.3,23.1,20.4,98.7,-3.2,2003
8,Seattle SuperSonics,9,6,3,48,35.6,81.6,43.6,6.8,16.8,40.4,17.7,23,76.8,14.2,30.8,45,20.8,17.1,7.6,5,4.6,21,20.3,95.6,-2.3,2003
8,Utah Jazz,11,6,5,48,33.4,75.5,44.2,6,15.1,39.8,19.9,26.5,75.3,10.8,25.8,36.6,20.9,14.9,8.9,6.8,5.5,23.5,24.3,92.6,1.1,2003
12,Boston Celtics,10,5,5,48,30.6,77.4,39.5,6.7,17.2,39,19.2,26.7,71.9,12.8,30.7,43.5,19.8,16,7.3,4.4,4.9,21.9,24.7,87.1,-1.3,2003
12,Denver Nuggets,10,5,5,48.5,35.2,84.4,41.7,3.4,10.8,31.5,16.4,22.2,73.9,14.6,33.1,47.7,22.4,18.3,10.1,6.9,7.3,25.7,21.7,90.2,1,2003
12,Memphis Grizzlies,9,5,4,48.6,34.2,78.8,43.4,3.7,11.9,30.8,19.2,27,71.2,13.8,33.2,47,20.1,18.6,8.1,6.9,6.7,23.1,24.6,91.3,-2.2,2003
12,Milwaukee Bucks,10,5,5,48,35.7,83.5,42.8,5.6,14.9,37.6,16.7,23.3,71.7,13.2,30.5,43.7,21.9,13.7,7.6,5.7,5.5,22.9,20.7,93.7,-3.7,2003
12,New Jersey Nets,11,5,6,48,32.2,76.5,42,4.4,13.9,31.4,16,20.5,78.2,12.1,30.9,43,18.8,18.7,7.4,5.5,4.2,23.3,21.8,84.7,-1.1,2003
12,Philadelphia 76ers,11,5,6,48.9,35.1,80.2,43.8,5.5,15.5,35.7,15.5,21.1,73.3,13.9,31.5,45.4,21.7,17.8,6.6,6,4.5,24.3,19.9,91.2,-0.4,2003
12,Portland Trail Blazers,10,5,5,48.5,37.2,78.5,47.4,6.1,16.4,37.2,13.9,19,73.2,10.7,26.8,37.5,23.5,13.6,8.6,4.7,3.8,18.4,18.6,94.4,2.8,2003
12,Toronto Raptors,10,5,5,49,31.8,77,41.3,3.2,9.9,32.3,17.2,22.5,76.4,12.1,30.6,42.7,19.5,14,7.7,5.3,4.1,20.7,20,84,6.2,2003
20,Atlanta Hawks,12,4,8,48.8,35.6,86.3,41.2,4.5,15.6,28.9,20.1,27.2,73.9,15.4,30.4,45.8,20.8,13.7,10.8,5.3,6.6,20.9,22.8,95.8,4.3,2003
20,Chicago Bulls,12,4,8,48.4,36.3,81.6,44.4,6.7,16.3,41,18.6,26.3,70.6,12.2,31.3,43.4,24.1,15.3,10.3,4.7,6.3,22,23.3,97.8,9.8,2003
20,Cleveland Cavaliers,11,4,7,48.5,35.2,83.9,41.9,4.8,13.8,34.9,18.4,24.5,75.1,12.3,29.8,42.1,20.7,12.1,7.7,5.2,8.1,20.2,21.2,93.5,2.1,2003
20,Golden State Warriors,10,4,6,48.5,35.3,80.6,43.8,5.4,13.4,40.3,16.1,21.3,75.6,11.5,30.7,42.2,22.3,14.8,8.4,4.6,4.1,22,20.8,92.1,-0.2,2003
20,Los Angeles Clippers,7,4,3,48.7,39,86.1,45.3,6.3,18.4,34.1,20.1,27.3,73.8,13.9,30.6,44.4,21.3,15.7,7.3,5.6,5.6,22,24.6,104.4,1.9,2003
20,Phoenix Suns,10,4,6,48,34.6,79.7,43.4,4.2,16.8,25,18.4,25.3,72.7,10.7,32,42.7,19.3,14.8,6.5,5.7,6.2,20,23.8,91.8,0.2,2003
20,Washington Wizards,10,4,6,48.5,33.8,81.3,41.6,3.6,11.4,31.6,21.2,27.5,77.1,13.7,31,44.7,21.3,15.9,8.2,6.8,6,20.1,22.8,92.4,-0.6,2003
27,Miami Heat,11,3,8,48.5,33.5,74.7,44.8,5.5,16.1,34.5,20.5,28.8,71,9.4,30.8,40.2,19.6,14.1,7.8,6.5,2.5,20.7,24.5,92.9,9.3,2003
27,New York Knicks,10,3,7,48.5,32.7,78.7,41.6,5.5,14.8,37.2,19.7,27.4,71.9,11.3,29.5,40.8,22.5,12.7,9.6,4.3,5.3,17.6,23.4,90.6,4,2003
29,Orlando Magic,11,1,10,48.5,34.5,80.9,42.7,5,13.8,36.2,21.7,27.3,79.7,14.6,31.8,46.5,20.7,15.4,7.9,6.4,5.3,21.4,24.2,95.8,7.5,2003
1,Seattle SuperSonics,11,9,2,48,34.4,74.6,46,5.1,14.4,35.4,18.7,25.6,73,10.2,24.4,34.5,20.6,16.3,7.1,4.7,3.7,25.5,25.2,92.5,-6.6,2004
2,Dallas Mavericks,11,8,3,48.5,35.7,85.3,41.9,4.9,17.5,28.1,21,28,75,15.1,30.7,45.8,21.8,17.4,8.2,5.6,5.4,23.3,23.9,97.4,-4.9,2004
2,Miami Heat,11,8,3,49.4,34.9,81.5,42.8,5.5,14.2,38.5,22.9,29.8,76.8,11.3,29.7,41,20.6,14.3,7.2,3.9,6.9,27.6,25.5,98.2,-2.9,2004
2,Phoenix Suns,10,8,2,48.5,37.1,88.4,42,4.7,15.3,30.7,17,22.2,76.6,16.9,28.8,45.7,20.1,15.2,7.6,4.6,6.8,22.9,20.9,95.9,-11.8,2004
2,San Antonio Spurs,10,8,2,48,31.9,77.8,41,4.8,11,43.6,19.2,23.6,81.4,12.1,29.9,42,16.1,15.5,6.9,3.5,6.8,25.1,21.2,87.8,-7.9,2004
6,Indiana Pacers,10,7,3,49.5,35.3,80.1,44.1,4.7,13.3,35.3,19.5,25.6,76.2,12,28.2,40.2,21,15,8,5.8,6,24.2,24.1,94.8,-1.1,2004
6,Utah Jazz,10,7,3,48.5,33.6,76.8,43.8,4.4,13.1,33.6,21,30.5,68.9,12.4,24,36.4,18.3,13.4,6.8,6.1,7.4,28.1,25.6,92.6,-8.7,2004
8,Cleveland Cavaliers,10,6,4,49.5,35.7,83.9,42.6,3.8,11.8,32.2,17.2,24.6,69.9,11.8,28.8,40.6,20.2,14.3,6.8,5.4,6.7,23.7,23.2,92.4,-5.9,2004
8,Houston Rockets,12,6,6,48.8,31.5,76.9,41,4.3,14.8,28.7,21.1,27,78.1,11.9,30.4,42.3,19.4,13.8,7.3,3.8,4,20.9,23.8,88.3,-0.3,2004
8,Los Angeles Lakers,11,6,5,48,36.5,84.7,43.1,5.8,18.4,31.7,18.8,24.6,76.4,13.7,27.7,41.5,23.8,12.3,8,6,5.7,24.4,24.1,97.7,0.8,2004
8,Orlando Magic,9,6,3,48,35.7,85.4,41.7,3.9,13.7,28.5,21,26.9,78.1,12,31.7,43.7,18.4,15.1,8.7,5.2,6.6,25.3,23.9,96.2,-1,2004
8,Sacramento Kings,10,6,4,48.5,37,85.3,43.4,7.8,20.2,38.6,18.4,25,73.6,15,32.2,47.2,19.3,15,7.2,4.6,4.5,24.2,21.3,100.2,1,2004
13,Denver Nuggets,10,5,5,48.5,35.6,77.4,46,5.1,14.8,34.5,21.3,28.6,74.5,11.3,32.1,43.4,23.5,17.8,7.8,5.8,6.1,25.5,24.3,97.6,1.6,2004
13,Detroit Pistons,9,5,4,50.2,35,77.6,45.1,5.4,13.1,41.5,23.4,30.4,77,11.3,27.7,39,20.3,16,8.2,5,5.7,24.9,25.6,98.9,2.4,2004
13,Los Angeles Clippers,11,5,6,49.4,35,80.9,43.3,5.7,16.5,34.6,19,27,70.4,13.3,27.4,40.6,20.5,15.2,8.6,5.4,5.4,25,24.3,94.7,-2.3,2004
13,Minnesota Timberwolves,8,5,3,48.6,35.9,82.3,43.6,5.4,14.9,36.1,17.4,22.9,76,12.8,28.4,41.1,22.6,13.8,7,3.8,4.4,21.9,21.5,94.5,-2.9,2004
13,Toronto Raptors,11,5,6,48,36.3,79.9,45.4,5.4,15.2,35.3,19.8,26.4,75.2,13.9,30.2,44.1,21.8,16.4,6.3,5.3,4,21.8,23.3,97.7,0.7,2004
13,Washington Wizards,9,5,4,48.6,38.3,82,46.7,4.8,13.7,35,21,28.8,73,13.6,31.8,45.3,24.6,18.2,8.3,5.3,5.3,24.7,25.4,102.4,1.9,2004
19,Boston Celtics,8,4,4,48.6,31.8,76.6,41.4,5.4,17.3,31.2,20.9,28.8,72.6,11.4,27.5,38.9,20.8,17,8.1,5.1,5.8,24.3,23.3,89.8,-6.3,2004
19,Memphis Grizzlies,10,4,6,48,32.6,76.2,42.8,4.7,14.7,32,24.3,32.1,75.7,11.7,28.5,40.2,19.3,16.6,8.7,6.5,6.3,25.6,27.1,94.2,-3,2004
19,New York Knicks,9,4,5,48,36.6,76.1,48,4.8,12.9,37.1,19.3,24.9,77.7,9.6,31.4,41,23,16.6,7.9,5.3,4.6,19.8,23.1,97.2,3.7,2004
19,Philadelphia 76ers,10,4,6,49,33.6,77.3,43.5,7.6,20.5,37.1,22.5,29.8,75.5,11.7,30.7,42.4,23.4,18.6,9.1,5.8,2.8,26.7,25.5,97.3,3,2004
19,Portland Trail Blazers,9,4,5,48,35.6,79.6,44.7,4.9,13.1,37.3,13.9,18.9,73.5,12.7,28.3,41,22.9,14.9,6.2,4.2,6.1,22.8,19.8,89.9,0.2,2004
24,Milwaukee Bucks,8,3,5,49.3,37.1,83.5,44.5,5.4,15.3,35.2,19.8,28.4,69.6,12.4,32.9,45.3,23.6,15,7,5.1,3.5,24.5,26.1,99.4,1.5,2004
25,Atlanta Hawks,9,2,7,48,35.6,73.9,48.1,5.4,16.3,33.3,21.7,27.2,79.6,11.3,32.2,43.6,20.6,17.6,7.3,6.8,2.8,22.4,24.8,98.2,12.3,2004
25,Golden State Warriors,10,2,8,48.5,35,77,45.5,4,11.5,34.8,19.3,27.2,71,11,36.2,47.2,20.5,17.2,7.3,7.1,4.4,24.1,25.6,93.3,8,2004
25,New Jersey Nets,9,2,7,49.7,32,75.9,42.2,6.6,17.8,36.9,22.3,30.7,72.8,10.4,28.9,39.3,18.7,13.2,9.4,5.1,5.6,25.7,28,92.9,11.4,2004
28,Charlotte Bobcats,9,1,8,49.1,36.4,80,45.6,3.8,10.9,34.7,26.6,33.9,78.4,13,30.1,43.1,22.4,15.9,8.9,5.6,6,26.3,27.3,103.2,7.4,2004
29,Chicago Bulls,8,0,8,49.3,34.5,76,45.4,7.8,18.8,41.3,25,30.9,81,10.4,34.1,44.5,23.5,19.1,8.5,5.1,2.9,23.9,27.9,101.8,10.4,2004
29,New Orleans Hornets,8,0,8,48,36.8,75.6,48.6,6.4,15.6,40.8,18.3,23.9,76.4,10.4,27.6,38,22.4,13.6,6.5,3.9,2.8,20.6,21.4,98.1,6.4,2004
1,San Antonio Spurs,11,9,2,48.5,35.2,81.1,43.4,3.8,11.9,32.1,15.5,21.7,71.1,11.2,28.4,39.5,17.5,14.9,8.2,4,5.5,20.8,20.7,89.6,-7.3,2005
2,Cleveland Cavaliers,10,8,2,48.5,35.8,77.2,46.4,6.1,15.1,40.4,17.6,24.2,72.7,8.7,26.6,35.3,21.1,14.7,7.3,5.1,4.8,22.7,21.4,95.3,-9.1,2005
2,Detroit Pistons,9,8,1,48,35.6,76.3,46.6,2.8,8.9,31.3,16.7,20.9,79.8,11.1,28.3,39.4,18.9,14.4,4.9,4.3,4.7,20.2,20.9,90.6,-7.1,2005
2,Los Angeles Clippers,10,8,2,48.5,34.4,82.8,41.5,4.1,14.8,27.7,21.5,28.1,76.5,12,27.2,39.2,20.3,13.2,6.8,5,6.3,23.5,24.7,94.4,-5.8,2005
5,Dallas Mavericks,9,7,2,49.1,33.9,78.4,43.2,3.6,10.9,32.7,20.7,27.4,75.3,12.2,28.3,40.6,17.7,15.7,6.4,5.7,6.8,24,25.2,92,-6.8,2005
5,Golden State Warriors,12,7,5,48,34.7,81.7,42.4,4.6,14.8,31.1,18.1,24.9,72.6,13.7,33.5,47.2,20.8,17.2,7,3.1,5.3,24.6,24.4,92,-2.6,2005
5,Memphis Grizzlies,11,7,4,48,33.6,77.5,43.4,5.2,16,32.4,16.3,21.2,76.8,12.5,30.3,42.7,20.7,15.2,7.4,6.2,5.7,22.9,20.3,88.7,-1.7,2005
5,Philadelphia 76ers,12,7,5,48.4,38.8,81.8,47.5,5.4,15.3,35.5,21.7,27.8,77.8,13.1,29.4,42.5,22.6,16.6,6.6,3.8,4.8,25,21.9,104.8,0.3,2005
9,Denver Nuggets,11,6,5,48.5,34.1,80.5,42.3,4.5,14.9,30.5,17.9,25.5,70.4,11.7,30.5,42.3,20.4,17.4,7.4,5.6,7.5,22.6,23.1,90.6,-4.5,2005
9,Indiana Pacers,9,6,3,48,35.2,78.6,44.8,4.9,13.6,36.1,19.7,26.4,74.4,12,27.7,39.7,19.7,16.6,8.3,5.4,4.4,25.7,23.9,95,-1.8,2005
9,Miami Heat,10,6,4,48.5,35,81,43.2,4.9,13.9,35.3,21.1,29.9,70.6,12.5,28.4,40.9,18.5,13.3,8.7,3.4,6.4,22.7,24.8,96,-2.4,2005
12,Milwaukee Bucks,9,5,4,48.6,35.7,79.7,44.8,6.6,17.8,36.9,23.8,32.7,72.8,11.8,30.6,42.3,23.2,14.6,8.2,6.8,3.7,24.6,26.9,101.7,4.4,2005
12,Minnesota Timberwolves,9,5,4,49.1,34.1,78.9,43.2,4,12.9,31,19.8,25.2,78.4,11.4,30.2,41.7,17.9,15.3,6.9,4.6,6.3,22.4,23.1,92,-3.9,2005
12,New Jersey Nets,10,5,5,48,33.2,77.6,42.8,8.5,20.9,40.7,20.8,26.4,78.8,11.2,27.5,38.7,20.6,13.8,7.4,4.8,3.3,26.9,23.9,95.7,0.3,2005
12,Seattle SuperSonics,10,5,5,49,39.5,80,49.4,7.3,18.2,40.1,20.1,26.9,74.7,13.7,28.8,42.5,24.1,16.3,6.5,4,3,22.5,25.4,106.4,7.2,2005
12,Utah Jazz,12,5,7,48.4,32.3,74.1,43.6,5.8,16.4,35.5,20.1,29.2,68.9,10.6,28.9,39.5,19.6,14.3,7.8,6.8,6.2,25.9,25.5,90.6,2.4,2005
12,Washington Wizards,9,5,4,48,35.1,82.7,42.5,5.3,14.2,37.5,19.4,25.6,76.1,15.6,30.7,46.2,20.7,15.7,5.8,3.7,4.9,24.7,22,95,-4.6,2005
18,Boston Celtics,9,4,5,49.1,36.7,79.8,46,6.1,15.8,38.7,19.8,28.6,69.3,11.6,28.4,40,21.1,16.9,9.9,3.3,5.3,23.1,24.8,99.2,1.1,2005
18,Chicago Bulls,9,4,5,49.1,34.8,79.9,43.5,5.8,18.6,31.1,22.2,29.2,76,11.4,32.4,43.9,21.7,15.9,8,5.8,3.6,23.2,25,97.6,3.6,2005
18,Los Angeles Lakers,10,4,6,48.5,36,81.3,44.3,4.3,14.2,30.3,18.8,24.6,76.4,11.5,30.2,41.7,22.6,16.5,7.1,6.5,4.8,22.2,22.9,95.1,1.6,2005
18,New Orleans/Oklahoma City Hornets,10,4,6,48.5,33.6,74.3,45.2,6.6,16,41.3,20.9,26.7,78.3,9.9,30.5,40.4,18.1,17.1,6.8,4.2,3,25.7,23.6,94.7,2.3,2005
18,Phoenix Suns,9,4,5,49.1,38.7,87,44.4,6.2,17.2,36.1,20,28.4,70.3,15,34,49,18.3,15.6,7.9,3.3,5.7,21.3,23.9,103.6,-1.4,2005
18,Sacramento Kings,11,4,7,48,37.2,81.3,45.7,5.3,15.3,34.5,18,23.5,76.4,11.7,31.4,43.1,22.8,15.9,8.3,4.5,3.5,25,21.8,97.6,0.5,2005
24,Charlotte Bobcats,11,3,8,49.4,35.4,76,46.5,4.6,13.3,34.9,22.1,32.5,68.1,12.2,32.7,44.9,20,20.5,6.9,6,3.9,26.2,27,97.5,1.2,2005
24,Houston Rockets,10,3,7,48,32.4,78.3,41.4,5.3,17.4,30.5,17.4,23.8,73.1,11.8,28.8,40.6,19.5,12.6,7.2,4.8,4.5,22.7,23.7,87.5,3.6,2005
24,New York Knicks,10,3,7,48.5,32.2,75.8,42.5,5.5,18.6,29.6,20.6,29.2,70.5,11.2,29.6,40.8,19.7,17.4,8.6,6.5,4.3,25.2,24.9,90.5,2.3,2005
24,Orlando Magic,9,3,6,48.6,33.2,74.6,44.6,5.2,15.4,33.8,18.7,25.8,72.4,10.4,27.3,37.8,17.2,12.9,8.6,4.6,4.6,22.4,22.3,90.3,4.8,2005
24,Portland Trail Blazers,8,3,5,48,35.8,80.1,44.6,5.3,14.1,37.2,16.3,22.5,72.2,13.6,27.8,41.4,21.3,12.5,7.8,5.3,6.6,23.8,22.3,93,6.5,2005
29,Toronto Raptors,10,1,9,48.5,38.7,79.4,48.7,5.7,16.6,34.3,23.6,31.3,75.4,11.5,32.2,43.7,23.1,14.8,7,4.2,3,23.9,25.7,106.7,9,2005
30,Atlanta Hawks,9,0,9,48,35.8,77.3,46.3,4.8,13.1,36.4,21.8,31.4,69.3,13,28.9,41.9,19,16.2,9.3,6.8,5.6,23.6,25.8,98.1,10.1,2005
1,Utah Jazz,11,10,1,48.5,33.7,74.9,45,6.6,18.2,36.5,26.2,35.8,73.1,8.4,26.1,34.5,18.8,14.8,6.6,6,4.5,23.9,28.9,100.3,-7.4,2006
2,San Antonio Spurs,11,9,2,48.9,35.8,79.9,44.8,5.1,13.5,37.8,16.3,23.1,70.5,9.2,31.2,40.4,15.5,14.8,7.1,3.5,4.5,24.5,20.7,93,-6.6,2006
3,Cleveland Cavaliers,10,7,3,48.5,34.7,77.8,44.6,5.3,14.6,36.3,18.1,26,69.6,8.7,28,36.7,19.5,14.7,6.5,4.3,5.8,25.7,23.1,92.8,-4,2006
3,Golden State Warriors,11,7,4,48,37.8,83.5,45.3,6.6,20.7,32,18.9,25.7,73.5,14.6,30.5,45.1,22.5,17.6,7.2,3.7,5.7,24.5,22.6,101.2,-4.1,2006
3,Houston Rockets,11,7,4,48,33.6,76.1,44.2,5.5,15.8,34.5,18.5,24.7,75,10.6,28.1,38.7,17.5,14.5,7,3.7,4.2,23.1,21.9,91.3,-4,2006
3,Los Angeles Lakers,10,7,3,48,35.9,80.4,44.7,7.1,20.2,35.1,18.3,24.1,75.9,10.9,27.6,38.5,20.7,15.8,10.5,4.2,4.6,25.1,21.3,97.2,-1.9,2006
3,New Orleans/Oklahoma City Hornets,10,7,3,48,33.8,76.9,44,6.2,19.7,31.5,20.8,28.2,73.8,11.1,29.6,40.7,19.8,14.9,6.6,6.1,3.6,23.7,22.9,94.6,-1.4,2006
3,Orlando Magic,11,7,4,48,33.3,76.5,43.5,4.8,13.5,35.8,23.3,30.3,76.9,10.7,24.3,35,18.7,15.4,10.1,3.5,5.9,23.3,24.4,94.6,-2,2006
9,Dallas Mavericks,10,6,4,48,36,75.3,47.8,4.9,13.4,36.6,22.4,29.1,77,9.7,26.6,36.3,19.3,13.8,6.5,4.2,5.4,23.3,24.8,99.3,0.7,2006
9,Los Angeles Clippers,8,6,2,48.6,36.1,80.8,44.7,4.6,17.4,26.6,19.9,26.8,74.3,9.8,30.6,40.4,19.5,16.1,6.9,4.8,6.3,27.5,23.4,96.8,-3.8,2006
11,Detroit Pistons,10,5,5,48,35.7,79.1,45.1,5.2,15.3,34,19.2,25.5,75.3,11.9,29.5,41.4,21.7,13.8,6.6,3.3,6.1,21.6,21.8,95.8,-0.1,2006
11,Indiana Pacers,10,5,5,48,36.7,80.6,45.5,4.8,12.3,39,20.1,27.5,73.1,12.5,30.9,43.4,19.5,17.3,8.2,5.2,6.9,23,22.9,98.3,3.5,2006
11,New Jersey Nets,10,5,5,48.5,35.4,82,43.2,6,20.5,29.3,19.2,25.4,75.6,10.4,31.6,42,20.6,14.3,7.6,4.2,3,24.6,23.5,96,-0.2,2006
11,Portland Trail Blazers,12,5,7,48,35.8,75.7,47.4,5.3,15.5,33.9,20.9,27,77.5,10.8,27.3,38.1,20.7,14.3,6.7,5.5,4.3,22.7,25.2,97.8,4.9,2006
11,Sacramento Kings,9,5,4,48,35.9,77.2,46.5,6.4,18.1,35.6,19.4,24.4,79.5,9.4,29.7,39.1,21.1,18.7,6.9,4.6,2.9,24,22.8,97.7,-0.2,2006
11,Seattle SuperSonics,12,5,7,48.4,37,76.1,48.6,5.7,16.2,35.1,22.4,29.8,75.1,11.2,29.8,40.9,22,17.4,6.7,4.7,3.9,22,24.3,102.1,-0.7,2006
17,Atlanta Hawks,8,4,4,49.9,35.3,81.8,43.1,4.3,14,30.4,21.3,29.1,73,13.4,29.8,43.1,17.3,15.1,5.4,5.4,4.9,25.4,25.1,96,-2.5,2006
17,Boston Celtics,10,4,6,48.5,35.8,80.8,44.3,4.2,13.5,31.1,25.5,34.3,74.3,9.6,31.1,40.7,20.6,13.6,7,6.2,5.6,25.8,26.4,101.3,-2.5,2006
17,Denver Nuggets,8,4,4,48,38.1,80.4,47.4,6.8,18.1,37.2,22.1,29.5,75,11.1,30.6,41.8,22.6,20.1,7.3,5.5,3.4,27,24.4,105.1,-1.8,2006
17,Miami Heat,9,4,5,48.6,35.4,79,44.9,6.9,20.4,33.7,20.8,27.2,76.3,10,33.6,43.6,20.2,15.1,7.2,3.9,5.6,22.9,23,98.6,9.2,2006
17,New York Knicks,12,4,8,49.3,35.8,79.4,45,6.5,18.8,34.7,23.8,32.6,73.1,11.3,30.8,42.1,18.3,15.5,6.7,6,3.3,24.3,28.2,101.8,1.9,2006
17,Philadelphia 76ers,9,4,5,48.6,36.3,81.3,44.7,5.3,16.7,32,20.4,27.1,75.4,13.6,31.4,45,20.1,17.7,7.9,4.2,6.1,22.9,24,98.4,0.9,2006
17,Phoenix Suns,10,4,6,49,40.5,85.3,47.5,4,12.9,31,23.1,29.9,77.3,12.2,33.3,45.5,19.4,16.6,7,4.3,4,24.1,26.4,108.1,0.1,2006
17,Washington Wizards,9,4,5,48.6,38.2,82,46.6,7.6,19.7,38.4,19.1,26,73.5,12.6,31.4,44,23,16.7,5.2,5.1,5.2,24.9,22.9,103.1,-0.3,2006
25,Chicago Bulls,10,3,7,48,33.2,71.9,46.2,6.8,18.8,36.2,20.4,25.4,80.3,7.6,32.5,40.1,21.6,20,6.5,5.5,4.4,22.8,23.3,93.6,-0.1,2006
25,Milwaukee Bucks,10,3,7,48,38.6,79.5,48.6,7.2,19,37.9,19.2,26.1,73.6,12.9,31,43.9,24.8,16.9,7.3,5.9,2.4,23.5,23.3,103.6,4.5,2006
25,Minnesota Timberwolves,9,3,6,48,35.7,79.6,44.8,4.6,13.9,32.8,19.3,26,74.4,12.1,29.2,41.3,18.9,16.4,7.3,4.1,5.2,21.3,22.6,95.2,3,2006
28,Charlotte Bobcats,10,2,8,49,34.6,83.9,41.2,5.7,16.3,35,23.4,31.1,75.2,14.8,32.2,47,20.1,16.7,8.6,4.3,6.4,23.7,27,98.3,6.7,2006
28,Memphis Grizzlies,10,2,8,49.5,35.7,78.5,45.5,6.1,19.2,31.8,19.9,25.9,76.8,12,32.7,44.7,23.2,18,6.3,5.9,4.4,26.7,23.2,97.4,3.4,2006
28,Toronto Raptors,10,2,8,48,39.9,82.9,48.1,6.2,19.8,31.3,19.4,25.9,74.9,11.7,35.4,47.1,22.3,17.2,6.2,4.4,4.3,22.2,22.7,105.4,5.5,2006
1,Orlando Magic,12,10,2,48.4,36.7,85.8,42.8,5.5,17.2,32,16.2,22.1,73.2,12.1,32.1,44.2,20.4,15.4,7,3.7,4.2,24.7,19.6,95,-7.2,2007
2,New Orleans Hornets,12,9,3,48.4,35.8,81,44.2,5.7,17,33.3,13.5,17.9,75.3,10.2,31.7,41.8,20.4,15.3,5.8,3.8,4,19,19.2,90.8,-7.8,2007
3,Boston Celtics,9,8,1,48.6,31,75.8,40.9,5.7,18.6,30.5,21.8,30.6,71.3,9.9,26.4,36.3,16.6,17.8,7,5.2,4.3,23.8,24.9,89.4,-13.2,2007
3,Phoenix Suns,10,8,2,48,40.3,90.2,44.7,5.8,16,36.3,14,19.7,71.1,14,33.6,47.6,20.2,17.2,7.7,4,5.5,20.1,18.5,100.4,-6.6,2007
3,San Antonio Spurs,10,8,2,48,35.3,78.4,45,5,15.7,31.8,14.3,20.2,70.8,10.2,30.1,40.3,18.3,15,6.8,4.6,4.8,18.4,19.8,89.9,-7.5,2007
3,Utah Jazz,12,8,4,48,36.4,79.3,46,6.8,19.5,34.6,20.3,28.5,71.3,10.3,28.8,39.2,20.7,18.5,8.4,5.9,4.8,24.9,23.9,99.9,-6.8,2007
7,Dallas Mavericks,9,7,2,48,35.4,79.9,44.4,5.7,15.1,37.5,19.2,25.9,74.2,11.6,29.3,40.9,19.8,15,6.3,3.4,6,23.3,22.4,95.8,-7.6,2007
7,Denver Nuggets,10,7,3,48,37.8,86.6,43.6,6.6,19.7,33.5,17.7,27.3,64.8,13.5,32.1,45.6,23.6,18.7,9.8,4.2,6.3,24,22,99.9,-9.1,2007
9,Charlotte Bobcats,10,6,4,48,35,78.6,44.5,4.6,13.6,33.8,19.1,24.8,77,11.6,29.2,40.8,19.6,15.8,7.5,6.1,4.5,21.8,22.8,93.7,2,2007
9,Detroit Pistons,10,6,4,48,34.8,80.2,43.4,5.7,16.1,35.4,20.3,27.1,74.9,11.7,29.6,41.3,19.5,13.4,6.3,3,4.9,20.3,21.4,95.6,-3.7,2007
9,Houston Rockets,11,6,5,48,34.1,74.9,45.5,5.1,13.9,36.6,20.3,26.8,75.6,9.2,31.9,41.1,18.7,16.3,7.6,4.9,4.5,21.8,21.6,93.5,-1.4,2007
9,Los Angeles Lakers,9,6,3,48,36,85.3,42.2,7.6,21.2,35.6,18.1,24.7,73.4,12.3,28.9,41.2,22.4,15.1,9.1,4.8,4.9,24.2,20.8,97.7,-6.3,2007
13,Cleveland Cavaliers,10,5,5,48.5,37,81.1,45.6,6.2,17,36.5,22.5,28.6,78.7,9.1,32.6,41.7,20.7,14.3,6.9,5,5.4,21,22.8,102.7,3.1,2007
13,Los Angeles Clippers,9,5,4,48,37.7,85.6,44,4.8,16.3,29.3,19.4,26.3,73.8,13.2,33,46.2,21.4,14,6.9,6.1,5.1,21.2,21.6,99.6,2.7,2007
13,Toronto Raptors,10,5,5,48.5,35.8,79.4,45.1,7.7,22,35,16.1,22.1,72.9,10.7,32.9,43.6,22.4,17.3,6.4,4.8,4,20.1,22,95.4,-3.8,2007
16,Indiana Pacers,10,4,6,48.5,35,80.8,43.3,7.5,19.4,38.7,25.5,34.3,74.3,11.2,33.7,44.9,20.3,18.1,8.4,5.6,5.6,22,27.7,103,2.7,2007
16,Milwaukee Bucks,8,4,4,48,35.3,77.8,45.3,6.9,19.1,35.9,19.3,26.5,72.6,10.9,30.8,41.6,20.8,14.8,6.3,6.6,5.6,20.8,22.9,96.6,2.3,2007
16,New Jersey Nets,11,4,7,48.5,33.2,77,43.1,7,17,41.2,21.1,27.7,76.1,9.4,31.5,40.8,20.4,15.1,10.3,4.3,5.6,24.9,24.6,94.5,9.7,2007
16,Portland Trail Blazers,11,4,7,48,37.8,83.9,45.1,5.6,17.6,32,17.3,21.5,80.2,13,29.9,42.9,20.5,12.8,7.6,3.5,3.7,22.1,20.8,98.5,5,2007
16,Sacramento Kings,10,4,6,49,38.3,80.9,47.3,6.8,17.9,38,21.1,27.2,77.6,12.8,29.8,42.6,20.9,16.5,7.4,4.9,3.2,26,22.5,104.5,5.4,2007
16,Washington Wizards,9,4,5,48.6,34.2,79.4,43.1,7.8,22.9,34,21.6,27.4,78.5,10.8,32.1,42.9,20.8,16.4,8.2,5,4.8,23.8,22.4,97.8,1.1,2007
22,Atlanta Hawks,9,3,6,49.1,39.2,83.2,47.1,5.9,17,34.6,17.4,23,75.8,11.7,29.2,40.9,23.8,14.2,7.4,6,6.7,22.7,21.2,101.8,3.1,2007
22,Memphis Grizzlies,10,3,7,48.5,41.8,86.5,48.3,5.6,14.5,38.6,19.6,25.1,78.1,12.3,31.4,43.7,22.8,14.4,8.9,5.1,5.2,24.8,21.8,108.8,2.7,2007
22,Philadelphia 76ers,9,3,6,48,33.9,78.3,43.3,7.2,18.1,39.9,16.9,22.8,74.1,11.8,28.8,40.6,21.3,17.3,9,4,4.9,20.7,22.4,91.9,2.8,2007
25,Chicago Bulls,9,2,7,48.6,34.1,77.6,44,6.9,18.2,37.8,21.3,26.8,79.7,11.1,33.7,44.8,22.8,18.1,8.4,5.3,4.7,22.3,21.8,96.4,8.6,2007
25,Golden State Warriors,8,2,6,48,41.9,85.9,48.8,8.1,19.6,41.4,22.4,28.9,77.5,12.3,34.9,47.1,27.4,15.5,5.6,5.4,5.4,23.6,23,114.3,5.4,2007
25,Miami Heat,10,2,8,48,33,75,44,7.1,18.5,38.4,17.7,22.9,77.3,9.7,33.9,43.6,21.1,17.1,7.6,3.9,4.5,20.1,18.5,90.8,4.8,2007
25,New York Knicks,9,2,7,49.1,38.7,82.7,46.8,8,21.1,37.9,18.8,26.4,71,12.3,30.3,42.7,21.2,14.8,7.6,7,2.8,23.3,23.9,104.1,6.3,2007
25,Seattle SuperSonics,12,2,10,48.8,39.8,87.3,45.5,7.8,21.8,36,21.5,29.3,73.5,12.5,34.4,46.9,24.9,16.5,9.8,5.4,4.7,20.8,24.3,108.8,8.8,2007
30,Minnesota Timberwolves,8,1,7,48,35.6,74.8,47.7,6.9,18.6,36.9,24.6,31.6,77.9,10,28.9,38.9,21.4,14,7.9,3.8,4.6,18.8,26.3,102.8,8.8,2007
1,Boston Celtics,11,9,2,48.5,31.2,78.8,39.6,6,16.2,37.1,21.4,26.8,79.7,11.6,30.1,41.7,17.4,16.9,7.9,4.1,5.4,25.8,24.5,89.7,-4.5,2008
2,Cleveland Cavaliers,10,8,2,48,33.1,77.3,42.8,6.2,16.1,38.5,21.2,26,81.5,12.1,25.2,37.3,18.9,15.8,6.5,3.6,5.7,22.3,21.9,93.6,-7.5,2008
2,Phoenix Suns,12,8,4,48.4,36.7,82.3,44.5,6.2,16.8,36.6,18.3,24.3,75.3,11,28.2,39.2,17.8,12.9,8.2,4.4,5.1,23.1,20.8,97.8,-2.8,2008
4,Detroit Pistons,10,7,3,48,35.9,77.3,46.4,3.9,12.6,31,20.6,26.7,77.2,10.3,30.1,40.4,18.7,13.7,6.1,4.5,5.7,23.1,22.7,96.3,-2.6,2008
4,Houston Rockets,11,7,4,48.5,35.1,80.9,43.4,3.7,12.6,29.5,15,19.8,75.7,11.8,31.2,43,18.2,13.5,7.6,5.5,3.1,20.3,17.7,88.9,-3.4,2008
4,Los Angeles Lakers,8,7,1,48,33,79.9,41.3,7,20.8,33.7,16.1,22.9,70.5,11.1,30.5,41.6,21.1,18.5,8.3,4.6,6,23,20.6,89.1,-14.4,2008
4,Orlando Magic,10,7,3,48,35.1,82.8,42.4,4.8,15,32,18.3,24.3,75.3,10.9,32.8,43.7,15.5,13.6,6.6,3.9,7.7,23.4,21,93.3,-5.7,2008
4,Utah Jazz,11,7,4,48,32.8,75.8,43.3,6.1,15.6,39,21.6,28.1,77,11.5,26.6,38.1,16.7,15.6,7.8,6.4,4.5,22.8,22.7,93.4,-4.1,2008
9,Atlanta Hawks,9,6,3,48,35.1,81.1,43.3,5.9,16.8,35.1,21,26.7,78.8,13,29.4,42.4,20.7,14.4,6.6,5.3,5.9,21.3,22.2,97.1,-4,2008
9,Denver Nuggets,10,6,4,48.5,35.3,83,42.5,5.8,18.9,30.7,20.6,27,76.3,12,31.9,43.9,21,16.2,8.1,6.5,5.2,24.7,23.2,97,-1.4,2008
9,New York Knicks,10,6,4,48.5,42.4,87.7,48.3,4.8,13.8,34.8,15.9,23.1,68.8,12.4,37,49.4,22,15.8,7.9,4.1,1.4,18.3,20.2,105.5,-0.2,2008
9,Portland Trail Blazers,10,6,4,48.5,35.4,74.3,47.6,6.2,15.4,40.3,19.2,23.2,82.8,8.4,29.6,38,19.5,12.9,5.2,2.9,4.9,20.1,21,96.2,1.6,2008
13,Chicago Bulls,10,5,5,48,34.3,80.3,42.7,5,14.4,34.7,22.8,29.3,77.8,12.2,32.3,44.5,17.5,16.2,6.3,6.1,5.8,22.3,22.1,96.4,-1.3,2008
13,Miami Heat,10,5,5,48,33.8,76.6,44.1,7.3,20.7,35.3,19.6,26,75.4,12,30.6,42.6,19.8,17.6,6.5,4.1,5.3,20.8,20.1,94.5,-4.2,2008
13,Milwaukee Bucks,11,5,6,49.4,32.5,73,44.6,5.5,18.4,30.2,25.4,32,79.3,9.2,29.4,38.5,21.1,16.5,8.5,5.2,3.3,24.6,25.3,96,1.1,2008
13,New Orleans Hornets,9,5,4,48,32.7,72.9,44.8,7.9,20.4,38.6,18.3,24,76.4,9,30,39,19.1,14.6,6.7,3.8,4,21.6,21.1,91.6,-2.1,2008
13,Philadelphia 76ers,10,5,5,48,36.2,84.8,42.7,6.3,19.8,31.8,15.1,20.5,73.7,12.2,28.8,41,22.3,14.2,9.5,5.6,6.3,19.2,17.8,93.8,-3.6,2008
13,San Antonio Spurs,10,5,5,49,36.3,81.5,44.5,6,16.2,37,14.7,18.8,78.2,10.6,32.1,42.7,20.5,10.9,7.3,4.2,3.4,17.4,18.6,93.3,2,2008
13,Toronto Raptors,9,5,4,48.6,36.9,83.4,44.2,6.6,18.6,35.3,15.7,19.9,78.8,11.8,29.9,41.7,22.4,13.2,5.6,5.6,5.7,21.6,18,96,0.2,2008
20,Golden State Warriors,10,4,6,49,39.6,87.3,45.4,5.2,16.7,31.1,20.8,26.6,78.2,13.2,32.7,45.9,22.6,15.3,7.6,5.9,6.2,26.1,22.7,105.2,0.8,2008
20,Indiana Pacers,9,4,5,48,35.7,84.3,42.3,5.3,15.9,33.6,19.7,25.9,76,12.9,31.3,44.2,18.8,15.9,8.6,6.3,7,20.8,23.2,96.3,-2,2008
20,New Jersey Nets,9,4,5,48,34.2,75.8,45.2,9.6,23,41.5,23.1,31.3,73.8,10.6,28.3,38.9,21.4,14.3,7.2,5.2,5.1,21.3,25,101.1,3.8,2008
20,Sacramento Kings,11,4,7,48.5,37.4,80,46.7,7.4,17.9,41.1,21,29.5,71.1,12.2,26.2,38.4,21.5,13.9,8.8,5.3,4.5,21.1,23.7,103.1,4.8,2008
24,Charlotte Bobcats,9,3,6,48,34.9,75.6,46.2,7,20.3,34.4,16.2,21.8,74.5,11.2,27.2,38.4,20,14.9,7.3,6.8,4.3,22,21.8,93,4.1,2008
24,Dallas Mavericks,10,3,7,48.5,36.1,84.4,42.8,5.7,16.9,33.7,23,28.3,81.3,12.4,33,45.4,18.2,12.4,7.2,4.3,4.8,19.9,20.7,100.9,2.2,2008
24,Memphis Grizzlies,10,3,7,48.5,35.4,81.6,43.4,6.8,19,35.8,20.9,27.5,76,12,33.1,45.1,18.6,16.2,7.2,5,4.8,21.4,22.8,98.5,5.7,2008
27,Los Angeles Clippers,10,1,9,48.5,38.3,83.6,45.8,5.2,16,32.5,20.2,26.3,76.8,12.2,34.4,46.6,22.7,12.8,7.9,5,6.8,19.7,22.6,102,12.8,2008
27,Minnesota Timberwolves,9,1,8,49.7,37.7,82.6,45.6,6.4,16.7,38.7,20.1,26,77.4,11.6,32.6,44.1,19.7,12.8,5.4,5.9,4.6,20.7,24.1,101.9,5,2008
27,Oklahoma City Thunder,11,1,10,48,36.9,82.5,44.8,5.5,16.6,33.3,20.9,27.3,76.7,11.7,34.9,46.6,21.3,14.6,8.2,6.2,4.6,19,22.4,100.3,10.5,2008
27,Washington Wizards,7,1,6,48.7,40.3,82.4,48.9,7.4,21.3,34.9,16,22.7,70.4,11.4,31.1,42.6,26.1,15,6.7,5.1,4.7,23.3,19.7,104,9.9,2008
1,Atlanta Hawks,11,9,2,48.5,38.2,82.7,46.2,5.8,17.5,33.2,17.4,22.4,77.6,10.3,29.6,39.9,21.5,15.1,6.7,3.9,6.4,22.7,21.2,99.5,-7.6,2009
1,Phoenix Suns,11,9,2,48,41.8,87.1,48,6.9,17.3,40,15.9,22.5,70.6,11.2,29.9,41.1,22.8,13.7,8.4,4.5,4.1,22.4,19.9,106.5,-3.9,2009
3,Boston Celtics,11,8,3,48,33.7,77,43.8,5,15.9,31.4,15.8,22,71.9,10.3,27.9,38.2,19.5,16.8,6.7,4.4,4.8,21.7,20.3,88.3,-10.2,2009
3,Dallas Mavericks,11,8,3,48.9,36.3,84.5,42.9,6.9,20,34.5,15.2,21.3,71.4,11.2,31.9,43.1,19.4,14.1,7.8,4.3,6.4,23.3,20.2,94.6,-6.5,2009
3,Orlando Magic,11,8,3,48,35.5,77,46,5.7,15.2,37.7,18.2,25.1,72.5,7.8,31.9,39.7,16.5,13.9,7,3.8,4.6,23.5,20.6,94.8,-4.9,2009
3,Portland Trail Blazers,12,8,4,48.4,32.3,78.3,41.2,5,16.3,30.8,18.6,25.1,74.1,10.6,27.7,38.3,15.8,13,6.9,4.1,6,22.7,22.5,88.1,-7.3,2009
7,Cleveland Cavaliers,10,7,3,48,34.1,77.1,44.2,5.2,16.6,31.3,19.5,25.5,76.5,8.2,31.8,40,17.7,14.1,6.2,4.3,5.3,21.1,21.9,92.9,-5.2,2009
7,Denver Nuggets,10,7,3,48,37.5,84.8,44.2,5.5,17.8,30.9,20.1,25.9,77.6,12.6,31.2,43.8,20.2,14.9,6.3,6.6,4.4,25.9,22,100.6,-5.6,2009
7,Los Angeles Lakers,10,7,3,49,36.8,87.1,42.3,6.2,20,31,19.2,24.6,78,14.6,32.4,47,21.2,16.6,7.2,3.5,5.2,22,22.1,99,-2,2009
7,Miami Heat,9,7,2,48,33,78,42.3,5.4,18.7,29.2,18.7,25,74.7,9.7,29,38.7,15.2,15.2,6.3,5.4,5,21.1,20.6,90.1,-6.1,2009
11,Houston Rockets,10,6,4,48.5,37.5,82.5,45.5,5.4,14.1,38.3,19.9,25.5,78,11.3,32.3,43.6,20,16.5,7.7,7.3,5,22.3,22.8,100.3,-3.1,2009
12,Chicago Bulls,9,5,4,48,35.4,81.7,43.4,6.7,20.3,32.8,14.8,19.9,74.3,10.8,32.6,43.3,20.3,15.7,7.2,5.6,6.3,19.7,18.8,92.3,3.1,2009
12,Detroit Pistons,10,5,5,48,32.3,76,42.5,6.1,19.5,31.3,20.8,28,74.3,12.4,29.2,41.6,19.6,13.5,6.2,5.2,4.9,23.8,24.3,91.5,-1.8,2009
12,Milwaukee Bucks,8,5,3,48.6,34.9,78.1,44.6,6.3,16.5,37.9,20,25.6,78,8.6,31.8,40.4,19.1,17.1,8.8,5.3,4.1,22.5,23.3,96,-4.3,2009
12,Oklahoma City Thunder,10,5,5,48.5,32.8,74.9,43.8,4.7,16.6,28.3,21.1,27.9,75.6,10.2,29.8,40,17.5,16.6,8.3,4.8,6,22.6,23.8,91.4,-2.2,2009
12,Sacramento Kings,9,5,4,48.6,39.2,81.4,48.2,6.3,16.4,38.5,20.2,25.6,79.1,9.9,30.9,40.8,18.7,14.7,6.2,6.6,4.4,23.3,22.8,105,0.4,2009
12,Toronto Raptors,10,5,5,48,37.8,81.3,46.5,8.1,19.8,40.9,22.2,29.7,74.7,12.5,29.6,42.1,22.6,12.6,6.4,4.1,5,21.3,24.7,105.9,-1,2009
18,Indiana Pacers,7,4,3,48,36.3,83.1,43.6,5,14.7,34,22.4,30.7,73,12.6,32.4,45,19.4,15.7,8.1,5.9,8.6,22.7,25.3,100,-1.3,2009
18,Los Angeles Clippers,11,4,7,48,37.7,84.9,44.4,4.7,15.7,30.1,19.3,24.7,77.9,12.8,30.3,43.1,21.5,13.8,8,4.5,6.9,21.5,21.6,99.5,3.3,2009
18,Philadelphia 76ers,10,4,6,48.5,39,81.4,47.9,8.5,20.6,41.3,15.9,21.5,74,10.9,30.3,41.2,23.6,16.2,6.4,3.6,5.5,21.3,20.2,102.4,5.1,2009
18,San Antonio Spurs,8,4,4,48,36.5,78.1,46.7,4.8,13.9,34.2,22.1,29.1,76,10.6,30.3,40.9,17.4,13,6.4,5.5,4.3,22.5,23.9,99.9,-2,2009
18,Utah Jazz,10,4,6,48,37,78.6,47.1,7.4,18.6,39.8,20.5,26.7,76.8,10.3,27.8,38.1,21.1,13.5,7.1,6.4,4.4,21.4,22.2,101.9,1.4,2009
23,Charlotte Bobcats,10,3,7,49,34.1,75.6,45.1,6.8,20.7,32.9,14.4,20.1,71.6,9,30.3,39.3,18.8,15.6,7.5,7.3,4.1,21.2,20.9,89.4,6.1,2009
23,Golden State Warriors,9,3,6,48,42.3,85.4,49.5,8,18.7,42.9,21,29.2,71.9,13.4,33.6,47,24,19,8,6.3,5.1,24.1,24.7,113.7,2.1,2009
23,New Orleans Hornets,11,3,8,48.5,40.2,84.6,47.5,8.5,22.3,38,15.9,22.4,71.1,12.7,31.5,44.3,24.4,13.5,5.5,4.6,3.9,21.7,21.5,104.7,7,2009
26,Memphis Grizzlies,10,2,8,48.5,42.1,84.5,49.8,7.4,18.6,39.8,17.1,23.9,71.5,10.4,28.3,38.7,26.3,13.3,7.5,5.8,4.6,24.3,22.7,108.7,9.1,2009
26,Washington Wizards,9,2,7,48,35.1,80,43.9,7.2,18.7,38.7,21.4,28.2,76,11.8,30.8,42.6,20,13.3,6.4,5.6,5.7,22.1,23.3,98.9,4.7,2009
28,Minnesota Timberwolves,11,1,10,48,38.7,81.9,47.3,6.8,18.9,36.1,19.7,24.8,79.5,11.6,34.1,45.7,24.8,16.6,9.6,6.5,3.5,18.4,21.6,104,13.8,2009
28,New York Knicks,10,1,9,49.5,42.2,83.2,50.7,6.3,18.1,34.8,19.5,25.1,77.7,10,37.1,47.1,20.7,17.3,7.5,4,4.5,19.6,22.7,110.2,9.7,2009
30,New Jersey Nets,10,0,10,48,35.2,78.4,44.9,5.3,16.6,31.9,19.1,26.3,72.6,11.1,33.7,44.8,20,13.6,9.5,5.3,5.2,18.7,21.1,94.8,10.3,2009
1,Los Angeles Lakers,11,9,2,48,39.2,88.3,44.4,8.4,22.1,37.9,17.2,22.9,75,14.6,28.4,43,23.5,15.1,7.6,4.5,4.1,21.5,21.3,103.9,-9.1,2010
2,Atlanta Hawks,12,8,4,48,37.8,83,45.6,5.7,16.6,34.2,17.2,22.7,75.7,12,27.9,39.9,20.3,13.2,7.4,4.7,5.8,21.7,20.5,98.5,-3.3,2010
2,Boston Celtics,10,8,2,49.5,35.8,78.5,45.6,4.9,14.9,32.9,19.3,24.4,79.1,9.2,29.8,39,19.3,16.6,6.4,4.3,3.2,20.5,22.2,95.8,-5.3,2010
2,New Orleans Hornets,9,8,1,48,33.7,78.3,43,6.3,20.6,30.8,17,22.2,76.5,9.8,30.3,40.1,18.9,15.1,5.7,3.7,5,21.6,22.4,90.7,-8,2010
2,San Antonio Spurs,9,8,1,48.6,39,84.8,46,6.3,15.2,41.6,16.8,21.9,76.6,10.3,28.9,39.2,20.3,15.9,7.8,5.9,6,21.6,20.2,101.1,-7.8,2010
6,Dallas Mavericks,9,7,2,48,34.8,82.3,42.2,6.3,17.9,35.4,16,21.9,73.1,12.3,29,41.3,20.9,14,8.9,2.8,5.3,19.9,18.2,91.9,-5.4,2010
6,Golden State Warriors,11,7,4,48,36.5,81.7,44.7,6,18.3,32.8,23.6,30.7,76.9,12.5,31.5,44.1,21.9,17.1,9.5,4.5,4.9,19,24.7,102.7,1.4,2010
6,Orlando Magic,10,7,3,48,33.9,78.3,43.3,6.1,16.2,37.7,16.9,21.5,78.6,8.4,29.3,37.7,18.1,15.1,6.7,3.9,5.2,24.8,18.8,90.8,-7.1,2010
6,Portland Trail Blazers,12,7,5,48.4,36.4,77.5,47,5.7,17.8,31.8,18.8,25.1,74.8,11.7,28.3,39.9,19,16.3,6.3,4.8,4.8,22,21.7,97.3,-1.6,2010
6,Utah Jazz,11,7,4,49.4,35.5,80.4,44.1,6.2,19.5,31.6,25,32.4,77.2,12.9,30.5,43.4,19.3,15.7,7.6,5.2,4.6,24.5,24.7,102.1,-0.5,2010
11,Chicago Bulls,9,6,3,48.6,36.1,81.7,44.2,6.7,17.9,37.3,20.6,26.8,76.8,11.3,28,39.3,20.1,17.2,9.4,5.3,7.1,22.1,21.7,99.4,-4.4,2010
11,Denver Nuggets,11,6,5,48,39,84.4,46.2,6.2,19.7,31.3,20.3,27.3,74.3,11.4,33.3,44.6,22,14.8,6.4,6.9,3.2,22.4,21.7,104.5,-1.4,2010
11,Miami Heat,10,6,4,48.5,34.9,80.8,43.2,6.2,17.8,34.8,17.3,24,72.1,11.1,29.8,40.9,19.8,15.1,6.6,2.6,5.5,23.7,21.1,93.3,-9.4,2010
11,Oklahoma City Thunder,10,6,4,48.5,40.3,83.7,48.1,6.2,14.5,42.8,19.2,25,76.8,11.6,28.5,40.1,23.1,14.4,6.7,4,5.5,21.9,21.6,106,3,2010
11,Phoenix Suns,10,6,4,49,41.7,88.5,47.1,6.6,18.9,34.9,16.6,23.1,71.9,15.3,31.5,46.8,22.2,16.5,8.6,3.3,4.3,22.5,20.9,106.6,-1.6,2010
16,Cleveland Cavaliers,10,5,5,48,37.2,80.7,46.1,6.7,17.7,37.9,18,23.3,77.3,10.7,31.7,42.4,23.3,14.1,6.7,5.5,2.6,21.8,19.4,99.1,2.7,2010
16,Milwaukee Bucks,11,5,6,48.5,33.2,76.2,43.6,6.6,18.6,35.6,19,23.8,79.8,9.1,32.3,41.4,18.8,16.4,7,5.5,3.9,24.4,21.2,92,-1.5,2010
18,Charlotte Bobcats,11,4,7,48,35.8,80.2,44.7,7.5,19.9,37.4,16.9,21.5,78.8,10.5,26.7,37.3,22.3,13.6,7.4,6.9,7.4,20.7,20.3,96,2.3,2010
18,Detroit Pistons,11,4,7,48.5,37.5,80.1,46.8,5.2,17.7,29.2,19.8,25.1,79,12,31.3,43.3,21.5,14.5,8.8,5.1,4,20.5,20.1,99.9,4.4,2010
18,Indiana Pacers,9,4,5,48,36.2,80.4,45,6.2,15.6,40,22,28.1,78.3,10.2,30.8,41,19.6,13.9,8.1,6.3,6.8,21,22.7,100.7,-0.6,2010
18,Memphis Grizzlies,12,4,8,49.3,38.5,82.6,46.6,8.7,22.2,39.1,19.4,26.2,74.2,13.3,33.2,46.4,22.3,19.7,9.1,5.8,4,21.9,22.7,105.1,3.7,2010
18,New Jersey Nets,10,4,6,48,34.5,77.2,44.7,6.8,19.5,34.9,19.9,28.2,70.6,10.4,30,40.4,20.9,11.6,5.8,3.4,4.6,19.1,23,95.7,2.4,2010
23,Houston Rockets,10,3,7,48.5,39.7,88.7,44.8,7,17.8,39.3,20,27.4,73,13.5,32.2,45.7,19.9,13.8,8.1,6.2,4.9,25,22.4,106.4,0.3,2010
23,Minnesota Timberwolves,12,3,9,48,39,84.1,46.4,7.2,19.3,37.1,24.5,31.5,77.8,10.9,33.5,44.4,24.7,14.9,8.9,7.3,5.6,22.9,25.8,109.7,9.7,2010
23,New York Knicks,11,3,8,48,39.9,84.5,47.3,5.7,15.5,37.1,21,29.1,72.2,11.2,33.5,44.7,22.6,16.5,7.4,3.9,8,23,24.2,106.5,3.3,2010
23,Sacramento Kings,9,3,6,48,39.4,80.7,48.9,6,15.2,39.4,20.3,27.6,73.8,10.8,30.6,41.3,18.9,14.1,5.4,4,4.6,22.4,23.6,105.2,5.4,2010
23,Washington Wizards,9,3,6,48.6,37.9,80.6,47,7,19.4,36,20.1,26.4,76.1,11.3,30.6,41.9,22.3,17.8,7.2,5.1,6.3,19.9,22.9,102.9,5.7,2010
28,Philadelphia 76ers,11,2,9,48.5,35.9,79.3,45.3,5.8,17.9,32.5,25.5,32,79.8,10.2,32.7,42.9,20.6,15.5,8.8,4.8,5.2,20.4,23.7,103.2,4,2010
28,Toronto Raptors,11,2,9,48,38.9,79.4,49,6.5,17,38,20.6,26.2,78.8,10.4,28.5,38.9,20.4,15.5,8.4,5.7,3.2,23.6,23.5,104.9,5,2010
30,Los Angeles Clippers,11,1,10,49.4,38.7,81.5,47.5,8.1,19.4,41.8,18.6,24.2,77.1,10.6,30,40.6,24.3,14.2,7.5,5.8,4.1,22.3,20.9,104.2,8.9,2010
1,Chicago Bulls,12,10,2,48,33.5,79.9,41.9,4.8,13.3,35.6,14.1,20.1,70.1,10.4,27.4,37.8,18.7,14.5,8.4,4.9,6.1,18,17.9,85.8,-10.2,2011
1,Oklahoma City Thunder,12,10,2,48,36.1,83.6,43.2,5.2,18,28.7,18.6,24.1,77.2,12.6,29.1,41.7,19.7,12.3,7.1,4.3,6.2,21.1,20.9,95.9,-4.1,2011
3,Los Angeles Lakers,12,8,4,48.4,34.7,83.3,41.6,5.3,17.7,30.2,15.1,21.3,70.7,10.3,28.4,38.8,20.3,11.8,9.3,3.8,5.4,21,20.2,89.8,-4.8,2011
3,Miami Heat,11,8,3,50.3,34.7,83.6,41.5,8.2,22.4,36.6,20.1,27.6,72.7,11.8,30.7,42.5,20.7,19.5,9.6,4.7,5.6,23.6,23,97.7,-8.6,2011
5,Atlanta Hawks,11,7,4,49.8,34.9,81.4,42.9,6.9,18.6,37.1,15.7,20.2,77.9,11.3,31,42.3,20.7,16.6,7.1,5.5,4.7,21,18.4,92.5,-5.7,2011
5,Denver Nuggets,11,7,4,48,38.1,83,45.9,7.2,21.1,34.1,14.2,18.5,76.8,10.1,29.6,39.7,21.9,18.2,8.1,5.8,4.9,22.5,17.7,97.5,-6.1,2011
5,Indiana Pacers,10,7,3,48.5,33.4,80.4,41.5,6.2,18.3,33.9,16.4,22.3,73.5,11.3,32.3,43.6,17.7,15.8,7.4,5.8,5.4,21.2,21.6,89.4,-3.2,2011
5,Orlando Magic,10,7,3,48,34.3,78.4,43.8,5.7,17,33.5,17.4,21.9,79.5,10,30.6,40.6,20.3,13,6.3,4,3.6,21.3,18.5,91.7,-4.7,2011
5,Philadelphia 76ers,10,7,3,48,33.1,84,39.4,3.9,14.9,26.2,15.4,20.7,74.4,12.6,31.6,44.2,17.7,15.5,7.5,4.2,5.7,19,18.2,85.5,-13.8,2011
5,Portland Trail Blazers,10,7,3,48,35.9,80,44.9,5.8,20.4,28.4,17.4,23.8,73.1,9.8,32,41.8,19.1,16.5,6.7,4.4,5,22.2,20.9,95,-5.1,2011
5,San Antonio Spurs,11,7,4,48.5,37.5,80.5,46.6,6.4,18.1,35.2,15.3,20.2,75.7,9.8,30.9,40.7,19.5,13.6,8.1,5.9,4.6,19.1,17.2,96.7,-4.2,2011
12,Dallas Mavericks,11,6,5,48,33.6,74.5,45.2,7.1,17.1,41.5,19.3,26,74.1,8.9,32.5,41.5,17.7,17.7,8.6,3.3,3.6,19.5,21.5,93.6,0.5,2011
12,New York Knicks,10,6,4,48,35.5,79.1,44.9,6.2,16.1,38.5,16.5,23.6,69.9,10.7,32.4,43.1,20,17.3,7.9,4.7,4.6,23.1,22.5,93.7,-1.6,2011
12,Utah Jazz,10,6,4,48.5,34.7,78.7,44.1,5,16,31.3,20.2,26.2,77.1,11.3,32,43.3,19.4,15.9,7.4,5.3,7.1,22,23.4,94.6,2.3,2011
15,Los Angeles Clippers,8,5,3,48.6,35.3,78.4,45,6.1,17.3,35.5,19.9,25.6,77.6,11.4,31.3,42.6,20.6,16.3,5.9,2.9,5.3,24.8,20.6,96.5,-2.3,2011
16,Boston Celtics,9,4,5,48,34.6,77.9,44.4,5,15,33.3,17.9,23.1,77.4,10.9,28.9,39.8,16.9,14.6,9,6,5.7,20.7,21.1,92,0.1,2011
16,Cleveland Cavaliers,9,4,5,48.6,36.8,82.1,44.8,6,18.7,32.1,16.4,21.6,76.3,10.3,31.2,41.6,21.2,15.2,7.2,5.9,6,21.7,21.4,96,0.1,2011
16,Phoenix Suns,9,4,5,48,35.3,82,43.1,4.8,17.7,27,16.9,23.1,73.1,13.7,32.2,45.9,21.6,14.9,7.8,3.6,4.6,20.9,20.2,92.3,-1.2,2011
16,Sacramento Kings,11,4,7,48,40.6,84,48.4,5,17.3,28.9,15.9,21.9,72.6,12.5,32.6,45.1,24.7,15.5,8.6,4.9,4.4,23.4,18.8,102.2,8.8,2011
16,Toronto Raptors,11,4,7,48,32,79.8,40.1,7.9,23.5,33.6,20.9,27.4,76.4,11.2,30.3,41.5,18.2,12.5,8.5,4.1,5.4,18,24,92.8,5,2011
21,Golden State Warriors,9,3,6,48.6,35.8,80,44.7,6.4,18.4,34.9,19.2,28.7,67.1,12.2,32.3,44.6,21.8,14.8,7.9,4.4,4.6,19.2,23.4,97.2,5,2011
21,Houston Rockets,10,3,7,48.5,39.7,84.1,47.2,4.5,15.4,29.2,15,20.5,73.2,10.7,31.1,41.8,20.2,12.7,5.7,5.4,4.7,15.5,21.3,98.9,4.7,2011
21,Memphis Grizzlies,9,3,6,48,34.3,79.1,43.4,7.3,20.8,35.3,19.1,26.3,72.6,12.6,31.8,44.3,18.3,16.9,8,6.4,4.8,19.9,20.4,95.1,4.1,2011
21,Milwaukee Bucks,9,3,6,48,35.2,78,45.2,5.1,17.7,28.9,19.4,27,72,11.8,33.2,45,22,17.8,7.8,5.9,4,20.2,21.3,95,1.8,2011
21,Minnesota Timberwolves,10,3,7,48,36.3,82.9,43.8,5.2,16.5,31.5,17.3,21.9,79,11.3,30.8,42.1,20.5,14.3,9.7,6.5,3.8,22.4,20.5,95.1,-0.3,2011
21,New Orleans Hornets,10,3,7,48,34,78.1,43.5,6.4,20.2,31.7,17,21.9,77.6,9.6,29.1,38.7,20.3,12.8,7.2,6.7,5.2,19.1,20.8,91.4,4.3,2011
27,Charlotte Bobcats,10,2,8,48.5,38.5,83.5,46.1,6.5,17.4,37.4,18.4,25,73.6,10.9,33.5,44.4,21.8,13.5,7.2,5.8,5.3,18.7,20.7,101.9,11,2011
27,Detroit Pistons,10,2,8,48,35.5,75,47.3,5.9,16.9,34.9,17.9,22.4,79.9,9.8,30.3,40.1,23.7,13.5,9.3,5.4,3,17.8,18.9,94.8,12,2011
27,New Jersey Nets,11,2,9,48,37.5,76.9,48.8,8.4,18.2,46,16.5,23.6,69.6,11.1,29.9,41,24.2,15.1,9,6.2,4.1,20.8,21.5,99.9,10.4,2011
30,Washington Wizards,10,1,9,48,35.7,81.1,44,6.9,19.6,35.2,15.5,21.8,71.1,13.8,35.2,49,22.7,17.5,6.7,5.2,8.3,18.9,20,93.8,10.2,2011
1,Memphis Grizzlies,9,8,1,48,34.9,79.9,43.7,6,16.9,35.5,16.3,22.9,71.4,11.3,28.9,40.2,20.1,16.2,7.6,6.7,5.7,21.6,21.3,92.1,-9,2012
1,Miami Heat,11,8,3,48,36.6,82.5,44.4,8.7,23.1,37.8,17.1,22.4,76.4,11.7,29.2,40.9,20.5,15,7.6,4.2,5.2,20.1,19.6,99.1,-4.5,2012
1,Oklahoma City Thunder,11,8,3,48,36,84.1,42.8,6.5,19.9,32.9,16.6,21.7,76.6,11.2,27.8,39,21.4,13.5,8.2,2.9,7.5,21.5,20.9,95.2,-6.5,2012
1,San Antonio Spurs,10,8,2,48,35.8,81.4,44,6.2,17.9,34.6,16.7,21.5,77.7,11.8,30.7,42.5,19.7,15.6,8.4,5.8,5.6,19.1,18.5,94.5,-5.4,2012
5,Los Angeles Clippers,9,7,2,48,33.9,79.6,42.6,6.9,19.8,34.8,18.6,26.7,69.6,12.8,26.7,39.4,21,18.2,8.7,4.7,7.3,21.1,24,93.2,-9.3,2012
5,New York Knicks,8,7,1,48,33.6,78.3,43,7.1,20.6,34.5,15.6,20,78.1,11,33.8,44.8,19.1,17.3,5.1,4.6,3.9,19.3,18,90,-10.5,2012
7,Boston Celtics,11,6,5,48.5,36.6,81,45.2,6.5,17.6,37.1,18.3,23.7,77,10.6,31.5,42.1,22.6,14.5,7.7,4.5,3.3,20.2,20,98.1,1.2,2012
7,Brooklyn Nets,8,6,2,48,36.4,80.4,45.3,5.6,16.4,34.4,14.1,19,74.3,11.9,28.1,40,20.6,13.8,7.3,4.3,5.9,23.1,17.5,92.5,-5,2012
7,Dallas Mavericks,11,6,5,48.5,36.9,85,43.4,5.8,19.4,30,19.6,27.8,70.6,14,30.9,44.9,20.1,13.2,9.5,4.5,5.7,20.2,22.5,99.3,-1.5,2012
7,Milwaukee Bucks,8,6,2,48,36.3,79,45.9,6.4,18,35.4,18.5,24.3,76.3,8.9,31.5,40.4,23.1,17.1,7.8,3.3,6.4,20.4,19.8,97.4,-3.6,2012
7,Philadelphia 76ers,10,6,4,48,34.3,79.1,43.4,7,20.1,34.8,14.5,19.3,75.1,10.4,33.9,44.3,21.9,16.3,7.4,5.5,5.5,17.6,17.7,90.1,1.2,2012
12,Chicago Bulls,10,5,5,48.5,36.2,82.2,44,5.8,17.5,33.1,16,20.2,79.2,10.9,28.9,39.8,20.2,15.3,7.8,5.3,5.2,22.4,18.6,94.2,-0.6,2012
12,Golden State Warriors,10,5,5,49,35.9,83.7,42.9,7.5,21.9,34.2,20.9,28,74.6,11.3,31.2,42.5,21.5,14.5,8.3,6.1,3.4,21.9,23.4,100.2,2.4,2012
12,Los Angeles Lakers,10,5,5,48,37.4,86.2,43.4,6.6,19.2,34.4,14.1,19.2,73.4,11.1,27,38.1,21.6,13.5,9.2,4.8,5.9,23.4,17.8,95.5,-5,2012
12,Minnesota Timberwolves,9,5,4,48,35.1,82.8,42.4,5.6,16.7,33.3,14.7,18.8,78.1,11.7,28.8,40.4,18.3,14.3,7,5.6,8,23.2,18.3,90.4,-1.3,2012
12,Portland Trail Blazers,10,5,5,49,38.7,78.8,49.1,5.9,17.4,33.9,18.5,24.1,76.8,9.5,32.6,42.1,21.5,16.6,8.9,4.3,4.5,21.5,19.9,101.8,1.4,2012
12,Utah Jazz,11,5,6,49.4,36.7,85.1,43.2,6.3,17,36.9,17.7,23.4,75.9,11.8,31.5,43.3,21.6,13.8,9.2,6,7.6,20.5,21.1,97.5,-0.3,2012
18,Atlanta Hawks,8,4,4,48,35.4,80.4,44,7,22,31.8,15.9,18.6,85.2,11.6,30.6,42.3,21.6,18,9.1,4.1,4.4,20,17.9,93.6,-0.8,2012
18,Charlotte Bobcats,8,4,4,48.6,35.9,82.9,43.3,8,22.9,35,19.4,28,69.2,14.3,32.6,46.9,23,16.4,6.9,8.1,7.8,20.4,21,99.1,3.3,2012
18,Denver Nuggets,10,4,6,49,37.8,86.4,43.8,8.5,22.4,37.9,16.7,21.6,77.3,11.7,29.4,41.1,24,13.5,8.9,7.4,6.9,19.6,19.5,100.8,2.2,2012
18,Houston Rockets,10,4,6,49,38.7,85.7,45.2,8,20.9,38.3,15.4,21.3,72.3,11.3,30.6,41.9,21.6,14.5,9,6.1,3.7,18.6,20.2,100.8,0.6,2012
18,Indiana Pacers,11,4,7,48.9,34.3,85,40.3,6,17.9,33.5,15.5,19.2,81,11.3,32.6,43.9,20.5,11.9,8.6,5.7,6.7,19.8,16.5,90.1,2,2012
18,Phoenix Suns,11,4,7,48.5,40,83.6,47.8,7.5,17.5,43.2,16.7,22.5,74.2,11.5,32.7,44.2,23.8,15.2,6.3,5.7,6.9,19.9,21.5,104.3,6,2012
24,New Orleans Hornets,8,3,5,48,37,83.4,44.4,8.4,23.9,35.1,13.9,19,73,11.9,29.3,41.1,22,13.5,7.3,6.6,6.1,19.3,18.3,96.3,3.1,2012
24,Orlando Magic,9,3,6,48,37.6,82.3,45.6,6.1,18.7,32.7,14.7,21.7,67.7,11.4,31.1,42.6,21,13.1,7.4,6.2,4.4,16.3,19.7,95.9,5.7,2012
24,Toronto Raptors,10,3,7,49.5,35.6,77.8,45.8,6.9,17.1,40.4,21.7,28.6,75.9,9.8,33.6,43.4,22.5,16.5,6.6,6.3,3.9,20.3,24.4,99.8,3.7,2012
27,Cleveland Cavaliers,10,2,8,48,39,77.5,50.3,7.2,20.6,35,17.5,22.8,76.8,8.7,31.7,40.4,26.4,17.4,8.2,8.9,2.1,20.2,21.2,102.7,7,2012
27,Detroit Pistons,11,2,9,48,36.3,81.1,44.7,6.6,19.3,34.4,19.1,24.6,77.5,12.3,30.7,43,19.6,14.7,8.6,5.1,5.5,20.6,20.1,98.3,4.4,2012
27,Sacramento Kings,10,2,8,49,35.5,79.2,44.8,6.2,19.3,32.1,22.8,28.5,80,12.2,33.2,45.4,21.4,16.3,7,7.4,4.6,17.4,24.3,100,8.8,2012
30,Washington Wizards,8,0,8,48.6,35.1,80,43.9,5,14.8,33.9,19.1,25.5,75,12.9,33.3,46.1,20.5,16,7.5,5.1,6.1,16.4,21.6,94.4,7.8,2012
1,Indiana Pacers,10,9,1,48,32.6,82,39.8,6.4,16.5,38.8,14.7,18.4,79.9,11.3,28.2,39.5,16.7,15.6,7.7,5.1,8.9,23.5,19,86.3,-9.4,2013
1,Portland Trail Blazers,11,9,2,48.5,38.9,86.5,45,4.7,16.5,28.6,17,22,77.3,11.8,29.6,41.5,17.5,12.3,8,2.9,4.4,20.7,19.6,99.5,-5.4,2013
1,San Antonio Spurs,10,9,1,48,35.3,84.1,42,6.9,19.2,35.9,11.8,16.4,72,9.5,33.4,42.9,19.3,15.7,6.1,4.7,4.2,17.7,18.1,89.3,-9.3,2013
4,Golden State Warriors,11,8,3,48,35.5,83.8,42.3,6.3,19.7,31.8,19.1,26.5,71.9,11.5,30.6,42.1,19.9,16.9,8.4,3.6,5.6,20.8,23.5,96.3,-8,2013
4,Houston Rockets,12,8,4,49.3,38.7,94.5,40.9,9.1,25.1,36.2,18.1,24.4,74.1,14.3,27.5,41.8,20.8,13.4,9,6.1,7.4,28.8,22.3,104.5,-4.3,2013
4,Miami Heat,11,8,3,48,35.5,77.9,45.6,9.2,24.4,37.7,17.4,22.3,78,10.3,28.1,38.4,21.3,18.3,8.2,2.9,4.8,23.2,20.6,97.6,-8.3,2013
7,Dallas Mavericks,11,7,4,48,37.3,81,46,7.5,21,35.5,20.7,28.2,73.5,10.8,32,42.8,22,17.9,10.4,3.8,4.7,19.7,20.9,102.7,-3,2013
7,Los Angeles Clippers,11,7,4,48,38.4,81.6,47,7.9,20.9,37.8,21.1,29.7,70.9,11.5,29.8,41.4,23.7,15.8,7.7,3.5,4.5,24.8,24.7,105.7,-3.5,2013
7,Minnesota Timberwolves,12,7,5,48.4,39.8,88.2,45.2,7.3,21.6,33.6,13.6,18.1,75.1,12,33.5,45.5,22.4,17.4,7.8,6.5,3.4,22.5,18.4,100.5,-7.3,2013
7,Oklahoma City Thunder,10,7,3,48.5,37,84.9,43.6,9.6,25.8,37.2,18.5,25.8,71.7,11.6,31.2,42.8,22.7,16.8,9.9,4.6,5.4,22.2,22.5,102.1,-2.1,2013
11,Atlanta Hawks,11,6,5,48,38.4,84.4,45.5,9.2,23.8,38.5,14.7,19.8,74.3,9.8,31.8,41.6,23.4,14.8,7.3,3.9,4.9,21.6,18.5,100.6,-2.5,2013
11,Chicago Bulls,9,6,3,48,33.1,83.1,39.8,7.3,19,38.6,15.4,21.4,72,12,29.7,41.7,20.2,15.3,8.7,7.2,5.4,21.4,20.6,89,-5,2013
11,Memphis Grizzlies,11,6,5,48.5,35.3,78.8,44.8,7.6,20.6,37,19,24.4,78,9.8,29.5,39.3,19.6,14.1,8.2,5.4,4,21,21.1,97.2,1.8,2013
14,Charlotte Bobcats,11,5,6,48,34.1,78.4,43.5,7.3,19.6,37,17.5,22.3,78.4,9.8,33.2,43,19.2,15.2,6.5,6.2,5.7,22.9,20.2,92.9,4.5,2013
14,Los Angeles Lakers,12,5,7,48,39.8,88.1,45.2,7.3,20.1,36.5,16.8,24.5,68.7,11.2,36,47.2,25.8,13.5,9.8,4.8,6,17.8,22.1,103.8,4.4,2013
14,Philadelphia 76ers,12,5,7,49.3,41.4,90.3,45.8,11.9,29.8,40.1,15.2,20.7,73.4,12,34.2,46.2,27.9,17,9.8,7.3,4.8,20.2,18.8,109.9,6.3,2013
14,Phoenix Suns,10,5,5,48.5,36.4,84,43.3,5.9,17.9,33,18.2,24.3,74.9,12.1,31.9,44,19.7,16.5,7.1,4.3,4.9,20.1,20.6,96.9,-2.4,2013
18,Boston Celtics,12,4,8,48,37,80.8,45.8,5.3,16.7,31.5,19.4,25.8,75.2,12.3,31.9,44.2,19.7,16.6,8.3,5.1,5.1,19.8,22.7,98.7,5.3,2013
18,Cleveland Cavaliers,11,4,7,49.4,36.6,83.5,43.9,7.9,22.4,35.4,18.4,23.1,79.5,10.3,33.7,44,24.3,16,8,5.9,5.2,18.8,20.7,99.5,7,2013
18,Denver Nuggets,10,4,6,48,39.3,88.6,44.4,8.2,21.3,38.5,18.8,25.3,74.3,12.9,32.8,45.7,22.1,14.2,7.7,6.5,6.1,23.9,22.7,105.6,1.2,2013
18,Detroit Pistons,10,4,6,48.5,37.8,78.2,48.3,7.9,21,37.6,18.5,22.7,81.5,10,31.3,41.3,23.3,17.5,8.4,4.6,4.8,21.8,20.7,102,2.5,2013
18,New Orleans Pelicans,10,4,6,48,35.7,76.1,46.9,7.9,20.8,38,19.5,26.9,72.5,9.4,32.1,41.5,20.1,17.3,7.5,6,7.8,20.4,23,98.8,-1.9,2013
18,Orlando Magic,10,4,6,48.5,38.2,87.5,43.7,5.6,17.5,32,17.7,22.6,78.3,11.3,31.1,42.4,22.9,14,8.4,6.7,4.6,19.4,21.4,99.7,-0.2,2013
18,Toronto Raptors,11,4,7,49.4,36.7,80.3,45.8,6.9,20.5,33.8,16.7,24.1,69.4,10.1,30.9,41,22.7,16.2,6.6,6.2,4.2,23.1,24.1,97.1,0.2,2013
25,Brooklyn Nets,10,3,7,49,37.4,81.6,45.8,7.6,19.5,39,20,26.7,74.9,11.3,33.3,44.6,21.8,15.4,7.6,3.8,4.5,22.1,24.6,102.4,5.3,2013
25,New York Knicks,10,3,7,48,34.7,74.5,46.6,7.2,21.7,33.2,22.3,27.4,81.4,9.7,33.1,42.8,18.9,16.8,6.4,4.5,4.5,18.2,22.6,98.9,5.4,2013
25,Sacramento Kings,10,3,7,48,36.8,78.6,46.8,7.8,20.9,37.3,17.1,22.6,75.7,9.8,33.9,43.7,24.5,15.5,6.1,5.7,3.3,20.8,22.7,98.5,4.1,2013
25,Washington Wizards,10,3,7,49.5,39.8,83.2,47.8,8.2,23.3,35.2,16.3,22.4,72.8,10.2,35.6,45.8,24.5,18.2,7.9,4.6,4.2,19.4,20.2,104.1,3.7,2013
29,Milwaukee Bucks,9,2,7,48,36.3,78.9,46.1,7,20.1,34.8,19,25.4,74.7,11.7,34.1,45.8,18.4,15.6,8,5.8,5.1,19.9,21.1,98.7,8.4,2013
30,Utah Jazz,12,1,11,48,36.8,79.4,46.4,6.7,17.8,37.4,19.8,25.4,77.7,11.3,32.8,44,19.3,15.6,8.8,4.8,4.6,22.3,22.3,100.1,11.5,2013
1,Houston Rockets,10,9,1,48,32.7,81.2,40.3,5.7,20.3,28.1,17.8,23.6,75.4,11.8,28.8,40.6,18.1,17.4,8.9,5.8,5.8,23.3,23.7,88.9,-9.4,2014
1,Memphis Grizzlies,10,9,1,48,34.9,80,43.6,7.1,19.6,36.2,14.4,19.7,73.1,11.7,31.6,43.3,17.2,16.9,6.7,4,3,21.4,20.2,91.3,-5.1,2014
3,Golden State Warriors,10,8,2,48,36,87,41.4,6.6,22.4,29.5,19.7,26.1,75.5,12.4,30,42.4,18.8,16.8,9.2,2.1,5.9,20.3,22.4,98.3,-10.3,2014
3,Toronto Raptors,10,8,2,48,35.9,77.7,46.2,7.9,22.2,35.6,16.7,25,66.8,10.9,31.8,42.7,23,18.1,6.2,5.3,4.9,25.7,22.1,96.4,-9.6,2014
5,Chicago Bulls,10,7,3,48.5,37.2,86.9,42.8,6,17.9,33.5,17.5,23.1,75.8,13.5,31.2,44.7,21.1,13.4,7.6,4.6,6.8,23.6,19.9,97.9,-4.3,2014
5,Dallas Mavericks,10,7,3,48,36.5,80,45.6,9.9,25.7,38.5,17.1,23,74.3,12.9,30.7,43.6,22.3,19.3,5.6,3.5,6,22.8,20.9,100,-9.5,2014
5,Portland Trail Blazers,10,7,3,48,35.2,84.4,41.7,5.2,17.2,30.2,20.6,24.9,82.7,11.5,31.3,42.8,17,11.9,7.2,3.9,5.9,20.9,21,96.2,-8.4,2014
5,Washington Wizards,9,7,2,48.6,35.3,80,44.2,8.1,21.3,38,17.7,22.9,77.2,10.4,32.3,42.8,17.7,17.4,5.8,3.8,4.6,23.9,22.8,96.4,-2.2,2014
9,Sacramento Kings,10,6,4,49,36.2,83.4,43.4,7.7,24.5,31.4,21.5,26.4,81.4,9.4,28,37.4,21.6,13.2,7,6.8,4.2,28.9,25.7,101.6,-1.2,2014
10,Atlanta Hawks,9,5,4,49.1,38.9,83.8,46.4,8.8,24.2,36.2,16.2,21.3,76,10.9,32,42.9,27.8,15.6,7.9,5.7,5.2,22.1,19.9,102.8,0.9,2014
10,Cleveland Cavaliers,8,5,3,48.6,40.4,83.4,48.4,8.3,23.4,35.3,15.1,19.1,79.1,10.4,30.1,40.5,26.6,14.8,6.1,5.8,3.5,22.5,17,104.1,-3.8,2014
10,Los Angeles Clippers,8,5,3,48,36.3,78.5,46.2,8,22.1,36.2,21.9,26.8,81.8,9.3,33.3,42.5,24,16.9,5.9,3.8,5.6,24.9,21.8,102.4,-0.8,2014
10,Miami Heat,10,5,5,48,35.5,77,46.1,7.6,23,33,18.5,25.6,72.3,9.8,30.9,40.7,20.1,15.4,7.9,5.1,3.4,21.2,21.2,97.1,-0.6,2014
10,Milwaukee Bucks,10,5,5,48.5,33.8,80.8,41.8,6.7,20.3,33,18.3,26.2,69.8,11.1,31.5,42.6,20.2,16.6,8.6,5.2,5.3,19.3,23.6,92.6,0.8,2014
10,New Orleans Pelicans,8,5,3,48,35.8,80.8,44.3,6,18.9,31.8,20.9,27.8,75.2,11.6,32.8,44.4,19.1,14.4,5,5.3,7.4,18.8,22.4,98.4,-7.3,2014
10,Phoenix Suns,10,5,5,49,36.8,81.3,45.3,7.8,20.3,38.4,23.6,29.3,80.5,9.8,34.9,44.7,19.4,16.1,7.3,5.1,4.6,22.3,24.4,105,1,2014
10,San Antonio Spurs,9,5,4,48,35.7,79.9,44.6,5.6,19.8,28.1,16.8,21.7,77.4,8.1,32.3,40.4,20.3,13.6,7.2,5.7,4.2,19.2,20.6,93.7,-0.8,2014
18,Brooklyn Nets,9,4,5,48,37.7,83.3,45.2,7.8,21.9,35.5,17.4,23.9,73,11.8,30.6,42.3,23.1,14.3,7,3.8,4.1,20,22.6,100.6,-1.4,2014
18,Charlotte Hornets,10,4,6,49.5,38.2,83.7,45.6,7.3,21.1,34.6,16,19.6,81.6,8.9,32.9,41.8,23.6,13.7,6.5,3.8,4,24.2,18.3,99.7,3.6,2014
18,Indiana Pacers,11,4,7,48.5,35.6,80.8,44.1,6.5,19.7,33.2,15.8,22.4,70.7,9.2,30.2,39.4,20.9,11.6,8.5,5,6.3,21.6,20.6,93.6,1.7,2014
18,Orlando Magic,11,4,7,48.5,37.4,83.5,44.7,5.5,17.8,30.6,18.9,25.2,75.1,10.5,32.4,42.9,20.9,12.8,7.7,6.6,4.1,20.6,23.4,99.1,3,2014
18,Utah Jazz,11,4,7,48,39.3,83.2,47.2,8,20.8,38.4,16.3,20.4,79.9,10.5,28.9,39.5,18.6,11.5,7.6,4.2,5,19.9,19,102.8,5.3,2014
23,Boston Celtics,8,3,5,48,40.3,84,47.9,8.9,22.3,39.9,19,24.5,77.6,9.1,29.5,38.6,21.4,13.1,5.5,5.5,4,18.4,22.4,108.4,1.8,2014
23,Detroit Pistons,10,3,7,48.5,36.6,84,43.6,6.3,19.7,32,17.3,23.2,74.6,11.3,34,45.3,21.4,11.2,6.8,5.2,4.7,20.7,21.3,96.8,3.8,2014
23,New York Knicks,11,3,8,48,33.7,75.1,44.9,9.4,22.3,42,21.3,27.6,77,10.1,30.8,40.9,20.6,14.3,6.9,3.5,3.5,18.8,24.9,98.1,4.2,2014
23,Oklahoma City Thunder,11,3,8,48.5,35,83,42.2,8.1,26.8,30.2,15.9,21.8,72.9,12.2,30.3,42.5,20.5,12.5,7.2,5,5.1,21.5,22.5,94,4.5,2014
27,Denver Nuggets,9,2,7,48,38.8,83.7,46.3,8.2,22,37.4,22.4,30.2,74.3,10,34.4,44.4,21.8,13.9,6.4,5.8,5,22.4,25.9,108.2,7.2,2014
27,Minnesota Timberwolves,9,2,7,48.6,43.1,84.4,51.1,8.2,19.7,41.8,15.6,20.4,76.1,9.1,31.4,40.6,22.8,14.9,6.7,5.7,3.9,24.4,21.7,110,9.4,2014
29,Los Angeles Lakers,10,1,9,48,39.7,80.5,49.3,9.6,23,41.7,23.1,29.6,78,10.4,33,43.4,25.1,14.6,6.3,4,4.1,24.5,23.6,112.1,10.5,2014
30,Philadelphia 76ers,9,0,9,48,37.7,80.8,46.6,9.4,26,36.3,21.2,28.6,74.3,11.4,34.7,46.1,24.2,19.3,11.2,7,5.9,21.2,23.3,106,16,2014
1,Golden State Warriors,11,11,0,48.5,36.8,88,41.8,5.3,19.3,27.4,18.9,24.5,77.3,11.6,32.3,43.9,20.8,16.8,8.3,4.4,6.4,20.8,22.1,97.8,-16.3,2015
2,Atlanta Hawks,12,8,4,48,38.4,86.3,44.5,9.3,27.2,34,14.3,17.6,81,12.1,33,45.1,23.7,17.7,8.4,5.7,4.9,18.9,17.3,100.3,-2.4,2015
2,Cleveland Cavaliers,10,8,2,49,36.2,84.7,42.7,7.1,21,33.8,16.1,21,76.7,9.9,32.2,42.1,19.8,13.6,7,5.3,4.3,22.5,20,95.6,-7.2,2015
2,San Antonio Spurs,10,8,2,48,35.3,83.9,42.1,6.7,20.1,33.3,13.3,18.3,72.7,8.7,30.8,39.5,19.9,14,7.6,3.5,6,18.2,17.1,90.6,-10.8,2015
5,Chicago Bulls,10,7,3,49,38.1,93.4,40.8,7.7,22,35,15.1,21.9,68.9,12.9,37.1,50,21.6,12.7,6.7,6.2,6.7,18.4,20.3,99,-1.9,2015
5,Dallas Mavericks,11,7,4,48,36.5,85.6,42.6,8.5,27.6,30.6,18.1,24.6,73.4,10.1,37.2,47.3,19.5,14.6,7.4,5.5,3.3,24.7,21.2,99.5,-1.4,2015
5,Toronto Raptors,11,7,4,48,34.9,82.5,42.3,8.5,23.5,35.9,18.8,23.7,79.3,9.9,30.5,40.5,21.9,14.9,7.9,5.6,4.2,24.5,21,97.1,-4.9,2015
8,Boston Celtics,10,6,4,48,34.5,81.7,42.2,7.4,22.6,32.7,19.5,26.1,74.7,11.2,33.3,44.5,19.9,19.8,9.4,4.6,5.1,21.8,22.7,95.9,-6.6,2015
8,Indiana Pacers,11,6,5,48,36.2,82.5,43.9,6.9,21.3,32.5,16.8,23.4,72,11,33.8,44.8,19.6,16.4,8.3,4.2,4.5,21.8,19.9,96.1,-0.3,2015
8,LA Clippers,10,6,4,48,38.6,87.4,44.2,8.3,25,33.2,18.7,25.4,73.6,11.9,35,46.9,21.4,14.5,7.9,2.7,5.7,25.9,20.9,104.2,-0.9,2015
8,Memphis Grizzlies,12,6,6,48,36.8,77.9,47.3,9.3,23.5,39.7,19.2,25.7,74.7,9.8,34.2,43.9,22,16.9,6.8,5.8,4,22.3,22.1,102.2,6.4,2015
8,Miami Heat,9,6,3,48,33.7,82.3,40.9,6.2,21.2,29.3,16.7,21.7,76.9,9.6,32.7,42.2,19.3,14.2,7,4.6,7.3,19.9,19.1,90.2,-6.3,2015
8,Oklahoma City Thunder,11,6,5,48.9,38.5,89.3,43.1,7.7,21.1,36.6,21.1,27.1,77.9,10.9,29.5,40.4,20,14,10.3,5.7,7.7,21.2,23.2,105.7,-5.1,2015
8,Phoenix Suns,10,6,4,48,38.1,84.8,44.9,8.2,24.8,33.1,15.8,23.5,67.2,8.8,34.1,42.9,18.9,15.3,8.4,4.4,3.5,22.4,20.4,100.2,-5.6,2015
15,Charlotte Hornets,10,5,5,48,38,83.6,45.5,7.8,22.9,34.1,15.4,19.3,79.8,8.4,37.2,45.6,23.8,14,6.7,4,5.3,20.2,17,99.2,-2.2,2015
15,Denver Nuggets,10,5,5,48,37.2,83.9,44.3,9.7,26.2,37,18.9,25.1,75.3,10.7,34.1,44.8,23.2,16.3,8.2,5.6,5.8,22.5,20.2,103,4.7,2015
15,Detroit Pistons,10,5,5,48.5,37,81.6,45.3,7.7,21.4,36,15.5,20.7,74.9,8.7,34.4,43.1,21,16.7,8,4.2,3.2,22.4,19.4,97.2,0.6,2015
15,Milwaukee Bucks,10,5,5,49,36.9,83,44.5,8,24.1,33.2,19.6,25.3,77.5,14,30.8,44.8,22.2,16.7,7.8,5.6,5.1,20.7,22.8,101.4,3.7,2015
15,New York Knicks,11,5,6,48,35.5,83,42.7,6.5,21.3,30.8,21.1,28,75.3,10.5,32.8,43.3,19.6,13.5,7.3,4.1,5.1,19.3,23.4,98.5,0,2015
15,Orlando Magic,11,5,6,49.4,36.5,86.5,42.3,9,28.2,31.9,19.1,26.2,72.9,11.9,34.4,46.3,22.7,15.9,8.3,6.7,6.1,18.5,22.2,101.2,0.3,2015
15,Utah Jazz,10,5,5,48,31.8,75,42.4,7.2,20.1,35.8,21,28.8,72.9,9.7,31.6,41.3,16.8,17.1,6.6,6.3,6.4,19.8,23.6,91.8,-3.7,2015
22,Houston Rockets,11,4,7,48.5,41.7,88.6,47.1,8.8,24.5,36.1,16.3,22.4,72.8,12.3,35.1,47.4,25.2,15.7,9.7,6.1,5.7,21.5,21.7,108.5,7.7,2015
22,Minnesota Timberwolves,10,4,6,48.5,38.6,85.3,45.3,9.6,27.2,35.3,17.7,22.3,79.4,8.7,31.8,40.5,21.1,15.1,7.2,5.5,3.9,21.7,22.2,104.5,1.4,2015
22,Portland Trail Blazers,12,4,8,48,38.7,85.4,45.3,7.3,22.8,32.1,18.3,25,73,10.4,32.3,42.8,20.5,11.8,8.7,5.6,4.5,18.3,22.4,102.9,2.5,2015
22,Sacramento Kings,11,4,7,48,40.5,85.2,47.5,9,26.8,33.6,18,24.2,74.4,9.8,33.5,43.4,23.4,17.4,9.1,5.4,3.5,21,21.3,107.9,4.1,2015
22,Washington Wizards,8,4,4,48,40.8,88.9,45.9,9,24.4,36.9,18.5,22.9,80.9,10.3,35.6,45.9,25.3,16,9,3.6,5.3,23.1,21.9,109,6,2015
27,Los Angeles Lakers,11,2,9,48,39.5,89.8,43.9,7.6,24.5,31.1,19,24.6,77.1,12.7,36,48.7,23.1,11.9,6.6,5.1,5.7,20.5,22.2,105.5,6.2,2015
28,Brooklyn Nets,10,1,9,48.5,38.6,84.2,45.8,9.5,25.6,37.1,16.9,21.5,78.6,9.6,33.7,43.3,24.2,14.5,9,6,5,18.6,19.6,103.6,8.9,2015
28,New Orleans Pelicans,10,1,9,48,40.7,85.8,47.4,9.1,24,37.9,18.9,22.8,82.9,9.1,36.9,46,23.4,13.7,7.5,4.6,4.5,20.2,22,109.4,9.2,2015
30,Philadelphia 76ers,11,0,11,48,38.4,86.7,44.2,7.5,20.8,35.8,19.3,23.2,83.1,11.2,36,47.2,24,13.5,8.5,6.8,6.3,19.5,20.6,103.5,12.8,2015
1,LA Clippers,11,10,1,48,33.7,82.5,40.9,7.6,22.5,33.9,17.1,22.3,76.7,10.1,33.7,43.8,19,16.9,6.3,3.2,5.1,25.5,19.9,92.2,-16.6,2016
2,Cleveland Cavaliers,10,9,1,48,39.5,89.3,44.2,10.1,28.7,35.2,14.4,19.6,73.5,11.3,32.7,44,21.1,13.6,6.5,4.8,4.9,22.7,19.1,103.5,-7.1,2016
3,Atlanta Hawks,10,8,2,48,37,86.6,42.7,8.5,26,32.7,15.5,20,77.5,10.4,30.1,40.5,20.5,18,11.1,4.9,5.1,23.2,17.7,98,-9.9,2016
3,Golden State Warriors,10,8,2,48,40.5,90.6,44.7,9.1,27.4,33.2,18.1,24.2,74.8,12.8,31.7,44.5,24.1,15,9.5,3.8,5.6,20.8,19.1,108.2,-8.2,2016
3,San Antonio Spurs,11,8,3,48,35.6,81.4,43.8,8.5,26.5,31.8,16.4,21.6,75.6,8,33.1,41.1,20.3,13.3,7.3,5,6,20.1,18.7,96.1,-5.1,2016
6,Charlotte Hornets,10,7,3,48,37.7,87.9,42.9,10.5,31.7,33.1,13.9,18.4,75.5,9.6,36.6,46.2,22.5,14,5.8,4.9,5.1,21.7,18,99.8,-5.7,2016
6,Chicago Bulls,11,7,4,48,39.1,87.6,44.6,9,25.2,35.7,12.5,17.1,72.9,10.6,31.2,41.8,24.3,13,7.6,5.5,4.6,20.5,17.1,99.6,-7.2,2016
6,Los Angeles Lakers,12,7,5,48,40.3,86.8,46.5,8.6,27,31.8,19.2,25.5,75.2,10.3,31.8,42,23.3,15.2,9.7,4.2,4.1,19.3,22.1,108.4,-1.6,2016
6,Portland Trail Blazers,12,7,5,49.3,39.6,89.9,44,7.9,24.6,32.2,24.2,30.3,79.7,12.8,37.3,50.2,18.4,13.3,8.7,4.4,4.8,21,23.5,111.3,4.3,2016
6,Toronto Raptors,10,7,3,48,36.8,82.9,44.4,9.1,26.1,34.9,18.7,24.8,75.4,11.5,32.8,44.3,19.7,15.1,5.4,4.5,4.6,19.9,22.6,101.4,-5.1,2016
6,Utah Jazz,12,7,5,48,34.9,79.6,43.9,7.6,21.7,35,16.4,20.8,78.8,8.3,32.5,40.8,17.8,12.8,6.6,4.4,5.2,20.5,20.5,93.8,-3.7,2016
12,Detroit Pistons,11,6,5,48,36.3,85.2,42.6,7.8,23.1,33.9,15.8,19.9,79.5,10.5,35.3,45.8,20.2,13.5,7.5,4.2,4.5,17.9,16.9,96.2,-2.1,2016
12,Houston Rockets,10,6,4,48,38.4,85.2,45.1,9,25.7,35,19,23.7,80.2,10,29.8,39.8,20.1,13.7,10.2,5.1,4.8,18.5,21.8,104.8,-3,2016
12,Oklahoma City Thunder,11,6,5,48.5,38.9,86.9,44.8,7.8,24.1,32.5,17.1,23.9,71.5,9.5,32.5,42,20.1,14.4,8.6,6.7,4.9,19.9,21.8,102.7,-0.4,2016
15,Boston Celtics,10,5,5,48,38.1,86.8,43.9,9.5,27,35.2,22.4,28.3,79.2,12.9,34.3,47.2,21.6,15,7.5,6,4.9,20.9,23.2,108.1,0.2,2016
15,Indiana Pacers,11,5,6,49.4,39.5,86.9,45.4,10.1,29.5,34.2,19.1,23.7,80.5,11,35.5,46.5,23.1,16.5,8,5.4,6.5,20,20.9,108.1,1.5,2016
15,Memphis Grizzlies,10,5,5,49,35.7,77.4,46.1,8.7,24.8,35.1,21.8,28.4,76.8,7.7,32.9,40.6,20.8,15.3,8.3,4.8,4.9,23.7,25.5,101.9,4.4,2016
15,Milwaukee Bucks,9,5,4,48.6,36.7,84.8,43.3,8.4,27.4,30.8,20.2,24.3,83.1,10.4,32.8,43.2,23.1,14.7,9.9,5,5.2,20.2,21.9,102,-1.9,2016
19,Brooklyn Nets,11,4,7,48,41.5,91.9,45.1,9.9,27.6,35.9,18.1,23.2,78,11.6,36.5,48.1,25.3,14.7,10.7,5.2,4.5,20.4,20.9,110.9,4.5,2016
19,New York Knicks,10,4,6,48,37.9,85.3,44.4,9.5,27,35.2,21.2,27.4,77.4,12.1,32.5,44.6,20.5,14,8.7,4.8,5.5,19.8,22.4,106.5,5.5,2016
19,Orlando Magic,11,4,7,48,40.5,87.8,46.1,7.5,22.5,33.2,14.3,19.2,74.4,11.5,35.7,47.2,22.1,11.4,6.8,5.6,5.2,19.2,17.5,102.6,10,2016
19,Sacramento Kings,11,4,7,48.9,37.2,80.5,46.2,9,26.3,34.3,20.3,27.9,72.6,10,32.1,42.1,23.1,14,7.9,5.9,3.6,22.6,22.5,103.6,3.8,2016
23,Denver Nuggets,10,3,7,48.5,41.5,90,46.1,7.4,23.5,31.5,17.8,22.5,79.1,9.7,31,40.7,24.9,12.3,10.1,5.9,4.5,23.6,20.3,108.2,4.1,2016
23,Minnesota Timberwolves,10,3,7,48,38.2,79.5,48.1,8.7,24.1,36.1,21,27.5,76.4,8.3,31,39.3,20.7,15.5,7.8,5.6,4.7,22.1,22.4,106.1,-1.8,2016
23,Phoenix Suns,11,3,8,49.4,40.6,88.3,46,10.2,26.9,37.8,24.2,30.9,78.2,8.8,37.4,46.2,23.3,16,7.5,6.3,3.2,22.4,26.4,115.6,7.3,2016
26,Dallas Mavericks,9,2,7,49.1,36.7,79.2,46.3,11.3,27.9,40.6,16.7,22.7,73.5,8,36.6,44.6,21.2,17.1,6.9,3.3,3.9,21.1,19.3,101.3,6.4,2016
26,Miami Heat,10,2,8,48.5,36.1,85.3,42.3,6.9,20.2,34.2,18.4,22.5,81.8,11.2,35.6,46.8,18.2,14.2,6.8,4.9,6.2,17.7,21,97.5,3.1,2016
26,New Orleans Pelicans,11,2,9,48.9,40.6,89.6,45.3,10.1,28,36,17.7,21.5,82.3,9.9,38.5,48.5,25.1,14.5,8.3,4,6.2,21.4,20.1,109.1,7.4,2016
26,Washington Wizards,9,2,7,48.6,37.8,84.1,44.9,10.8,27.9,38.6,17.8,24.8,71.7,10,33,43,22.4,14.3,9,4.8,5,20.8,21.6,104.1,4.2,2016
30,Philadelphia 76ers,10,1,9,49,42.2,89.1,47.4,9.9,26.8,36.9,14.6,20.4,71.6,10.3,36.4,46.7,24.6,13.6,9.2,6,5.9,18.4,20.7,108.9,13.3,2016
1,Boston Celtics,11,9,2,48,35.8,83.5,42.9,8.3,25.4,32.6,14.5,19.1,76.2,8.5,33.1,41.5,20.6,14.9,6.4,4.5,3.8,20.7,20.4,94.5,-9.1,2017
2,Golden State Warriors,11,8,3,48,39.8,90.5,44,10.5,29.6,35.6,18.3,23.9,76.4,11.9,30.5,42.4,23.8,16.3,8.9,4.4,8.8,17.6,21.4,108.5,-10.1,2017
2,Houston Rockets,11,8,3,48,38.3,84.5,45.3,11.1,28.9,38.4,15.6,19.8,78.9,7.4,34,41.4,22.5,15.1,7.6,4.5,4.9,20.1,20.9,103.3,-6.6,2017
4,Detroit Pistons,10,7,3,48,37.4,80,46.8,9.8,26.3,37.3,16.6,21,79,8.3,33.8,42.1,23.4,17.4,6.8,4.5,2.7,19,19.1,101.2,-3.6,2017
4,Minnesota Timberwolves,10,7,3,48.5,43.3,87.7,49.4,9.5,27.1,35.1,13.7,18.4,74.5,10,30.7,40.7,23.9,15.6,8.6,5.3,4.2,22.8,18.9,109.8,0.4,2017
6,Memphis Grizzlies,10,6,4,48,34.5,81.7,42.2,9.6,29.8,32.2,19.5,24.6,79.3,10.6,34.4,45,20.1,16.4,6,5.7,5.3,23.7,22.8,98.1,-3.7,2017
6,Orlando Magic,10,6,4,48,40.3,90.2,44.7,8.7,27.9,31.2,17,22.3,76.2,11.2,35.7,46.9,23.5,16.3,8.2,4.7,4.9,18.9,21.1,106.3,-2.7,2017
6,Portland Trail Blazers,10,6,4,48.5,36.4,83.2,43.8,8.1,25.1,32.3,20,27.4,73,7.9,32.8,40.7,16.2,13.4,7.8,6.6,6.3,21.2,22.3,100.9,-6.3,2017
6,San Antonio Spurs,10,6,4,48,37.8,82,46.1,9.7,26.1,37.2,14.7,20.4,72.1,8.2,34.9,43.1,21.3,15.3,8.2,4.8,6.7,20.8,16.9,100,0.1,2017
10,Charlotte Hornets,10,5,5,48,38.8,90.8,42.7,11.2,32.5,34.5,16.3,20,81.5,9.3,36.2,45.5,23.1,12.9,7.6,4.3,4.3,23.8,19.2,105.1,1,2017
10,Denver Nuggets,10,5,5,48,39.2,85.1,46.1,12.2,31.1,39.2,15.7,20.2,77.7,10.1,33,43.1,23.9,16,8.2,4.8,4,21.7,19.2,106.3,0.3,2017
10,Indiana Pacers,10,5,5,48,42.7,89.5,47.7,9.6,26.6,36.1,14.1,19.6,71.9,10.5,33.5,44,23.5,15.8,7.6,6.3,4,20,19.9,109.1,-1.2,2017
10,LA Clippers,9,5,4,48,37,84.9,43.6,10.3,28.8,35.9,17.7,23.1,76.4,10.4,32.1,42.6,21.8,15,8.3,5.9,4.3,23.3,21,102,-5.6,2017
10,Los Angeles Lakers,10,5,5,48.5,40.8,90.7,45,10.1,31,32.6,15.6,21,74.3,9.7,35.5,45.2,22,15.6,9.4,5,5.5,20.4,21.7,107.3,0.8,2017
10,New Orleans Pelicans,10,5,5,48.5,39,87.5,44.6,10.7,30.9,34.6,16.9,22.5,75.1,10.4,35.7,46.1,22.5,16.9,8.1,5.2,5.2,21.7,21.7,105.6,0.4,2017
10,New York Knicks,9,5,4,48,36.6,84.6,43.2,12.6,34.4,36.5,19.2,24.2,79.4,10.1,30.3,40.4,21.4,14.1,8,4,5,22,21.8,104.9,0.2,2017
10,Philadelphia 76ers,9,5,4,48,38.3,86.4,44.3,10.6,33.6,31.5,21.3,28.1,75.9,9.7,34.1,43.8,20.2,15.3,7.7,6.1,4.3,21.2,25,108.6,0.9,2017
10,Toronto Raptors,9,5,4,48,37.9,83.3,45.5,9,25.4,35.4,18,24.2,74.3,9.7,32.7,42.3,21,17,7.2,5.6,5.9,21.6,23.1,102.8,-5,2017
10,Utah Jazz,10,5,5,48.5,37.3,81.7,45.7,10.7,27.9,38.4,14.8,19.4,76.3,9.6,33.8,43.4,18.9,17.7,9.1,4.4,6.3,20.4,20.3,100.1,0.8,2017
10,Washington Wizards,9,5,4,48.6,40.9,86,47.5,9.1,27.3,33.3,18.3,23,79.7,10,33.2,43.2,22.7,17.4,7.8,5.1,4.8,24.8,22,109.2,-3.6,2017
21,Brooklyn Nets,10,4,6,48,42.4,91.7,46.2,9.9,26.7,37.1,21.9,27.4,79.9,10.8,39.4,50.2,22,15.5,7.7,5.8,4.1,24.2,23,116.6,3.9,2017
21,Cleveland Cavaliers,10,4,6,48,42.2,88.5,47.7,13.4,32.1,41.7,15.6,20.6,75.7,9.6,32.9,42.5,26.9,13.6,7.8,3.7,4.4,22.4,19.8,113.4,4.9,2017
21,Miami Heat,10,4,6,48.5,37.7,85.3,44.2,8.5,23.4,36.3,20,25.7,77.8,11,34.7,45.7,18,14.7,9.8,5.2,5.5,19,22.3,103.9,2.7,2017
21,Milwaukee Bucks,9,4,5,48,37.9,81,46.8,10.9,27.3,39.8,20.3,26.1,77.9,8.3,33.8,42.1,21.9,15.1,7.8,3.6,4.1,18.3,23,107,3.1,2017
21,Oklahoma City Thunder,9,4,5,48,34.4,80.4,42.8,9.2,27.2,33.9,19,24.4,77.7,10.3,32.2,42.6,20.6,18.6,7.9,4,6,19.7,22,97.1,-7.2,2017
21,Phoenix Suns,11,4,7,48,42,90.4,46.5,10,26.4,37.9,20.8,27.7,75.1,10.2,36.5,46.7,21.5,13.9,8.6,4.9,5.5,25.1,24.3,114.8,10,2017
27,Atlanta Hawks,11,2,9,48,40.1,87.9,45.6,11.8,34.3,34.5,18.5,24.5,75.8,11.3,36.6,47.9,26,15.6,8.1,4.5,4.2,20.8,21.8,110.5,7.5,2017
27,Chicago Bulls,8,2,6,48.6,36.9,85.5,43.1,10.6,29.8,35.7,13.9,17.4,79.9,8.5,37.8,46.3,24.5,12.6,9,3.6,4,15.8,17.5,98.3,6.4,2017
29,Dallas Mavericks,11,1,10,48,39.6,82.5,48,11.7,31.2,37.6,16.8,21.3,79.1,9.6,37.6,47.3,23.2,15.6,9.3,5.1,3.4,20.7,19,107.8,9.9,2017
29,Sacramento Kings,9,1,8,48,37.9,81.9,46.3,12.8,33.1,38.6,17.2,22.6,76.4,11.6,35,46.6,24,15.9,7.8,4,3.3,18.7,20,105.8,12,2017
1,Golden State Warriors,11,10,1,48,39.6,90.2,44,12.2,37.6,32.4,18.3,25.2,72.6,10,30.1,40.1,23.8,13.6,8.2,3.4,5.9,20.5,23,109.7,-13.7,2018
1,Toronto Raptors,11,10,1,48,39.1,91.2,42.9,11.4,31.6,35.9,18.5,25.1,73.6,12.2,32.8,45,23.7,15.5,6.5,4.7,6,20.6,23.5,108,-9.4,2018
3,Denver Nuggets,10,9,1,48.5,38.4,84.7,45.3,9.6,29.4,32.7,16,21.9,73.1,9,32,41,23.6,15.7,8,5.9,5.2,23.5,21,102.4,-9.4,2018
4,Milwaukee Bucks,10,8,2,48,40.1,96.4,41.6,12.7,38.4,33.1,14.4,20,72,10.7,34.6,45.3,22.8,12.5,7.1,5.3,6.1,21.4,21.5,107.3,-12.7,2018
4,Portland Trail Blazers,11,8,3,48.5,40.2,94.2,42.7,10.6,31.8,33.4,16.4,22.6,72.3,12.5,32.5,44.9,22.6,12.3,6.8,5.9,4.6,21.8,21.7,107.4,-9.9,2018
6,Indiana Pacers,11,7,4,48,37,84.6,43.7,12,33.1,36.3,16.3,19.5,83.6,10,32,42,22.3,15.7,6.6,5.8,5.3,20.1,19.2,102.3,-4.4,2018
7,Boston Celtics,10,6,4,48,37.6,89.1,42.2,9.5,32.1,29.6,16.6,23.4,70.9,10.1,38.1,48.2,21.3,13.8,6.3,3.2,5.4,20.8,22.5,101.3,-2.9,2018
7,Charlotte Hornets,11,6,5,48,39.6,87,45.6,10.6,32,33.2,17.6,22.5,78.2,9.5,33.8,43.4,22.7,15.5,7.6,6.8,6.5,21.5,20.5,107.5,-7.9,2018
7,LA Clippers,10,6,4,48,39.8,92.1,43.2,8.7,26.6,32.7,21.5,28.2,76.2,11.2,32.8,44,21.5,12.5,8.6,6.2,5.7,25.3,24.8,109.8,-6.4,2018
7,Philadelphia 76ers,11,6,5,48.5,41.7,95.5,43.7,10.4,32.3,32.1,19.1,24.5,77.8,10,35.6,45.6,23.3,13.3,7.3,5.6,5.6,24.2,23.6,112.9,1.3,2018
7,Sacramento Kings,10,6,4,48,43.2,92.2,46.9,12.7,37.5,33.9,20.2,27.5,73.5,11.2,37.4,48.6,25.4,16.9,8.3,6.3,4.8,23.8,22.7,119.3,0.6,2018
7,San Antonio Spurs,9,6,3,49.1,42.9,89.3,48,11,29.6,37.2,14.7,20.1,72.9,8.8,35.8,44.6,24.1,14.2,6.9,4.3,4,23,19.3,111.4,-2,2018
13,Brooklyn Nets,11,5,6,48.5,39.5,88.3,44.8,9.3,26.5,34.9,20.3,25.5,79.6,12.5,34,46.5,19.6,14.5,7.4,4.9,4.6,20.5,23,108.6,-0.7,2018
13,Memphis Grizzlies,9,5,4,48,36.7,78.3,46.8,11.3,29.6,38.3,17.4,24.2,72,9.1,35.1,44.2,24.4,18,5.8,4.8,3.7,24,22.7,102.1,-1.6,2018
13,Oklahoma City Thunder,9,5,4,48,39.6,86.2,45.9,9.2,28.1,32.8,23,28.3,81.2,10.3,34.7,45,23.9,19.2,7.2,4.4,5.7,26.3,25.4,111.3,-1.9,2018
16,Detroit Pistons,9,4,5,49.7,40.6,88.2,46,10,30.9,32.4,21.9,28.9,75.8,7.9,37.4,45.3,25,14.2,7.2,4.8,4,25.3,25.8,113,2.9,2018
16,Houston Rockets,9,4,5,48,40,83.9,47.7,9.1,26.6,34.3,21,25.8,81.5,8.4,36.3,44.8,21.7,15.3,7.7,4.9,6.6,20.4,23.1,110.1,4.8,2018
16,Los Angeles Lakers,10,4,6,48.5,45,94.6,47.6,10.6,30.5,34.8,19.4,24.7,78.5,12.7,35.5,48.2,24.6,16.1,7.9,5.7,6.4,21.8,23,120,1.1,2018
16,Miami Heat,9,4,5,48.6,41,90.9,45.1,11.4,31.1,36.8,19.1,26.7,71.7,10.8,33.7,44.4,23.4,13.8,7.3,7.6,6.9,25.7,23.3,112.6,-0.8,2018
16,Minnesota Timberwolves,11,4,7,48,44.1,92.7,47.5,12.1,32.5,37.2,17.5,22.9,76.2,14.2,36.2,50.4,25.3,15.4,6.1,5.7,6.5,22.5,20.8,117.7,7.1,2018
16,New Orleans Pelicans,10,4,6,48,44.2,91.9,48.1,12.3,31.7,38.8,20,25.8,77.5,9.4,34.3,43.7,26.9,14.1,8.3,4.8,5.4,23.7,24.8,120.7,2.1,2018
16,Orlando Magic,10,4,6,48,41.3,88.1,46.9,11.6,30.7,37.8,16.3,20.6,79.1,10.2,38.9,49.1,23.9,14.5,6,4.4,5.7,20.3,19.8,110.5,8.7,2018
16,Utah Jazz,10,4,6,48,42,86.9,48.3,10.2,28,36.4,16,22.1,72.4,8.4,32.8,41.2,21.9,14.1,8.6,3.8,5.3,25.7,22.1,110.2,0.3,2018
24,Atlanta Hawks,10,3,7,48,43.4,91.7,47.3,12.9,33.7,38.3,19.8,26.7,74.2,10.9,37.3,48.2,27.4,17.6,9.6,5,6.2,23.2,23.5,119.5,9.6,2018
24,Chicago Bulls,11,3,8,49.4,41.5,92.5,44.8,12.6,35.9,35.2,19.5,23.4,83.3,12.5,36,48.5,24.5,13.8,8.2,6.6,5.5,19.5,21.4,115,7,2018
24,Dallas Mavericks,10,3,7,48.5,42,85.3,49.2,11.9,27.5,43.3,19.2,24.1,79.7,7.7,33.3,41,25.5,15.3,9.5,4.4,4.8,25,21.8,115.1,3.5,2018
24,New York Knicks,11,3,8,48.9,40.4,85.3,47.3,10.8,30.5,35.4,18.6,24.6,75.6,10.6,34.8,45.5,22.1,16.3,7.5,6.3,3.5,21.4,22.5,110.2,3.3,2018
28,Phoenix Suns,10,2,8,48,42.9,85.7,50.1,9.1,28.6,31.8,18.9,25,75.6,8.3,34.2,42.5,27.1,12.7,11.2,4.8,2.8,21.6,24,113.8,13.2,2018
28,Washington Wizards,10,2,8,48.5,43.6,91.8,47.5,12.6,32.3,39,20.7,26.2,79,12.9,38.3,51.2,27.1,17.6,7.6,5.1,7,23.2,23.7,120.5,10.3,2018
30,Cleveland Cavaliers,10,1,9,48,44,86.1,51.1,12.2,30.5,40,16.1,21,76.7,9.3,32.3,41.6,25.1,15,7.7,5.7,1.8,20.3,21.7,116.3,10.8,2018
1,Boston Celtics,9,8,1,48,36.6,87.7,41.7,11.6,34.6,33.4,19.3,25.9,74.7,12,38.4,50.4,21.4,16.1,4.4,5.9,6.7,24.1,22.8,104,-9.4,2019
1,Los Angeles Lakers,10,8,2,48.5,36.7,86.7,42.3,10.4,32.7,31.8,17.8,22.9,77.7,9.4,35.1,44.5,22.6,17,7.8,3.7,7.5,20.8,21.2,101.6,-8.3,2019
1,Utah Jazz,11,8,3,48,36.2,86.1,42,9.1,29.6,30.7,18.1,23.7,76.2,9.4,33.5,42.9,18,15.1,7.2,4.5,3.7,23.9,22.9,99.5,-5,2019
4,Denver Nuggets,10,7,3,49,37.3,86.5,43.1,10.4,32.6,31.9,17.8,24.7,72.1,10.9,35.8,46.7,24.7,15.3,7.1,5.7,5.1,22.5,22,102.8,-2.3,2019
4,Houston Rockets,10,7,3,48,43.5,94.1,46.2,13.8,37.5,36.8,17.6,23.1,76.2,10.9,37.3,48.2,26.3,16,9.3,4.9,5.7,23.1,22.4,118.4,-1.9,2019
4,Indiana Pacers,11,7,4,48.5,37.7,85.7,44,11.1,30.5,36.3,17.5,23.4,74.7,10,33.6,43.6,23.4,16.7,6.3,4.5,5.5,19.5,23,104,-5.5,2019
4,LA Clippers,10,7,3,48,38.1,87.8,43.4,12.7,35.1,36.2,18,23.8,75.6,9.6,33.9,43.5,21.8,15.9,7,5.2,5.5,25.7,23.8,106.9,-5,2019
4,Miami Heat,10,7,3,48.5,37.6,86.1,43.7,11,38,28.9,19.5,27.1,72,9.4,32.7,42.1,24.9,18.5,8.3,4.9,5.5,24.2,23.8,105.7,-6,2019
4,Milwaukee Bucks,10,7,3,48.5,39,93.4,41.8,14.6,39.7,36.8,19.2,25.4,75.6,9.3,38.5,47.8,23.4,15.4,6.2,3.7,6.1,23.3,23.1,111.8,-8.1,2019
4,Philadelphia 76ers,10,7,3,48,38.4,83.2,46.2,10,26.7,37.5,18.5,26.5,69.8,7.4,32.4,39.8,20.2,16.5,9.1,4.3,6.1,21.7,24.3,105.3,-4.4,2019
4,Toronto Raptors,10,7,3,48.5,38.7,95.4,40.6,12.8,37.6,34,16.5,21.8,75.7,13.7,37,50.7,25.1,15.8,7.1,6,5.4,22,22.6,106.7,-5.8,2019
12,Dallas Mavericks,10,6,4,48.5,42.3,91.1,46.4,12,33.9,35.4,15.7,21.3,73.7,10.6,35.4,46,24.1,13.3,8.1,4.6,4.4,24.2,20.3,112.3,-3,2019
12,Minnesota Timberwolves,10,6,4,49.5,42.8,92.9,46.1,12.6,31.6,39.9,18.2,24.8,73.4,10.8,36.9,47.7,24.2,18.9,8.5,6,6.4,24.7,21.8,116.4,0.4,2019
12,Phoenix Suns,10,6,4,48.5,39.7,86.2,46.1,10.1,29.1,34.7,20.9,27.7,75.5,8.3,35.4,43.7,23.6,17.6,7.3,5.3,4.1,25.5,25.1,110.4,-6.2,2019
15,San Antonio Spurs,10,5,5,48,42.7,90.2,47.3,10.6,29.1,36.4,16.7,21.7,77,7.6,35.4,43,24.3,12.9,7.8,5.3,5.5,22,19.8,112.7,0.5,2019
16,Atlanta Hawks,10,4,6,48.5,39.2,88.6,44.2,11.5,35.1,32.8,20.2,25.9,78,11.8,32.7,44.5,22.6,15.8,9.3,7.6,5.3,21.6,22.2,110.1,3.6,2019
16,Brooklyn Nets,10,4,6,49,44.4,96.3,46.1,12.4,33.2,37.3,20.2,25.7,78.6,9.3,34.4,43.7,22.2,13,9.6,5.6,5.4,23,23.8,121.4,2.2,2019
16,Charlotte Hornets,10,4,6,48.5,43.6,89.1,48.9,11.3,33,34.2,14.7,18.9,77.8,10.4,35.6,46,26.7,17.6,9.6,5.9,3.6,22.5,20.4,113.2,7.4,2019
16,Chicago Bulls,11,4,7,48,39.3,85.5,46,11.5,32.9,35.1,19.2,26,73.8,11.7,37.8,49.5,23.7,19.4,7.6,6.7,4.2,22,22.4,109.3,2.5,2019
16,Cleveland Cavaliers,10,4,6,48,41.6,90.1,46.2,11.1,33.3,33.3,12.7,17.2,73.8,10.3,36,46.3,24.8,14.5,7.6,6.8,3.7,22.2,18,107,0.9,2019
16,Detroit Pistons,12,4,8,48,42.5,87.2,48.8,10.8,28.4,37.8,16.8,21.4,78.2,9,31.6,40.6,26.9,15.1,8.4,4,5.4,21.9,21.2,112.5,3.6,2019
16,Oklahoma City Thunder,11,4,7,48,40,89.7,44.6,8.8,29.5,29.9,17.2,20.9,82.2,10.5,36,46.5,21.4,15.4,7.5,5.2,4.6,22.7,20.5,106,0.7,2019
16,Portland Trail Blazers,11,4,7,48.5,39.8,91.1,43.7,10.9,32.7,33.3,23.4,29.4,79.6,11.6,36.9,48.5,23.2,14.8,8,6,6,21.9,24.6,113.9,1.2,2019
16,Sacramento Kings,10,4,6,48,41.1,83.8,49,11.6,31.4,36.9,16.5,21.8,75.7,8,33.2,41.2,23.3,15.8,8.3,4.8,5,20.4,22.8,110.3,4.7,2019
25,Memphis Grizzlies,10,3,7,48.5,42.4,92.2,46,12.5,36,34.7,21.7,27.4,79.2,10,36.8,46.8,24.4,15.4,8.4,6.1,6,20.6,23.8,119,9.9,2019
25,Orlando Magic,10,3,7,48,36.7,85.2,43.1,10.4,32.2,32.3,15.5,20.5,75.6,8.6,37.5,46.1,21.4,14.3,6.4,4.4,7.2,19,19.2,99.3,1.2,2019
27,Golden State Warriors,11,2,9,48.5,44.7,91.6,48.8,14,36.1,38.8,17.7,23.5,75.3,11.5,35.2,46.6,26.7,15.4,7.5,5.2,3.5,20.5,20.1,121.2,9.5,2019
27,New Orleans Pelicans,10,2,8,48.5,43.5,93.1,46.7,13.6,38.3,35.5,21.8,27.5,79.3,11.1,36.7,47.8,25.6,17.3,8.4,4.4,5,22.2,25.2,122.4,5.4,2019
27,New York Knicks,11,2,9,48,38.7,83.5,46.4,12.4,34,36.4,20.5,26.3,77.9,9.3,36.9,46.2,23,15.5,7.9,4.3,4.5,21.5,23.9,110.3,10.8,2019
27,Washington Wizards,8,2,6,48,42.9,91.3,47,12.1,33,36.7,19.6,25,78.5,12.3,34.9,47.1,25.1,16.3,7.5,6.3,5,21,23.3,117.5,4.1,2019
1,Los Angeles Lakers,11,8,3,48,40.3,90.7,44.4,11.7,33.8,34.7,13.9,18,77.3,9.1,32.4,41.5,24,13.2,8.6,4.6,6.2,20.1,18.8,106.2,-8.3,2020
2,Boston Celtics,10,7,3,48,40.4,86.4,46.8,12.1,32.8,36.9,18.3,23,79.6,8.7,32.5,41.2,23.1,15.1,7.8,5.5,6.6,19.7,21.4,111.2,-1.8,2020
2,LA Clippers,11,7,4,48,39.5,83.5,47.3,13.6,36.5,37.4,18.1,22.5,80.6,8.7,32.4,41.1,23.8,14.9,7.1,2.8,5,18.2,21.9,110.8,-1,2020
2,Milwaukee Bucks,11,7,4,48,40.7,91.2,44.7,13.5,36.8,36.8,15.3,19.5,78.5,9.7,32.9,42.6,22.5,14.9,6.7,5.2,4.8,18.6,19.5,110.3,-11.6,2020
2,Philadelphia 76ers,11,7,4,48,39.2,91.1,43,12.7,34.3,37.1,17.7,22.8,77.7,10.9,34.2,45.1,25.9,14.8,8.8,4.9,7.2,20.5,20.1,108.8,-2.5,2020
2,Phoenix Suns,11,7,4,48.5,39.1,84.5,46.2,10.9,30.1,36.3,17.6,24.5,72.1,9.4,35.1,44.5,21.5,13.3,6.1,3.5,4.5,19.9,21.2,106.7,-3.7,2020
7,Charlotte Hornets,11,6,5,48,39.4,87,45.2,12.6,38.3,33,16.2,22.5,71.8,11.4,36.5,47.8,28,16.6,8.3,4.9,5.5,19.9,19.5,107.5,-0.9,2020
7,Golden State Warriors,10,6,4,48,40.1,90,44.6,14.7,37.1,39.6,21.7,28,77.5,11.3,37.9,49.2,21.8,16.5,7.2,5.2,6.1,22.4,23.5,116.6,2.9,2020
7,Indiana Pacers,10,6,4,48.5,40.8,86,47.4,11.8,29.2,40.4,18.2,23.6,77.1,8.9,34.9,43.8,24.2,15.8,7.1,6.1,5.4,19,22.6,111.6,-4.1,2020
7,Orlando Magic,11,6,5,48,42.3,88.2,47.9,12.4,33.9,36.5,13.4,18.4,72.8,8.7,36.9,45.6,24.8,14.8,7.6,5.6,3,19.5,17.2,110.3,4.2,2020
7,Portland Trail Blazers,10,6,4,48.5,40.8,88.4,46.2,13.5,37.8,35.7,20.3,25.6,79.3,9.2,38.4,47.6,24.2,14.4,6.1,5.4,4.3,20.9,20.5,115.4,-1.9,2020
7,Utah Jazz,10,6,4,48,41,91.8,44.7,12.1,32.7,37,14.5,18.6,78,9.5,33.4,42.9,22.5,11.1,8.4,5.3,5.5,19.2,17.6,108.6,-0.9,2020
13,Atlanta Hawks,10,5,5,48,39.5,89.4,44.2,10.8,35.2,30.7,19.7,23.9,82.4,10.2,34.5,44.7,22.7,12.4,7.7,5.6,3.5,20.6,21.1,109.5,-4.4,2020
13,Brooklyn Nets,11,5,6,48.5,41.8,95.3,43.9,12,33.8,35.5,17.4,22.6,76.7,11.8,35.5,47.4,25,14.3,8.2,4.1,5.8,21.5,19.5,113,-5.5,2020
13,Cleveland Cavaliers,11,5,6,48.9,38.2,84.7,45.1,12.7,33.5,38,13.7,19.2,71.6,10.8,35.1,45.9,25.1,19.1,9.5,4.8,4.8,18.5,19.5,102.8,2.8,2020
13,Dallas Mavericks,9,5,4,48.6,37.4,84,44.6,11.2,35.7,31.5,19.6,25.1,77.9,9.1,35.4,44.6,21.3,15.8,7.7,3.3,4,22.9,21.8,105.7,-4.3,2020
13,Denver Nuggets,10,5,5,49,41.1,87.2,47.1,12.8,33.7,38,17.8,23,77.4,10.6,30.4,41,26.4,15.4,7.5,4.2,4.3,22.7,20.8,112.8,-3.7,2020
13,New York Knicks,11,5,6,48,39,87.2,44.7,12,37.5,32,15.5,21,73.6,10.1,34.7,44.8,22.5,12.5,7.1,6.4,4.8,19.7,20.5,105.5,5.4,2020
13,Oklahoma City Thunder,9,5,4,48,42.2,91.7,46.1,10.6,31.2,33.8,13.9,19.8,70.2,10.2,38.7,48.9,24.7,12.6,8.6,3.3,5.2,19.2,18.4,108.9,4,2020
13,Sacramento Kings,11,5,6,48.5,45.7,92.4,49.5,14.3,37.7,37.8,15.4,18.9,81.3,8.6,35.4,44,27.7,13.5,7.8,5.5,5.6,21.7,20.5,121.1,7.4,2020
13,San Antonio Spurs,10,5,5,48.5,43.3,90.6,47.8,12.8,31.3,40.9,13.7,19.1,71.7,9.6,40.8,50.4,25.3,13.8,5.6,6.3,5.1,19.4,17.8,113.1,2,2020
22,Chicago Bulls,11,4,7,48,42.6,88.8,48,14.8,37.8,39.2,21,27.1,77.5,9.5,33,42.5,26.1,14.6,9.6,4.5,3.6,22.3,21.5,121.1,5,2020
22,Memphis Grizzlies,10,4,6,48.5,40.1,87.9,45.6,12.1,32.6,37.1,15.7,20,78.5,9.6,36,45.6,24.7,16.3,9.5,6.1,5.2,17.1,17.9,108,2.6,2020
22,Miami Heat,8,4,4,48,38.9,89.4,43.5,14.6,39.4,37.1,17.3,22.6,76.2,10.1,34,44.1,23,14.4,10.3,3.4,3.6,21.6,20.6,109.6,1.1,2020
22,New Orleans Pelicans,9,4,5,48.6,38.3,86.1,44.5,15.9,43.9,36.2,14,17.6,79.7,7.7,32.9,40.6,27,15.2,8.3,5,3.9,22.4,17.3,106.6,-0.6,2020
26,Houston Rockets,8,3,5,48.6,41.8,90.8,46,12,32.1,37.4,17.3,23.3,74.2,10.8,35.4,46.1,22.8,15.3,8.3,5.4,7,21,20.5,112.8,0,2020
26,Minnesota Timberwolves,10,3,7,48.5,44.2,91,48.6,12.9,34.1,37.8,17.5,23.2,75.4,9.6,36.2,45.8,26.7,14.4,6.8,5.3,4.9,19.5,20.9,118.8,10,2020
26,Washington Wizards,11,3,8,48,42.9,87.5,49.1,12.2,32.3,37.7,23.3,29.5,78.8,8.5,37.6,46.2,25,15.8,7.4,4.4,3.5,22.3,24.6,121.3,0.8,2020
29,Detroit Pistons,10,2,8,49.5,42.6,86.3,49.4,14.2,37.4,38,16,22.5,71.1,9.1,38.7,47.8,26.8,17.2,7.2,6,4.5,21.4,19.7,115.4,6.6,2020
29,Toronto Raptors,10,2,8,48,39.1,85.9,45.5,13.6,37.2,36.6,20.7,26.6,77.8,9.7,36.9,46.6,26.7,16.4,6.6,6.6,6,19.3,23.3,112.5,1.4,2020